사고번호,사고일시,요일,시군구,사고내용,사망자수,중상자수,경상자수,부상신고자수,사고유형,법규위반,노면상태,기상상태,도로형태,가해운전자 차종,가해운전자 성별,가해운전자 연령,가해운전자 상해정도,피해운전자 차종,피해운전자 성별,피해운전자 연령,피해운전자 상해정도
2023011400100063,2023년 1월 14일 06시,토요일,대전광역시 유성구 방동,중상사고,0,1,0,0,차대차 - 측면충돌,안전운전불이행,서리/결빙,맑음,단일로 - 기타,승용,남,53세,상해없음,승용,남,54세,중상
2023011400100123,2023년 1월 14일 10시,토요일,대전광역시 서구 도마동,중상사고,0,1,0,0,차대차 - 측면충돌,안전운전불이행,젖음/습기,비,단일로 - 기타,화물,남,64세,상해없음,승용,여,59세,중상
2023011400100124,2023년 1월 14일 10시,토요일,대전광역시 대덕구 석봉동,경상사고,0,0,1,0,차대차 - 측면충돌,신호위반,젖음/습기,흐림,교차로 - 교차로안,승용,여,62세,상해없음,승용,남,53세,경상
2023011400100182,2023년 1월 14일 12시,토요일,대전광역시 중구 용두동,경상사고,0,0,1,0,차대사람 - 기타,안전운전불이행,젖음/습기,비,교차로 - 교차로부근,승용,남,24세,상해없음,보행자,남,53세,경상
2023011400100232,2023년 1월 14일 14시,토요일,대전광역시 중구 오류동,경상사고,0,0,2,0,차대차 - 기타,안전운전불이행,건조,맑음,단일로 - 기타,승용,남,47세,상해없음,승용,남,33세,경상
2023011400100234,2023년 1월 14일 14시,토요일,대전광역시 유성구 지족동,경상사고,0,0,2,0,차대차 - 기타,신호위반,건조,맑음,교차로 - 교차로안,승용,여,57세,상해없음,승용,남,39세,경상
2023011400100258,2023년 1월 14일 15시,토요일,대전광역시 동구 소제동,경상사고,0,0,2,0,차대차 - 측면충돌,안전운전불이행,젖음/습기,비,교차로 - 교차로안,화물,남,52세,상해없음,승용,남,49세,경상
2023011400100285,2023년 1월 14일 16시,토요일,대전광역시 동구 자양동,부상신고사고,0,0,0,1,차대사람 - 보도통행중,안전운전불이행,젖음/습기,비,교차로 - 교차로횡단보도내,승용,남,68세,상해없음,보행자,여,21세,부상신고
2023011400100318,2023년 1월 14일 17시,토요일,대전광역시 동구 대동,중상사고,0,1,2,0,차대차 - 측면충돌,안전거리미확보,젖음/습기,비,교차로 - 교차로안,승합,남,61세,경상,승용,남,61세,중상
2023011400100319,2023년 1월 14일 17시,토요일,대전광역시 서구 월평동,경상사고,0,0,1,0,차대차 - 기타,안전운전불이행,젖음/습기,비,교차로 - 교차로안,승용,여,51세,상해없음,승용,남,31세,경상
2023011400100320,2023년 1월 14일 17시,토요일,대전광역시 유성구 장대동,경상사고,0,0,4,0,차대차 - 측면충돌,안전운전불이행,젖음/습기,흐림,단일로 - 기타,승용,남,39세,상해없음,승용,여,32세,경상
2023011400100321,2023년 1월 14일 17시,토요일,대전광역시 유성구 봉명동,경상사고,0,0,1,0,차대차 - 기타,안전운전불이행,젖음/습기,비,단일로 - 기타,승용,남,61세,상해없음,승용,여,35세,상해없음
2023011400100377,2023년 1월 14일 18시,토요일,대전광역시 서구 둔산동,중상사고,0,1,0,0,차대사람 - 기타,안전운전불이행,젖음/습기,비,교차로 - 교차로부근,승용,남,63세,기타불명,보행자,여,57세,중상
2023011400100378,2023년 1월 14일 18시,토요일,대전광역시 서구 월평동,경상사고,0,0,2,0,차대차 - 측면충돌,신호위반,젖음/습기,비,교차로 - 교차로안,화물,남,70세,기타불명,승용,남,47세,경상
2023011400100413,2023년 1월 14일 19시,토요일,대전광역시 서구 관저동,중상사고,0,1,0,0,차대차 - 추돌,신호위반,젖음/습기,비,교차로 - 교차로안,승용,남,73세,상해없음,승용,남,31세,중상
2023011400100439,2023년 1월 14일 20시,토요일,대전광역시 서구 둔산동,경상사고,0,0,1,0,차대사람 - 횡단중,보행자보호의무위반,젖음/습기,비,기타 - 기타,승용,남,51세,상해없음,보행자,여,60세,경상
2023011400100440,2023년 1월 14일 20시,토요일,대전광역시 서구 탄방동,경상사고,0,0,1,0,차대차 - 기타,안전운전불이행,젖음/습기,비,단일로 - 기타,승용,남,47세,상해없음,이륜,남,26세,경상
2023011400100441,2023년 1월 14일 20시,토요일,대전광역시 서구 갈마동,경상사고,0,0,2,0,차대차 - 측면충돌,안전운전불이행,젖음/습기,흐림,교차로 - 교차로안,승용,남,59세,상해없음,승합,남,48세,상해없음
2023011400100469,2023년 1월 14일 21시,토요일,대전광역시 동구 용전동,중상사고,0,1,0,0,차대차 - 후진중충돌,안전운전불이행,젖음/습기,흐림,교차로 - 교차로부근,승용,남,59세,상해없음,승용,여,53세,중상
2023011400100470,2023년 1월 14일 21시,토요일,대전광역시 대덕구 중리동,경상사고,0,0,1,0,차대사람 - 차도통행중,안전운전불이행,건조,맑음,단일로 - 기타,승용,남,64세,상해없음,보행자,남,57세,경상
2023011400100487,2023년 1월 14일 22시,토요일,대전광역시 서구 갈마동,경상사고,0,0,2,0,차대사람 - 기타,안전운전불이행,건조,맑음,단일로 - 기타,승합,기타불명,미분류,기타불명,보행자,남,29세,경상
2023011500100015,2023년 1월 15일 00시,일요일,대전광역시 중구 태평동,중상사고,0,1,0,0,차대차 - 측면충돌,기타,젖음/습기,흐림,교차로 - 교차로부근,승용,남,60세,상해없음,이륜,남,28세,중상
2023011500100044,2023년 1월 15일 03시,일요일,대전광역시 유성구 장대동,경상사고,0,0,2,0,차대차 - 기타,안전운전불이행,젖음/습기,흐림,교차로 - 교차로부근,승용,남,28세,상해없음,승용,남,55세,경상
2023011500100070,2023년 1월 15일 07시,일요일,대전광역시 동구 판암동,경상사고,0,0,1,0,차대차 - 기타,안전운전불이행,젖음/습기,흐림,교차로 - 교차로횡단보도내,승용,남,40세,상해없음,자전거,여,65세,경상
2023011500100126,2023년 1월 15일 11시,일요일,대전광역시 서구 도마동,경상사고,0,0,3,0,차대차 - 기타,직진우회전진행방해,건조,맑음,교차로 - 교차로안,승용,여,48세,상해없음,승용,남,64세,경상
2023011500100169,2023년 1월 15일 13시,일요일,대전광역시 서구 내동,경상사고,0,0,1,0,차대차 - 측면충돌,신호위반,건조,맑음,단일로 - 기타,승용,남,62세,상해없음,이륜,남,32세,경상
2023011500100183,2023년 1월 15일 14시,일요일,대전광역시 중구 용두동,중상사고,0,1,0,0,차대차 - 기타,신호위반,젖음/습기,비,교차로 - 교차로안,승용,남,29세,상해없음,이륜,남,47세,중상
2023011500100197,2023년 1월 15일 15시,일요일,대전광역시 대덕구 읍내동,경상사고,0,0,3,0,차대차 - 측면충돌,신호위반,건조,맑음,단일로 - 기타,승용,여,66세,경상,승용,여,36세,경상
2023011500100299,2023년 1월 15일 19시,일요일,대전광역시 서구 갈마동,경상사고,0,0,1,0,차대사람 - 기타,안전운전불이행,건조,맑음,기타 - 기타,승용,남,64세,상해없음,보행자,여,27세,경상
2023011500100325,2023년 1월 15일 20시,일요일,대전광역시 동구 용전동,경상사고,0,0,2,0,차대차 - 기타,안전운전불이행,건조,맑음,단일로 - 기타,승용,남,28세,상해없음,승용,여,48세,경상
2023011500100346,2023년 1월 15일 21시,일요일,대전광역시 동구 원동,경상사고,0,0,2,0,차대차 - 측면충돌,안전운전불이행,건조,맑음,단일로 - 기타,승용,남,61세,경상,승용,남,55세,경상
2023011600100051,2023년 1월 16일 06시,월요일,대전광역시 동구 중동,경상사고,0,0,2,0,차대차 - 측면충돌,신호위반,건조,맑음,교차로 - 교차로안,승용,여,59세,상해없음,승용,남,31세,경상
2023011600100052,2023년 1월 16일 06시,월요일,대전광역시 유성구 관평동,경상사고,0,0,1,0,차대차 - 기타,안전운전불이행,건조,맑음,교차로 - 교차로부근,승용,남,35세,상해없음,화물,남,28세,경상
2023011600100111,2023년 1월 16일 08시,월요일,대전광역시 중구 선화동,경상사고,0,0,1,0,차대차 - 추돌,안전거리미확보,건조,맑음,단일로 - 기타,승용,여,56세,상해없음,승합,남,47세,경상
2023011600100112,2023년 1월 16일 08시,월요일,대전광역시 서구 둔산동,경상사고,0,0,1,0,차량단독 - 기타,안전운전불이행,건조,맑음,교차로 - 교차로부근,승용,여,49세,상해없음,,,,
2023011600100200,2023년 1월 16일 11시,월요일,대전광역시 서구 관저동,경상사고,0,0,2,0,차대차 - 기타,안전운전불이행,건조,맑음,단일로 - 기타,승용,남,70세,상해없음,승용,여,34세,경상
2023011600100228,2023년 1월 16일 12시,월요일,대전광역시 동구 가오동,경상사고,0,0,1,0,차대차 - 정면충돌,안전운전불이행,건조,맑음,교차로 - 교차로안,승용,여,30세,상해없음,이륜,여,34세,경상
2023011600100229,2023년 1월 16일 12시,월요일,대전광역시 서구 갈마동,중상사고,0,1,0,0,차대사람 - 기타,보행자보호의무위반,건조,맑음,교차로 - 교차로횡단보도내,승용,남,33세,상해없음,보행자,여,73세,중상
2023011600100251,2023년 1월 16일 13시,월요일,대전광역시 동구 정동,중상사고,0,1,1,0,차대사람 - 횡단중,신호위반,건조,맑음,교차로 - 교차로횡단보도내,승용,남,63세,상해없음,보행자,남,47세,중상
2023011600100252,2023년 1월 16일 13시,월요일,대전광역시 서구 도안동,경상사고,0,0,1,0,차대차 - 기타,신호위반,건조,맑음,단일로 - 기타,승용,여,60세,상해없음,승용,여,34세,경상
2023011600100284,2023년 1월 16일 14시,월요일,대전광역시 대덕구 법동,경상사고,0,0,2,0,차대차 - 기타,안전운전불이행,건조,맑음,교차로 - 교차로안,승용,남,19세,상해없음,승용,여,51세,경상
2023011600100322,2023년 1월 16일 15시,월요일,대전광역시 서구 가장동,경상사고,0,0,1,0,차대차 - 추돌,불법유턴,건조,맑음,단일로 - 기타,승용,남,84세,상해없음,승용,남,41세,경상
2023011600100365,2023년 1월 16일 16시,월요일,대전광역시 동구 용전동,경상사고,0,0,1,0,차대차 - 추돌,안전운전불이행,건조,맑음,단일로 - 기타,승용,남,33세,기타불명,화물,남,60세,경상
2023011600100448,2023년 1월 16일 18시,월요일,대전광역시 중구 태평동,중상사고,0,1,0,0,차대사람 - 기타,안전운전불이행,건조,맑음,기타 - 기타,자전거,남,66세,기타불명,보행자,여,17세,중상
2023011600100449,2023년 1월 16일 18시,월요일,대전광역시 유성구 봉명동,경상사고,0,0,1,0,차대사람 - 보도통행중,안전운전불이행,건조,맑음,기타 - 기타,개인형이동수단(PM),남,28세,상해없음,보행자,남,30세,경상
2023011600100526,2023년 1월 16일 21시,월요일,대전광역시 유성구 봉명동,경상사고,0,0,2,0,차대차 - 측면충돌,안전운전불이행,건조,맑음,단일로 - 기타,승합,여,29세,상해없음,승용,남,65세,경상
2023011600100541,2023년 1월 16일 22시,월요일,대전광역시 서구 둔산동,경상사고,0,0,1,0,차대차 - 추돌,안전운전불이행,건조,맑음,교차로 - 교차로부근,승용,여,66세,기타불명,승용,여,29세,경상
2023011600100542,2023년 1월 16일 22시,월요일,대전광역시 유성구 구암동,경상사고,0,0,2,0,차대차 - 추돌,안전운전불이행,건조,맑음,교차로 - 교차로부근,승용,남,59세,기타불명,승용,남,33세,경상
2023011700100022,2023년 1월 17일 03시,화요일,대전광역시 서구 둔산동,경상사고,0,0,1,0,차대차 - 기타,안전운전불이행,건조,맑음,교차로 - 교차로안,승용,남,21세,상해없음,승용,남,41세,경상
2023011700100032,2023년 1월 17일 05시,화요일,대전광역시 서구 둔산동,중상사고,0,1,0,0,차대차 - 정면충돌,중앙선침범,건조,맑음,단일로 - 기타,승용,남,43세,상해없음,승용,남,42세,중상
2023011700100040,2023년 1월 17일 06시,화요일,대전광역시 동구 가양동,경상사고,0,0,1,0,차대차 - 측면충돌,신호위반,건조,맑음,교차로 - 교차로안,승합,남,44세,상해없음,승용,남,52세,경상
2023011700100056,2023년 1월 17일 07시,화요일,대전광역시 서구 월평동,경상사고,0,0,3,0,차대차 - 기타,안전운전불이행,건조,맑음,교차로 - 교차로안,승용,여,58세,상해없음,승용,여,59세,경상
2023011700100057,2023년 1월 17일 07시,화요일,대전광역시 대덕구 목상동,경상사고,0,0,1,0,차대차 - 측면충돌,안전운전불이행,건조,맑음,단일로 - 기타,화물,남,53세,상해없음,승합,남,54세,경상
2023011700100081,2023년 1월 17일 08시,화요일,대전광역시 대덕구 신일동,경상사고,0,0,1,0,차대차 - 측면충돌,안전거리미확보,건조,맑음,단일로 - 기타,화물,남,49세,상해없음,승용,여,41세,경상
2023011700100082,2023년 1월 17일 08시,화요일,대전광역시 유성구 봉명동,경상사고,0,0,1,0,차대차 - 추돌,안전운전불이행,건조,맑음,단일로 - 기타,승용,남,83세,상해없음,승용,남,28세,경상
2023011700100106,2023년 1월 17일 09시,화요일,대전광역시 중구 대흥동,경상사고,0,0,2,0,차대차 - 기타,안전거리미확보,건조,맑음,단일로 - 기타,화물,남,69세,경상,승용,남,37세,경상
2023011700100134,2023년 1월 17일 10시,화요일,대전광역시 유성구 봉산동,경상사고,0,0,1,0,차대차 - 기타,안전거리미확보,건조,맑음,단일로 - 기타,승용,여,55세,상해없음,승용,여,34세,경상
2023011700100158,2023년 1월 17일 11시,화요일,대전광역시 중구 산성동,중상사고,0,1,0,0,차대차 - 기타,중앙선침범,건조,맑음,단일로 - 기타,승용,남,65세,상해없음,자전거,남,63세,중상
2023011700100159,2023년 1월 17일 11시,화요일,대전광역시 동구 가양동,부상신고사고,0,0,0,1,차대사람 - 차도통행중,안전운전불이행,건조,맑음,단일로 - 기타,기타불명,기타불명,미분류,기타불명,보행자,남,41세,부상신고
2023011700100206,2023년 1월 17일 13시,화요일,대전광역시 대덕구 석봉동,중상사고,0,1,0,0,차대사람 - 기타,불법유턴,건조,맑음,단일로 - 기타,승용,여,47세,기타불명,보행자,여,83세,중상
2023011700100297,2023년 1월 17일 16시,화요일,대전광역시 유성구 송강동,경상사고,0,0,1,0,차대차 - 기타,안전운전불이행,건조,맑음,교차로 - 교차로부근,승용,여,26세,상해없음,승용,여,25세,경상
2023011700100383,2023년 1월 17일 18시,화요일,대전광역시 동구 삼성동,중상사고,0,1,0,0,차대차 - 측면충돌,신호위반,건조,맑음,교차로 - 교차로횡단보도내,승합,남,68세,상해없음,자전거,남,78세,중상
2023011700100384,2023년 1월 17일 18시,화요일,대전광역시 서구 가장동,경상사고,0,0,1,0,차대사람 - 보도통행중,안전운전불이행,건조,기타,단일로 - 기타,승용,여,24세,기타불명,보행자,여,29세,경상
2023011700100385,2023년 1월 17일 18시,화요일,대전광역시 서구 정림동,경상사고,0,0,1,0,차대차 - 추돌,안전운전불이행,건조,맑음,단일로 - 교량,승용,남,33세,상해없음,승용,여,29세,경상
2023011700100386,2023년 1월 17일 18시,화요일,대전광역시 유성구 도룡동,경상사고,0,0,1,0,차대차 - 기타,안전운전불이행,건조,맑음,교차로 - 교차로부근,승용,남,25세,상해없음,승용,남,42세,경상
2023011700100387,2023년 1월 17일 18시,화요일,대전광역시 유성구 노은동,경상사고,0,0,1,0,차대차 - 추돌,안전운전불이행,건조,맑음,단일로 - 기타,승용,남,47세,상해없음,승용,여,46세,경상
2023011700100419,2023년 1월 17일 19시,화요일,대전광역시 유성구 봉명동,사망사고,1,0,0,0,차대사람 - 기타,안전운전불이행,건조,맑음,교차로 - 교차로부근,승합,남,60세,상해없음,보행자,남,70세,사망
2023011700100484,2023년 1월 17일 23시,화요일,대전광역시 서구 갈마동,경상사고,0,0,1,0,차대사람 - 기타,안전운전불이행,건조,맑음,기타 - 기타,승용,남,65세,상해없음,보행자,남,29세,경상
2023011800100034,2023년 1월 18일 05시,수요일,대전광역시 중구 선화동,중상사고,0,1,0,0,차대차 - 기타,안전운전불이행,젖음/습기,눈,교차로 - 교차로안,승용,남,27세,상해없음,승용,남,61세,중상
2023011800100076,2023년 1월 18일 07시,수요일,대전광역시 대덕구 중리동,중상사고,0,1,0,0,차대사람 - 횡단중,보행자보호의무위반,건조,맑음,교차로 - 교차로안,승합,남,56세,상해없음,보행자,남,54세,중상
2023011800100179,2023년 1월 18일 11시,수요일,대전광역시 중구 대흥동,중상사고,0,1,1,0,차대차 - 기타,안전운전불이행,건조,맑음,교차로 - 교차로안,승용,남,23세,경상,이륜,남,62세,중상
2023011800100180,2023년 1월 18일 11시,수요일,대전광역시 동구 용전동,경상사고,0,0,1,0,차대차 - 추돌,안전운전불이행,건조,맑음,단일로 - 기타,이륜,남,18세,상해없음,승용,여,65세,경상
2023011800100181,2023년 1월 18일 11시,수요일,대전광역시 서구 갈마동,경상사고,0,0,1,0,차대차 - 기타,안전운전불이행,건조,맑음,교차로 - 교차로부근,이륜,남,28세,상해없음,승용,남,32세,경상
2023011800100210,2023년 1월 18일 12시,수요일,대전광역시 중구 중촌동,사망사고,1,0,0,0,차대차 - 기타,안전거리미확보,건조,맑음,기타 - 기타,승용,여,57세,상해없음,이륜,남,83세,사망
2023011800100211,2023년 1월 18일 12시,수요일,대전광역시 중구 오류동,경상사고,0,0,1,0,차대차 - 기타,안전운전불이행,건조,맑음,교차로 - 교차로안,승합,남,45세,상해없음,승합,남,42세,경상
2023011800100212,2023년 1월 18일 12시,수요일,대전광역시 동구 신흥동,경상사고,0,0,2,0,차대차 - 측면충돌,안전거리미확보,건조,맑음,교차로 - 교차로안,승용,남,18세,상해없음,승합,남,61세,경상
2023011800100241,2023년 1월 18일 13시,수요일,대전광역시 중구 유천동,경상사고,0,0,1,0,차대차 - 기타,안전운전불이행,건조,맑음,교차로 - 교차로부근,화물,남,71세,상해없음,이륜,남,47세,경상
2023011800100242,2023년 1월 18일 13시,수요일,대전광역시 동구 용전동,경상사고,0,0,1,0,차대차 - 추돌,안전운전불이행,건조,맑음,교차로 - 교차로부근,승용,남,70세,상해없음,승용,남,34세,경상
2023011800100278,2023년 1월 18일 14시,수요일,대전광역시 중구 유천동,경상사고,0,0,3,0,차대차 - 기타,안전운전불이행,건조,맑음,교차로 - 교차로안,승용,남,60세,상해없음,승용,여,49세,경상
2023011800100311,2023년 1월 18일 15시,수요일,대전광역시 서구 탄방동,중상사고,0,1,0,0,차량단독 - 기타,안전운전불이행,건조,맑음,단일로 - 기타,승합,남,61세,기타불명,,,,
2023011800100338,2023년 1월 18일 16시,수요일,대전광역시 서구 괴정동,경상사고,0,0,1,0,차대차 - 측면충돌,안전운전불이행,건조,맑음,기타 - 기타,화물,남,68세,상해없음,승용,남,37세,경상
2023011800100420,2023년 1월 18일 18시,수요일,대전광역시 대덕구 오정동,경상사고,0,0,1,0,차대차 - 기타,신호위반,건조,맑음,교차로 - 교차로안,승용,여,57세,상해없음,승용,남,58세,경상
2023011800100421,2023년 1월 18일 18시,수요일,대전광역시 서구 월평동,중상사고,0,1,0,0,차대차 - 기타,안전운전불이행,건조,맑음,교차로 - 교차로안,승용,남,37세,상해없음,승용,남,48세,중상
2023011800100504,2023년 1월 18일 21시,수요일,대전광역시 중구 선화동,부상신고사고,0,0,0,1,차대차 - 기타,기타,건조,맑음,단일로 - 기타,승용,남,51세,상해없음,이륜,남,30세,부상신고
2023011800100505,2023년 1월 18일 21시,수요일,대전광역시 대덕구 중리동,경상사고,0,0,4,0,차대차 - 기타,안전운전불이행,건조,맑음,단일로 - 기타,승용,남,34세,상해없음,승용,남,38세,경상
2023011800100519,2023년 1월 18일 22시,수요일,대전광역시 유성구 봉명동,중상사고,0,1,0,0,차대차 - 측면충돌,안전운전불이행,건조,맑음,교차로 - 교차로횡단보도내,승용,여,34세,상해없음,자전거,여,58세,중상
2023011900100011,2023년 1월 19일 00시,목요일,대전광역시 유성구 봉산동,경상사고,0,0,1,0,차대차 - 측면충돌,안전운전불이행,건조,맑음,단일로 - 기타,승용,여,62세,기타불명,이륜,남,29세,경상
2023011900100025,2023년 1월 19일 02시,목요일,대전광역시 동구 구도동,경상사고,0,0,1,0,차대차 - 추돌,안전운전불이행,건조,맑음,단일로 - 기타,화물,남,51세,상해없음,화물,남,65세,경상
2023011900100027,2023년 1월 19일 02시,목요일,대전광역시 서구 갈마동,경상사고,0,0,1,0,차대차 - 추돌,안전운전불이행,건조,맑음,기타 - 기타,승용,여,31세,기타불명,승용,남,54세,경상
2023011900100037,2023년 1월 19일 05시,목요일,대전광역시 서구 용문동,경상사고,0,0,2,0,차량단독 - 공작물충돌,안전운전불이행,건조,맑음,교차로 - 교차로안,승용,남,61세,상해없음,,,,
2023011900100067,2023년 1월 19일 07시,목요일,대전광역시 서구 내동,경상사고,0,0,1,0,차대차 - 후진중충돌,안전운전불이행,건조,맑음,교차로 - 교차로부근,화물,남,71세,상해없음,승용,여,54세,경상
2023011900100094,2023년 1월 19일 08시,목요일,대전광역시 중구 오류동,경상사고,0,0,1,0,차대차 - 측면충돌,직진우회전진행방해,건조,맑음,교차로 - 교차로안,승용,남,52세,상해없음,화물,남,51세,경상
2023011900100095,2023년 1월 19일 08시,목요일,대전광역시 서구 가장동,경상사고,0,0,1,0,차대차 - 측면충돌,교차로운행방법위반,건조,맑음,단일로 - 기타,화물,남,60세,상해없음,승용,남,42세,경상
2023011900100145,2023년 1월 19일 10시,목요일,대전광역시 대덕구 송촌동,경상사고,0,0,1,0,차대사람 - 횡단중,보행자보호의무위반,건조,맑음,교차로 - 교차로횡단보도내,승용,여,44세,상해없음,보행자,여,58세,경상
2023011900100146,2023년 1월 19일 10시,목요일,대전광역시 서구 둔산동,경상사고,0,0,1,0,차대사람 - 기타,안전운전불이행,건조,맑음,기타 - 기타,승용,여,58세,상해없음,보행자,남,33세,경상
2023011900100177,2023년 1월 19일 11시,목요일,대전광역시 서구 복수동,경상사고,0,0,1,0,차대차 - 기타,안전거리미확보,건조,맑음,교차로 - 교차로횡단보도내,승용,여,54세,상해없음,승용,남,28세,경상
2023011900100194,2023년 1월 19일 12시,목요일,대전광역시 중구 중촌동,경상사고,0,0,2,0,차대차 - 측면충돌,신호위반,건조,맑음,교차로 - 교차로안,승용,여,41세,상해없음,승합,남,48세,경상
2023011900100195,2023년 1월 19일 12시,목요일,대전광역시 서구 탄방동,경상사고,0,0,1,0,차대사람 - 기타,안전운전불이행,건조,맑음,기타 - 기타,개인형이동수단(PM),남,41세,상해없음,보행자,여,53세,경상
2023011900100258,2023년 1월 19일 14시,목요일,대전광역시 서구 둔산동,중상사고,0,1,0,0,차대사람 - 기타,안전운전불이행,건조,맑음,단일로 - 기타,승용,여,44세,상해없음,보행자,여,91세,중상
2023011900100259,2023년 1월 19일 14시,목요일,대전광역시 유성구 덕명동,경상사고,0,0,2,0,차대차 - 측면충돌,안전거리미확보,건조,맑음,교차로 - 교차로부근,화물,남,59세,상해없음,승용,남,29세,경상
2023011900100360,2023년 1월 19일 17시,목요일,대전광역시 대덕구 평촌동,경상사고,0,0,1,0,차대차 - 측면충돌,안전운전불이행,건조,맑음,단일로 - 기타,승용,남,63세,상해없음,개인형이동수단(PM),남,24세,경상
2023011900100361,2023년 1월 19일 17시,목요일,대전광역시 유성구 봉명동,중상사고,0,1,3,0,차대차 - 기타,안전운전불이행,건조,맑음,단일로 - 기타,승용,남,37세,상해없음,승합,남,29세,상해없음
2023011900100416,2023년 1월 19일 18시,목요일,대전광역시 중구 유천동,경상사고,0,0,2,0,차대차 - 기타,중앙선침범,건조,맑음,단일로 - 기타,이륜,남,28세,상해없음,승용,여,39세,경상
2023011900100417,2023년 1월 19일 18시,목요일,대전광역시 중구 석교동,경상사고,0,0,1,0,차대차 - 추돌,안전운전불이행,건조,맑음,교차로 - 교차로부근,승용,여,51세,상해없음,승용,여,51세,경상
2023011900100418,2023년 1월 19일 18시,목요일,대전광역시 서구 도안동,경상사고,0,0,1,0,차대차 - 추돌,안전운전불이행,건조,맑음,교차로 - 교차로부근,승용,남,34세,상해없음,승용,여,31세,경상
2023011900100419,2023년 1월 19일 18시,목요일,대전광역시 서구 내동,중상사고,0,1,0,0,차대사람 - 보도통행중,보행자보호의무위반,건조,맑음,교차로 - 교차로횡단보도내,승용,여,31세,상해없음,보행자,여,25세,중상
2023011900100420,2023년 1월 19일 18시,목요일,대전광역시 대덕구 중리동,경상사고,0,0,2,0,차대차 - 후진중충돌,안전운전불이행,건조,맑음,단일로 - 기타,화물,남,65세,상해없음,승용,남,52세,경상
2023011900100421,2023년 1월 19일 18시,목요일,대전광역시 서구 둔산동,경상사고,0,0,1,0,차대차 - 측면충돌,신호위반,건조,맑음,교차로 - 교차로부근,이륜,남,42세,상해없음,이륜,남,21세,경상
2023011900100453,2023년 1월 19일 19시,목요일,대전광역시 동구 용전동,경상사고,0,0,1,0,차대사람 - 보도통행중,보행자보호의무위반,건조,맑음,기타 - 기타,승용,남,63세,상해없음,보행자,남,47세,경상
2023011900100487,2023년 1월 19일 20시,목요일,대전광역시 동구 대성동,중상사고,0,1,0,0,차대차 - 측면충돌,안전거리미확보,건조,맑음,단일로 - 기타,승용,여,61세,상해없음,승용,여,39세,중상
2023011900100488,2023년 1월 19일 20시,목요일,대전광역시 서구 괴정동,경상사고,0,0,2,0,차대차 - 후진중충돌,안전운전불이행,건조,흐림,교차로 - 교차로부근,승용,남,48세,상해없음,승용,여,28세,경상
2023011900100489,2023년 1월 19일 20시,목요일,대전광역시 서구 괴정동,경상사고,0,0,1,0,차대차 - 기타,안전운전불이행,건조,맑음,교차로 - 교차로부근,승용,여,26세,상해없음,승용,남,28세,경상
2023011900100490,2023년 1월 19일 20시,목요일,대전광역시 대덕구 비래동,경상사고,0,0,1,0,차대차 - 측면충돌,안전운전불이행,건조,맑음,단일로 - 기타,화물,남,61세,상해없음,승용,남,46세,경상
2023011900100491,2023년 1월 19일 20시,목요일,대전광역시 유성구 봉명동,경상사고,0,0,2,0,차대차 - 후진중충돌,안전운전불이행,건조,맑음,단일로 - 기타,승용,남,41세,상해없음,승용,남,26세,경상
2023011900100535,2023년 1월 19일 22시,목요일,대전광역시 유성구 관평동,경상사고,0,0,1,0,차대차 - 기타,안전운전불이행,건조,맑음,교차로 - 교차로부근,승용,남,24세,기타불명,이륜,여,32세,경상
2023012000100023,2023년 1월 20일 01시,금요일,대전광역시 서구 둔산동,경상사고,0,0,1,0,차대차 - 기타,안전운전불이행,건조,맑음,단일로 - 기타,승용,남,23세,상해없음,승용,남,25세,경상
2023012000100029,2023년 1월 20일 02시,금요일,대전광역시 유성구 탑립동,중상사고,0,1,1,0,차대차 - 측면충돌,신호위반,건조,맑음,교차로 - 교차로안,승용,여,36세,상해없음,승용,남,35세,경상
2023012000100050,2023년 1월 20일 05시,금요일,대전광역시 동구 삼성동,경상사고,0,0,1,0,차대차 - 측면충돌,신호위반,건조,맑음,단일로 - 지하차도(도로)내,승용,여,27세,상해없음,승합,남,40세,경상
2023012000100131,2023년 1월 20일 09시,금요일,대전광역시 서구 둔산동,경상사고,0,0,1,0,차대차 - 측면충돌,신호위반,건조,맑음,교차로 - 교차로부근,승용,남,65세,상해없음,화물,남,53세,경상
2023012000100276,2023년 1월 20일 13시,금요일,대전광역시 유성구 장대동,중상사고,0,2,1,0,차대차 - 기타,안전운전불이행,건조,맑음,단일로 - 기타,승합,남,56세,상해없음,화물,남,50세,중상
2023012000100334,2023년 1월 20일 14시,금요일,대전광역시 동구 가양동,경상사고,0,0,1,0,차대사람 - 기타,안전운전불이행,건조,맑음,단일로 - 기타,승용,여,58세,상해없음,보행자,여,60세,경상
2023012000100393,2023년 1월 20일 15시,금요일,대전광역시 중구 선화동,경상사고,0,0,2,0,차대차 - 후진중충돌,안전운전불이행,건조,맑음,교차로 - 교차로안,승용,여,32세,상해없음,승용,남,37세,경상
2023012000100394,2023년 1월 20일 15시,금요일,대전광역시 서구 둔산동,경상사고,0,0,1,0,차대차 - 기타,안전운전불이행,건조,맑음,교차로 - 교차로부근,승용,남,51세,상해없음,이륜,남,27세,경상