사고번호,사고일시,요일,시군구,사고내용,사망자수,중상자수,경상자수,부상신고자수,사고유형,법규위반,노면상태,기상상태,도로형태,가해운전자 차종,가해운전자 성별,가해운전자 연령,가해운전자 상해정도,피해운전자 차종,피해운전자 성별,피해운전자 연령,피해운전자 상해정도
2023012000100396,2023년 1월 20일 15시,금요일,대전광역시 유성구 도룡동,중상사고,0,1,0,0,차대차 - 기타,안전운전불이행,건조,맑음,기타 - 기타,승용,여,62세,상해없음,자전거,남,11세,중상
2023012000100446,2023년 1월 20일 16시,금요일,대전광역시 중구 목동,경상사고,0,0,2,0,차대차 - 기타,안전운전불이행,건조,맑음,교차로 - 교차로안,화물,남,67세,상해없음,승용,남,46세,경상
2023012000100447,2023년 1월 20일 16시,금요일,대전광역시 동구 삼성동,중상사고,0,1,0,0,차대차 - 측면충돌,직진우회전진행방해,건조,맑음,교차로 - 교차로안,이륜,남,62세,중상,화물,남,59세,상해없음
2023012000100448,2023년 1월 20일 16시,금요일,대전광역시 서구 도마동,경상사고,0,0,1,0,차대사람 - 횡단중,신호위반,건조,맑음,교차로 - 교차로횡단보도내,화물,남,55세,상해없음,보행자,여,76세,경상
2023012000100449,2023년 1월 20일 16시,금요일,대전광역시 유성구 반석동,중상사고,0,1,0,0,차대사람 - 차도통행중,안전운전불이행,건조,맑음,교차로 - 교차로부근,승용,남,60세,상해없음,보행자,여,79세,중상
2023012000100495,2023년 1월 20일 17시,금요일,대전광역시 동구 대동,경상사고,0,0,1,0,차대사람 - 보도통행중,신호위반,건조,맑음,교차로 - 교차로횡단보도내,승용,남,55세,상해없음,보행자,여,27세,경상
2023012000100496,2023년 1월 20일 17시,금요일,대전광역시 동구 원동,경상사고,0,0,2,0,차대차 - 측면충돌,안전거리미확보,건조,맑음,교차로 - 교차로부근,승용,남,76세,상해없음,승용,여,45세,경상
2023012000100566,2023년 1월 20일 18시,금요일,대전광역시 유성구 봉명동,경상사고,0,0,1,0,차대차 - 측면충돌,교차로운행방법위반,건조,맑음,교차로 - 교차로안,승용,남,40세,상해없음,승용,남,35세,경상
2023012000100596,2023년 1월 20일 19시,금요일,대전광역시 유성구 장대동,경상사고,0,0,1,0,차대차 - 기타,안전운전불이행,건조,맑음,교차로 - 교차로안,승용,여,58세,상해없음,승용,남,40세,경상
2023012000100611,2023년 1월 20일 19시,금요일,대전광역시 중구 유천동,중상사고,0,1,0,0,차대차 - 측면충돌,신호위반,건조,맑음,교차로 - 교차로안,승용,여,56세,상해없음,원동기,남,46세,중상
2023012000100636,2023년 1월 20일 20시,금요일,대전광역시 동구 정동,경상사고,0,0,1,0,차대사람 - 기타,안전운전불이행,건조,맑음,단일로 - 기타,승용,남,57세,상해없음,보행자,남,26세,경상
2023012000100693,2023년 1월 20일 23시,금요일,대전광역시 중구 대흥동,경상사고,0,0,1,0,차대사람 - 기타,안전운전불이행,건조,맑음,단일로 - 기타,승용,남,17세,상해없음,보행자,남,23세,경상
2023012100100006,2023년 1월 21일 00시,토요일,대전광역시 서구 괴정동,경상사고,0,0,3,0,차대차 - 기타,안전운전불이행,건조,맑음,단일로 - 기타,승용,남,30세,상해없음,승용,남,34세,경상
2023012100100007,2023년 1월 21일 00시,토요일,대전광역시 대덕구 오정동,경상사고,0,0,1,0,차대차 - 추돌,안전운전불이행,건조,맑음,교차로 - 교차로부근,승용,남,25세,기타불명,승용,남,66세,경상
2023012100100034,2023년 1월 21일 03시,토요일,대전광역시 중구 부사동,경상사고,0,0,4,0,차대차 - 측면충돌,신호위반,건조,맑음,교차로 - 교차로안,승용,남,21세,상해없음,승용,남,47세,경상
2023012100100063,2023년 1월 21일 07시,토요일,대전광역시 서구 갈마동,경상사고,0,0,1,0,차대차 - 기타,안전운전불이행,건조,맑음,교차로 - 교차로안,승용,남,23세,상해없음,승용,남,62세,경상
2023012100100100,2023년 1월 21일 09시,토요일,대전광역시 유성구 봉명동,경상사고,0,0,1,0,차대차 - 기타,안전운전불이행,건조,맑음,교차로 - 교차로부근,승용,여,43세,상해없음,승용,남,39세,경상
2023012100100127,2023년 1월 21일 10시,토요일,대전광역시 유성구 장대동,경상사고,0,0,2,0,차대차 - 기타,안전운전불이행,건조,기타,기타 - 기타,승용,여,58세,상해없음,승용,남,71세,경상
2023012100100163,2023년 1월 21일 11시,토요일,대전광역시 동구 낭월동,중상사고,0,1,1,0,차대차 - 기타,안전운전불이행,건조,맑음,단일로 - 기타,승용,남,64세,상해없음,승용,남,39세,중상
2023012100100188,2023년 1월 21일 12시,토요일,대전광역시 대덕구 석봉동,경상사고,0,0,4,0,차대차 - 기타,중앙선침범,건조,맑음,단일로 - 기타,승용,여,23세,상해없음,승용,남,36세,경상
2023012100100189,2023년 1월 21일 12시,토요일,대전광역시 유성구 봉명동,경상사고,0,0,1,0,차대차 - 기타,안전운전불이행,건조,맑음,단일로 - 기타,승용,남,64세,상해없음,승용,남,36세,경상
2023012100100218,2023년 1월 21일 13시,토요일,대전광역시 서구 둔산동,경상사고,0,0,2,0,차대차 - 추돌,안전운전불이행,건조,맑음,단일로 - 지하차도(도로)내,승용,남,78세,상해없음,승용,남,32세,경상
2023012100100219,2023년 1월 21일 13시,토요일,대전광역시 유성구 구암동,경상사고,0,0,2,0,차대차 - 측면충돌,직진우회전진행방해,건조,맑음,교차로 - 교차로안,이륜,남,54세,경상,승용,남,30세,경상
2023012100100279,2023년 1월 21일 16시,토요일,대전광역시 동구 용전동,경상사고,0,0,1,0,차대차 - 측면충돌,안전운전불이행,건조,맑음,교차로 - 교차로안,승용,남,34세,상해없음,이륜,남,18세,경상
2023012100100280,2023년 1월 21일 16시,토요일,대전광역시 유성구 봉명동,경상사고,0,0,2,0,차대차 - 기타,불법유턴,건조,맑음,단일로 - 기타,승용,여,24세,상해없음,승용,남,26세,경상
2023012100100301,2023년 1월 21일 17시,토요일,대전광역시 서구 괴정동,중상사고,0,2,0,0,차대사람 - 기타,신호위반,건조,맑음,교차로 - 교차로횡단보도내,이륜,남,41세,중상,보행자,여,70세,중상
2023012100100327,2023년 1월 21일 18시,토요일,대전광역시 동구 정동,중상사고,0,1,0,0,차대사람 - 보도통행중,안전운전불이행,건조,맑음,단일로 - 기타,화물,남,47세,상해없음,보행자,여,20세,중상
2023012100100328,2023년 1월 21일 18시,토요일,대전광역시 서구 변동,경상사고,0,0,4,0,차대차 - 기타,안전운전불이행,건조,기타,교차로 - 교차로부근,승합,남,26세,상해없음,승용,남,30세,경상
2023012100100351,2023년 1월 21일 19시,토요일,대전광역시 서구 둔산동,경상사고,0,0,2,0,차대차 - 측면충돌,안전운전불이행,건조,맑음,교차로 - 교차로안,승용,남,68세,상해없음,승용,남,26세,경상
2023012100100394,2023년 1월 21일 22시,토요일,대전광역시 중구 사정동,경상사고,0,0,3,0,차대차 - 측면충돌,신호위반,건조,맑음,교차로 - 교차로안,승용,남,63세,상해없음,승용,남,52세,경상
2023012200100009,2023년 1월 22일 00시,일요일,대전광역시 동구 용운동,경상사고,0,0,2,0,차대차 - 측면충돌,안전거리미확보,건조,맑음,단일로 - 기타,승용,남,24세,상해없음,승용,남,56세,경상
2023012200100039,2023년 1월 22일 06시,일요일,대전광역시 서구 도안동,경상사고,0,0,1,0,차대차 - 기타,안전거리미확보,건조,맑음,단일로 - 기타,승용,남,44세,상해없음,승용,남,31세,경상
2023012200100059,2023년 1월 22일 10시,일요일,대전광역시 동구 용전동,중상사고,0,3,3,0,차대차 - 정면충돌,중앙선침범,건조,맑음,교차로 - 교차로부근,승용,남,47세,중상,승용,남,68세,중상
2023012200100121,2023년 1월 22일 13시,일요일,대전광역시 중구 산성동,경상사고,0,0,1,0,차대차 - 측면충돌,교차로운행방법위반,건조,맑음,교차로 - 교차로안,화물,남,64세,상해없음,승용,남,52세,경상
2023012200100138,2023년 1월 22일 14시,일요일,대전광역시 서구 도마동,중상사고,0,1,0,0,차대차 - 측면충돌,안전운전불이행,건조,맑음,교차로 - 교차로안,승용,여,55세,상해없음,이륜,남,39세,중상
2023012200100164,2023년 1월 22일 15시,일요일,대전광역시 서구 도마동,경상사고,0,0,1,0,차대차 - 측면충돌,안전운전불이행,건조,맑음,교차로 - 교차로안,승용,여,45세,상해없음,승용,남,70세,경상
2023012200100202,2023년 1월 22일 18시,일요일,대전광역시 중구 용두동,경상사고,0,0,1,0,차대차 - 기타,차로위반,건조,맑음,단일로 - 기타,승용,남,52세,상해없음,승용,남,26세,경상
2023012300100012,2023년 1월 23일 00시,월요일,대전광역시 중구 대흥동,중상사고,0,1,0,0,차대사람 - 기타,안전운전불이행,건조,맑음,단일로 - 기타,기타불명,기타불명,미분류,기타불명,보행자,남,38세,중상
2023012300100020,2023년 1월 23일 01시,월요일,대전광역시 서구 용문동,경상사고,0,0,2,0,차대차 - 측면충돌,안전거리미확보,건조,맑음,단일로 - 기타,기타불명,기타불명,미분류,기타불명,승용,남,64세,경상
2023012300100021,2023년 1월 23일 01시,월요일,대전광역시 서구 탄방동,사망사고,2,2,1,0,차량단독 - 공작물충돌,기타,건조,맑음,교차로 - 교차로부근,승용,남,23세,사망,,,,
2023012300100041,2023년 1월 23일 06시,월요일,대전광역시 유성구 봉산동,경상사고,0,0,1,0,차대차 - 기타,안전운전불이행,건조,맑음,교차로 - 교차로안,승용,남,21세,상해없음,승용,여,32세,경상
2023012300100044,2023년 1월 23일 07시,월요일,대전광역시 서구 갈마동,경상사고,0,0,1,0,차대사람 - 횡단중,보행자보호의무위반,건조,맑음,교차로 - 교차로안,화물,남,70세,상해없음,보행자,여,25세,경상
2023012300100119,2023년 1월 23일 12시,월요일,대전광역시 중구 오류동,경상사고,0,0,4,0,차대차 - 추돌,안전운전불이행,건조,맑음,교차로 - 교차로부근,승용,남,62세,상해없음,승용,남,51세,경상
2023012300100139,2023년 1월 23일 13시,월요일,대전광역시 유성구 지족동,경상사고,0,0,1,0,차대차 - 측면충돌,교차로운행방법위반,건조,맑음,교차로 - 교차로안,승용,남,46세,상해없음,이륜,남,33세,경상
2023012300100258,2023년 1월 23일 18시,월요일,대전광역시 서구 관저동,경상사고,0,0,2,0,차대차 - 기타,안전거리미확보,건조,흐림,단일로 - 기타,승용,남,27세,기타불명,승용,남,56세,경상
2023012300100286,2023년 1월 23일 19시,월요일,대전광역시 서구 도안동,경상사고,0,0,1,0,차대사람 - 횡단중,안전운전불이행,건조,맑음,기타 - 기타,이륜,남,24세,상해없음,보행자,여,17세,경상
2023012300100287,2023년 1월 23일 19시,월요일,대전광역시 서구 월평동,경상사고,0,0,1,0,차대사람 - 기타,안전운전불이행,건조,맑음,단일로 - 기타,승용,여,45세,상해없음,보행자,여,4세,경상
2023012300100305,2023년 1월 23일 20시,월요일,대전광역시 서구 둔산동,경상사고,0,0,2,0,차대차 - 기타,안전운전불이행,건조,맑음,교차로 - 교차로부근,승용,남,62세,상해없음,승용,여,39세,경상
2023012300100334,2023년 1월 23일 22시,월요일,대전광역시 중구 태평동,경상사고,0,0,2,0,차대차 - 기타,안전운전불이행,건조,맑음,교차로 - 교차로안,승용,남,24세,상해없음,승용,남,59세,경상
2023012300100335,2023년 1월 23일 22시,월요일,대전광역시 동구 용전동,경상사고,0,0,2,0,차대차 - 추돌,안전운전불이행,건조,맑음,단일로 - 기타,승용,남,26세,상해없음,승용,남,38세,경상
2023012300100336,2023년 1월 23일 22시,월요일,대전광역시 동구 용전동,경상사고,0,0,2,0,차대차 - 측면충돌,신호위반,건조,맑음,단일로 - 기타,승용,남,81세,상해없음,승용,남,27세,경상
2023012300100353,2023년 1월 23일 23시,월요일,대전광역시 서구 갈마동,경상사고,0,0,1,0,차대사람 - 기타,안전운전불이행,건조,맑음,단일로 - 기타,승용,남,26세,상해없음,보행자,남,31세,경상
2023012400100134,2023년 1월 24일 13시,화요일,대전광역시 서구 변동,경상사고,0,0,1,0,차대차 - 기타,안전운전불이행,건조,맑음,교차로 - 교차로안,승용,남,29세,상해없음,승용,여,60세,경상
2023012400100135,2023년 1월 24일 13시,화요일,대전광역시 서구 도마동,경상사고,0,0,1,0,차대차 - 기타,안전운전불이행,건조,맑음,교차로 - 교차로안,기타불명,기타불명,미분류,기타불명,승용,남,49세,경상
2023012400100136,2023년 1월 24일 13시,화요일,대전광역시 서구 갈마동,경상사고,0,0,1,0,차대차 - 측면충돌,안전운전불이행,건조,맑음,단일로 - 기타,승용,남,67세,상해없음,승용,남,60세,경상
2023012400100167,2023년 1월 24일 14시,화요일,대전광역시 서구 괴정동,경상사고,0,0,1,0,차대차 - 측면충돌,안전거리미확보,건조,맑음,단일로 - 기타,승용,여,52세,상해없음,이륜,남,28세,경상
2023012400100199,2023년 1월 24일 16시,화요일,대전광역시 중구 은행동,경상사고,0,0,1,0,차대사람 - 횡단중,안전운전불이행,건조,맑음,교차로 - 교차로횡단보도내,화물,남,50세,상해없음,보행자,남,62세,경상
2023012400100209,2023년 1월 24일 17시,화요일,대전광역시 서구 괴정동,경상사고,0,0,1,0,차대차 - 측면충돌,신호위반,건조,맑음,교차로 - 교차로안,승용,남,61세,상해없음,이륜,남,46세,경상
2023012400100238,2023년 1월 24일 18시,화요일,대전광역시 서구 가장동,중상사고,0,1,0,0,차대차 - 추돌,안전거리미확보,건조,맑음,교차로 - 교차로부근,이륜,남,42세,상해없음,승용,여,45세,중상
2023012400100257,2023년 1월 24일 19시,화요일,대전광역시 유성구 궁동,경상사고,0,0,2,0,차대차 - 추돌,안전운전불이행,건조,맑음,교차로 - 교차로부근,이륜,남,24세,상해없음,승용,남,31세,경상
2023012400100270,2023년 1월 24일 20시,화요일,대전광역시 서구 괴정동,경상사고,0,0,1,0,차대사람 - 보도통행중,안전운전불이행,건조,기타,단일로 - 기타,기타불명,기타불명,미분류,기타불명,보행자,남,50세,경상
2023012400100278,2023년 1월 24일 21시,화요일,대전광역시 대덕구 중리동,경상사고,0,0,1,0,차대차 - 기타,교차로운행방법위반,건조,맑음,교차로 - 교차로안,승용,남,30세,상해없음,이륜,남,42세,경상
2023012400100279,2023년 1월 24일 21시,화요일,대전광역시 유성구 봉명동,경상사고,0,0,1,0,차대차 - 측면충돌,안전거리미확보,건조,맑음,단일로 - 기타,승용,여,79세,상해없음,승용,여,23세,경상
2023012400100301,2023년 1월 24일 23시,화요일,대전광역시 서구 탄방동,경상사고,0,0,1,0,차대차 - 기타,안전거리미확보,기타,눈,단일로 - 기타,승용,남,20세,상해없음,승용,남,33세,상해없음
2023012500100008,2023년 1월 25일 00시,수요일,대전광역시 유성구 원내동,경상사고,0,0,1,0,차대차 - 기타,안전거리미확보,건조,맑음,교차로 - 교차로안,승용,남,60세,상해없음,승용,남,33세,경상
2023012500100045,2023년 1월 25일 07시,수요일,대전광역시 대덕구 신탄진동,경상사고,0,0,1,0,차대차 - 측면충돌,신호위반,건조,맑음,단일로 - 기타,건설기계,남,58세,상해없음,승용,남,49세,경상
2023012500100046,2023년 1월 25일 07시,수요일,대전광역시 유성구 장대동,경상사고,0,0,1,0,차대차 - 측면충돌,교차로운행방법위반,건조,맑음,교차로 - 교차로안,승용,남,63세,상해없음,승용,여,62세,경상
2023012500100073,2023년 1월 25일 08시,수요일,대전광역시 유성구 봉명동,경상사고,0,0,1,0,차대차 - 기타,안전운전불이행,건조,맑음,교차로 - 교차로안,화물,남,42세,상해없음,이륜,남,60세,경상
2023012500100100,2023년 1월 25일 09시,수요일,대전광역시 중구 목동,경상사고,0,0,1,0,차대차 - 측면충돌,안전운전불이행,건조,맑음,교차로 - 교차로안,승용,여,60세,상해없음,승용,여,51세,경상
2023012500100101,2023년 1월 25일 09시,수요일,대전광역시 서구 갈마동,중상사고,0,1,0,0,차대사람 - 횡단중,보행자보호의무위반,건조,맑음,기타 - 기타,승용,여,56세,상해없음,보행자,여,43세,중상
2023012500100178,2023년 1월 25일 12시,수요일,대전광역시 중구 중촌동,중상사고,0,1,2,0,차대차 - 측면충돌,안전운전불이행,건조,맑음,교차로 - 교차로부근,이륜,남,58세,중상,승용,남,26세,경상
2023012500100179,2023년 1월 25일 12시,수요일,대전광역시 동구 판암동,경상사고,0,0,1,0,차대차 - 기타,안전운전불이행,건조,맑음,단일로 - 기타,승용,여,62세,상해없음,승합,남,49세,상해없음
2023012500100206,2023년 1월 25일 13시,수요일,대전광역시 서구 갈마동,경상사고,0,0,1,0,차대차 - 추돌,안전운전불이행,건조,맑음,교차로 - 교차로부근,승용,남,65세,기타불명,승용,남,55세,경상
2023012500100207,2023년 1월 25일 13시,수요일,대전광역시 유성구 죽동,경상사고,0,0,1,0,차대사람 - 기타,안전운전불이행,건조,맑음,기타 - 기타,승용,남,34세,상해없음,보행자,남,79세,경상
2023012500100208,2023년 1월 25일 13시,수요일,대전광역시 유성구 교촌동,경상사고,0,0,1,0,차대차 - 측면충돌,직진우회전진행방해,건조,맑음,교차로 - 교차로안,이륜,남,52세,기타불명,승용,남,69세,경상
2023012500100242,2023년 1월 25일 14시,수요일,대전광역시 서구 월평동,중상사고,0,1,0,0,차대차 - 측면충돌,중앙선침범,건조,맑음,단일로 - 기타,승용,남,48세,상해없음,이륜,남,22세,중상
2023012500100243,2023년 1월 25일 14시,수요일,대전광역시 유성구 봉명동,경상사고,0,0,1,0,차량단독 - 기타,안전운전불이행,건조,맑음,단일로 - 기타,승합,남,37세,기타불명,,,,
2023012500100277,2023년 1월 25일 15시,수요일,대전광역시 서구 탄방동,경상사고,0,0,3,0,차대차 - 측면충돌,안전운전불이행,건조,맑음,교차로 - 교차로부근,승용,여,47세,경상,승용,남,56세,경상
2023012500100278,2023년 1월 25일 15시,수요일,대전광역시 유성구 궁동,중상사고,0,1,0,0,차대차 - 기타,안전운전불이행,건조,맑음,교차로 - 교차로안,승용,여,72세,상해없음,이륜,남,44세,중상
2023012500100313,2023년 1월 25일 16시,수요일,대전광역시 중구 오류동,경상사고,0,0,1,0,차대차 - 측면충돌,신호위반,건조,맑음,교차로 - 교차로안,승용,남,64세,상해없음,승용,여,33세,경상
2023012500100346,2023년 1월 25일 17시,수요일,대전광역시 중구 부사동,경상사고,0,0,1,0,차대차 - 기타,안전거리미확보,건조,맑음,교차로 - 교차로부근,승용,남,41세,상해없음,승용,여,57세,경상
2023012500100347,2023년 1월 25일 17시,수요일,대전광역시 유성구 봉산동,중상사고,0,1,0,0,차대사람 - 기타,안전운전불이행,건조,맑음,교차로 - 교차로안,화물,남,61세,상해없음,보행자,여,87세,중상
2023012500100375,2023년 1월 25일 18시,수요일,대전광역시 중구 오류동,중상사고,0,1,1,0,차대차 - 기타,안전운전불이행,건조,맑음,단일로 - 기타,승용,남,34세,상해없음,승용,남,37세,경상
2023012500100376,2023년 1월 25일 18시,수요일,대전광역시 서구 갈마동,경상사고,0,0,1,0,차대사람 - 기타,보행자보호의무위반,건조,맑음,교차로 - 교차로안,기타불명,기타불명,미분류,기타불명,보행자,남,37세,경상
2023012500100403,2023년 1월 25일 19시,수요일,대전광역시 동구 성남동,경상사고,0,0,1,0,차대차 - 측면충돌,교차로운행방법위반,건조,맑음,교차로 - 교차로안,화물,남,52세,상해없음,승용,여,54세,경상
2023012500100404,2023년 1월 25일 19시,수요일,대전광역시 서구 탄방동,경상사고,0,0,1,0,차대차 - 기타,안전운전불이행,건조,맑음,단일로 - 기타,승용,여,23세,상해없음,승용,여,29세,경상
2023012600100027,2023년 1월 26일 05시,목요일,대전광역시 대덕구 오정동,중상사고,0,1,0,0,차대차 - 정면충돌,중앙선침범,기타,흐림,단일로 - 기타,승용,남,55세,상해없음,승용,남,58세,중상
2023012600100069,2023년 1월 26일 08시,목요일,대전광역시 유성구 죽동,중상사고,0,1,2,0,차대차 - 기타,신호위반,건조,맑음,단일로 - 지하차도(도로)내,승용,여,26세,상해없음,승용,남,64세,중상
2023012600100151,2023년 1월 26일 13시,목요일,대전광역시 서구 둔산동,경상사고,0,0,1,0,차대차 - 후진중충돌,안전운전불이행,젖음/습기,눈,단일로 - 기타,승용,남,25세,상해없음,이륜,남,32세,경상
2023012600100172,2023년 1월 26일 14시,목요일,대전광역시 대덕구 대화동,경상사고,0,0,1,0,차대차 - 기타,안전거리미확보,건조,맑음,기타 - 기타,승용,여,29세,상해없음,승용,여,52세,경상
2023012600100196,2023년 1월 26일 15시,목요일,대전광역시 서구 둔산동,경상사고,0,0,1,0,차대차 - 측면충돌,안전거리미확보,서리/결빙,눈,단일로 - 기타,승용,남,21세,상해없음,화물,남,59세,경상
2023012600100224,2023년 1월 26일 16시,목요일,대전광역시 동구 소제동,경상사고,0,0,1,0,차대차 - 기타,안전운전불이행,젖음/습기,눈,단일로 - 기타,이륜,남,28세,상해없음,승용,남,58세,경상
2023012600100236,2023년 1월 26일 17시,목요일,대전광역시 동구 가양동,경상사고,0,0,1,0,차대차 - 추돌,안전운전불이행,서리/결빙,맑음,단일로 - 기타,승용,남,28세,상해없음,승용,남,41세,경상
2023012600100307,2023년 1월 26일 20시,목요일,대전광역시 서구 괴정동,경상사고,0,0,1,0,차대사람 - 기타,안전운전불이행,건조,맑음,단일로 - 기타,승용,여,35세,상해없음,보행자,남,23세,경상
2023012600100308,2023년 1월 26일 20시,목요일,대전광역시 서구 정림동,경상사고,0,0,1,0,차대사람 - 기타,안전운전불이행,젖음/습기,비,단일로 - 기타,화물,남,59세,기타불명,보행자,남,55세,경상
2023012600100309,2023년 1월 26일 20시,목요일,대전광역시 서구 둔산동,경상사고,0,0,2,0,차대차 - 측면충돌,신호위반,건조,맑음,교차로 - 교차로안,승용,여,27세,상해없음,승용,남,62세,경상
2023012600100340,2023년 1월 26일 22시,목요일,대전광역시 서구 갈마동,경상사고,0,0,1,0,차대사람 - 길가장자리구역통행중,중앙선침범,서리/결빙,맑음,단일로 - 기타,이륜,남,26세,상해없음,보행자,남,54세,경상
2023012600100355,2023년 1월 26일 23시,목요일,대전광역시 서구 둔산동,경상사고,0,0,1,0,차대차 - 측면충돌,안전운전불이행,서리/결빙,맑음,단일로 - 기타,승용,남,67세,상해없음,자전거,여,33세,경상
2023012700100005,2023년 1월 27일 00시,금요일,대전광역시 중구 중촌동,경상사고,0,0,1,0,차대차 - 측면충돌,교차로운행방법위반,젖음/습기,흐림,교차로 - 교차로안,승용,여,31세,상해없음,승용,남,37세,경상
2023012700100068,2023년 1월 27일 07시,금요일,대전광역시 중구 용두동,경상사고,0,0,2,0,차대차 - 추돌,안전운전불이행,서리/결빙,흐림,단일로 - 기타,승용,여,24세,상해없음,승용,여,32세,경상
2023012700100069,2023년 1월 27일 07시,금요일,대전광역시 유성구 문지동,경상사고,0,0,1,0,차대차 - 기타,안전운전불이행,기타,맑음,단일로 - 기타,승용,남,73세,상해없음,승용,남,51세,경상
2023012700100090,2023년 1월 27일 08시,금요일,대전광역시 서구 도안동,경상사고,0,0,1,0,차대차 - 기타,불법유턴,건조,맑음,단일로 - 기타,화물,남,29세,상해없음,화물,남,45세,경상
2023012700100091,2023년 1월 27일 08시,금요일,대전광역시 대덕구 비래동,경상사고,0,0,1,0,차대차 - 기타,직진우회전진행방해,젖음/습기,맑음,교차로 - 교차로안,승용,남,25세,상해없음,승용,남,52세,경상
2023012700100092,2023년 1월 27일 08시,금요일,대전광역시 서구 탄방동,경상사고,0,0,1,0,차대차 - 추돌,안전운전불이행,젖음/습기,맑음,단일로 - 기타,승용,남,50세,상해없음,승용,여,35세,경상
2023012700100121,2023년 1월 27일 09시,금요일,대전광역시 유성구 자운동,경상사고,0,0,1,0,차대차 - 측면충돌,교차로운행방법위반,건조,맑음,교차로 - 교차로안,승용,여,39세,상해없음,승용,여,34세,경상
2023012700100151,2023년 1월 27일 10시,금요일,대전광역시 대덕구 목상동,경상사고,0,0,2,0,차대차 - 측면충돌,기타,건조,맑음,단일로 - 기타,화물,남,39세,상해없음,승용,여,26세,경상
2023012700100152,2023년 1월 27일 10시,금요일,대전광역시 유성구 대정동,경상사고,0,0,1,0,차대차 - 측면충돌,안전거리미확보,건조,맑음,단일로 - 기타,승용,남,46세,상해없음,승용,남,29세,경상
2023012700100181,2023년 1월 27일 11시,금요일,대전광역시 서구 내동,중상사고,0,1,1,0,차대차 - 기타,안전거리미확보,건조,맑음,단일로 - 기타,승용,여,44세,기타불명,승용,여,46세,경상
2023012700100182,2023년 1월 27일 11시,금요일,대전광역시 서구 둔산동,경상사고,0,0,1,0,차대사람 - 횡단중,보행자보호의무위반,건조,맑음,교차로 - 교차로횡단보도내,승용,남,62세,상해없음,보행자,여,33세,경상
2023012700100245,2023년 1월 27일 13시,금요일,대전광역시 동구 가양동,경상사고,0,0,1,0,차대차 - 기타,교차로운행방법위반,건조,맑음,교차로 - 교차로안,승용,여,21세,상해없음,승용,남,68세,경상
2023012700100246,2023년 1월 27일 13시,금요일,대전광역시 유성구 원신흥동,경상사고,0,0,1,0,차대차 - 기타,안전운전불이행,서리/결빙,맑음,교차로 - 교차로안,승용,여,41세,상해없음,이륜,남,56세,경상
2023012700100277,2023년 1월 27일 14시,금요일,대전광역시 중구 문화동,경상사고,0,0,1,0,차대차 - 기타,신호위반,건조,맑음,교차로 - 교차로횡단보도내,승용,남,73세,기타불명,자전거,여,11세,경상
2023012700100345,2023년 1월 27일 16시,금요일,대전광역시 대덕구 신탄진동,경상사고,0,0,1,0,차대차 - 기타,안전운전불이행,건조,맑음,교차로 - 교차로안,화물,남,59세,상해없음,승용,여,32세,경상
2023012700100389,2023년 1월 27일 17시,금요일,대전광역시 서구 월평동,경상사고,0,0,1,0,차대차 - 추돌,안전운전불이행,건조,맑음,교차로 - 교차로부근,이륜,남,60세,기타불명,승용,남,37세,경상
2023012700100442,2023년 1월 27일 18시,금요일,대전광역시 서구 정림동,경상사고,0,0,1,0,차대차 - 추돌,안전거리미확보,건조,맑음,기타 - 기타,승용,여,35세,상해없음,승용,남,42세,경상
2023012700100443,2023년 1월 27일 18시,금요일,대전광역시 대덕구 중리동,경상사고,0,0,1,0,차대사람 - 차도통행중,안전운전불이행,건조,맑음,단일로 - 기타,승용,여,36세,상해없음,보행자,남,52세,경상
2023012700100499,2023년 1월 27일 20시,금요일,대전광역시 중구 유천동,경상사고,0,0,1,0,차대차 - 후진중충돌,안전운전불이행,건조,맑음,단일로 - 기타,승용,남,28세,상해없음,이륜,남,48세,경상
2023012700100556,2023년 1월 27일 22시,금요일,대전광역시 서구 도마동,경상사고,0,0,1,0,차대차 - 추돌,안전운전불이행,건조,맑음,단일로 - 기타,화물,남,47세,상해없음,승용,남,57세,경상
2023012700100557,2023년 1월 27일 22시,금요일,대전광역시 서구 도마동,경상사고,0,0,1,0,차대차 - 기타,안전운전불이행,건조,맑음,단일로 - 기타,승용,남,77세,상해없음,승용,남,45세,상해없음
2023012700100578,2023년 1월 27일 23시,금요일,대전광역시 서구 내동,경상사고,0,0,1,0,차대차 - 추돌,안전거리미확보,건조,맑음,교차로 - 교차로부근,승용,여,35세,상해없음,승용,남,44세,경상
2023012800100042,2023년 1월 28일 04시,토요일,대전광역시 서구 내동,경상사고,0,0,1,0,차대차 - 추돌,안전거리미확보,건조,맑음,단일로 - 기타,승용,남,50세,상해없음,승용,남,63세,상해없음
2023012800100083,2023년 1월 28일 08시,토요일,대전광역시 대덕구 비래동,경상사고,0,0,1,0,차대차 - 측면충돌,안전운전불이행,건조,맑음,교차로 - 교차로안,승용,남,44세,상해없음,승용,여,60세,경상
2023012800100099,2023년 1월 28일 09시,토요일,대전광역시 서구 내동,경상사고,0,0,1,0,차대차 - 추돌,안전거리미확보,건조,맑음,단일로 - 기타,승용,남,22세,상해없음,승용,여,27세,경상