사고번호,사고일시,요일,시군구,사고내용,사망자수,중상자수,경상자수,부상신고자수,사고유형,법규위반,노면상태,기상상태,도로형태,가해운전자 차종,가해운전자 성별,가해운전자 연령,가해운전자 상해정도,피해운전자 차종,피해운전자 성별,피해운전자 연령,피해운전자 상해정도
2023012800100289,2023년 1월 28일 16시,토요일,대전광역시 서구 복수동,경상사고,0,0,1,0,차대차 - 기타,신호위반,건조,맑음,교차로 - 교차로안,자전거,남,66세,상해없음,승용,여,59세,경상
2023012800100320,2023년 1월 28일 17시,토요일,대전광역시 대덕구 중리동,경상사고,0,0,1,0,차대차 - 측면충돌,신호위반,건조,맑음,교차로 - 교차로안,승용,여,60세,상해없음,승용,남,69세,경상
2023012800100363,2023년 1월 28일 18시,토요일,대전광역시 대덕구 중리동,경상사고,0,0,1,0,차대사람 - 횡단중,보행자보호의무위반,건조,흐림,단일로 - 기타,승용,남,38세,상해없음,보행자,남,64세,경상
2023012800100402,2023년 1월 28일 19시,토요일,대전광역시 동구 자양동,부상신고사고,0,0,0,1,차대사람 - 기타,안전운전불이행,건조,맑음,단일로 - 기타,기타불명,기타불명,미분류,기타불명,보행자,남,52세,부상신고
2023012800100434,2023년 1월 28일 21시,토요일,대전광역시 중구 부사동,중상사고,0,1,0,0,차대사람 - 기타,안전운전불이행,건조,맑음,교차로 - 교차로안,승용,여,49세,상해없음,보행자,남,69세,중상
2023012800100450,2023년 1월 28일 22시,토요일,대전광역시 동구 가양동,경상사고,0,0,2,0,차대차 - 기타,신호위반,건조,맑음,교차로 - 교차로안,승용,남,49세,상해없음,승용,여,48세,경상
2023012800100451,2023년 1월 28일 22시,토요일,대전광역시 서구 갈마동,경상사고,0,0,1,0,차대차 - 기타,안전운전불이행,서리/결빙,눈,교차로 - 교차로안,이륜,남,35세,경상,승용,남,60세,상해없음
2023012800100469,2023년 1월 28일 23시,토요일,대전광역시 서구 월평동,경상사고,0,0,1,0,차대차 - 후진중충돌,안전운전불이행,건조,맑음,단일로 - 기타,승용,남,36세,상해없음,승용,남,31세,경상
2023012900100033,2023년 1월 29일 03시,일요일,대전광역시 서구 둔산동,부상신고사고,0,0,0,2,차대차 - 기타,신호위반,건조,맑음,교차로 - 교차로부근,승용,남,57세,상해없음,승용,남,19세,부상신고
2023012900100039,2023년 1월 29일 04시,일요일,대전광역시 서구 월평동,경상사고,0,0,3,0,차대차 - 기타,안전운전불이행,건조,맑음,단일로 - 기타,승용,여,43세,상해없음,승용,남,68세,경상
2023012900100045,2023년 1월 29일 05시,일요일,대전광역시 서구 월평동,경상사고,0,0,3,0,차대차 - 기타,안전운전불이행,건조,맑음,교차로 - 교차로부근,화물,남,61세,상해없음,승용,남,72세,경상
2023012900100046,2023년 1월 29일 05시,일요일,대전광역시 서구 갈마동,경상사고,0,0,1,0,차대사람 - 기타,안전운전불이행,건조,맑음,교차로 - 교차로안,화물,남,28세,상해없음,보행자,여,56세,경상
2023012900100112,2023년 1월 29일 11시,일요일,대전광역시 유성구 장대동,경상사고,0,0,1,0,차대차 - 기타,안전운전불이행,건조,맑음,교차로 - 교차로안,화물,남,56세,기타불명,승용,여,41세,경상
2023012900100207,2023년 1월 29일 15시,일요일,대전광역시 대덕구 중리동,경상사고,0,0,1,0,차대차 - 기타,안전운전불이행,건조,맑음,단일로 - 기타,승용,남,23세,상해없음,승용,남,59세,경상
2023012900100228,2023년 1월 29일 16시,일요일,대전광역시 유성구 전민동,경상사고,0,0,1,0,차대차 - 기타,안전운전불이행,건조,맑음,교차로 - 교차로부근,승용,여,24세,상해없음,승용,남,51세,경상
2023012900100270,2023년 1월 29일 18시,일요일,대전광역시 서구 괴정동,경상사고,0,0,1,0,차대사람 - 횡단중,보행자보호의무위반,건조,맑음,단일로 - 기타,승용,남,27세,상해없음,보행자,남,41세,경상
2023012900100271,2023년 1월 29일 18시,일요일,대전광역시 서구 내동,중상사고,0,1,0,0,차대사람 - 기타,안전운전불이행,건조,맑음,교차로 - 교차로부근,승용,남,48세,상해없음,보행자,남,57세,중상
2023012900100323,2023년 1월 29일 20시,일요일,대전광역시 중구 부사동,경상사고,0,0,1,0,차대차 - 기타,기타,건조,맑음,단일로 - 기타,자전거,남,51세,경상,승용,여,64세,상해없음
2023012900100324,2023년 1월 29일 20시,일요일,대전광역시 중구 대사동,경상사고,0,0,1,0,차대사람 - 기타,안전운전불이행,건조,맑음,교차로 - 교차로안,승용,여,62세,상해없음,보행자,남,62세,경상
2023012900100351,2023년 1월 29일 22시,일요일,대전광역시 동구 용전동,경상사고,0,0,1,0,차대차 - 측면충돌,신호위반,건조,맑음,교차로 - 교차로안,승용,남,57세,상해없음,승용,남,42세,경상
2023013000100020,2023년 1월 30일 04시,월요일,대전광역시 서구 둔산동,경상사고,0,0,1,0,차대사람 - 길가장자리구역통행중,안전운전불이행,건조,맑음,교차로 - 교차로안,화물,남,55세,상해없음,보행자,남,20세,경상
2023013000100101,2023년 1월 30일 08시,월요일,대전광역시 서구 괴정동,경상사고,0,0,1,0,차대차 - 기타,안전운전불이행,건조,맑음,교차로 - 교차로부근,기타불명,기타불명,미분류,기타불명,이륜,남,65세,경상
2023013000100141,2023년 1월 30일 09시,월요일,대전광역시 동구 가양동,중상사고,0,1,0,0,차대차 - 기타,안전운전불이행,건조,맑음,교차로 - 교차로부근,승용,남,65세,상해없음,자전거,남,45세,중상
2023013000100168,2023년 1월 30일 10시,월요일,대전광역시 서구 내동,경상사고,0,0,1,0,차대차 - 기타,안전거리미확보,건조,맑음,단일로 - 기타,승용,여,56세,상해없음,승용,남,38세,경상
2023013000100169,2023년 1월 30일 10시,월요일,대전광역시 유성구 하기동,경상사고,0,0,2,0,차대차 - 기타,안전거리미확보,건조,맑음,단일로 - 터널,승용,여,50세,기타불명,승용,여,42세,경상
2023013000100195,2023년 1월 30일 11시,월요일,대전광역시 유성구 신성동,경상사고,0,0,1,0,차대사람 - 횡단중,안전운전불이행,건조,맑음,단일로 - 기타,승용,남,62세,상해없음,보행자,여,58세,경상
2023013000100224,2023년 1월 30일 12시,월요일,대전광역시 중구 문화동,경상사고,0,0,1,0,차대차 - 기타,안전거리미확보,건조,맑음,교차로 - 교차로안,승용,남,30세,상해없음,승용,남,64세,상해없음
2023013000100225,2023년 1월 30일 12시,월요일,대전광역시 동구 소제동,경상사고,0,0,5,0,차대차 - 측면충돌,안전거리미확보,건조,맑음,단일로 - 기타,승용,남,30세,상해없음,승용,남,74세,경상
2023013000100226,2023년 1월 30일 12시,월요일,대전광역시 유성구 장대동,경상사고,0,0,1,0,차대차 - 추돌,안전운전불이행,건조,맑음,단일로 - 기타,이륜,남,32세,상해없음,승용,남,32세,경상
2023013000100259,2023년 1월 30일 13시,월요일,대전광역시 동구 천동,중상사고,0,1,1,0,차대차 - 측면충돌,신호위반,건조,맑음,교차로 - 교차로안,승용,여,45세,중상,승용,남,43세,경상
2023013000100260,2023년 1월 30일 13시,월요일,대전광역시 서구 탄방동,경상사고,0,0,2,0,차대차 - 기타,안전운전불이행,건조,맑음,교차로 - 교차로부근,승용,남,63세,상해없음,승용,남,36세,경상
2023013000100449,2023년 1월 30일 18시,월요일,대전광역시 서구 내동,경상사고,0,0,2,0,차대차 - 측면충돌,안전운전불이행,건조,맑음,단일로 - 기타,승용,남,56세,상해없음,이륜,남,42세,경상
2023013000100450,2023년 1월 30일 18시,월요일,대전광역시 대덕구 오정동,경상사고,0,0,1,0,차대사람 - 기타,신호위반,건조,맑음,단일로 - 기타,승용,남,65세,상해없음,보행자,여,28세,경상
2023013000100484,2023년 1월 30일 19시,월요일,대전광역시 동구 중동,경상사고,0,0,1,0,차대차 - 추돌,안전운전불이행,건조,맑음,단일로 - 기타,승용,남,33세,상해없음,승합,남,58세,상해없음
2023013000100505,2023년 1월 30일 20시,월요일,대전광역시 유성구 송강동,경상사고,0,0,1,0,차대차 - 기타,안전운전불이행,건조,맑음,교차로 - 교차로부근,승용,여,54세,기타불명,승용,남,29세,경상
2023013100100037,2023년 1월 31일 03시,화요일,대전광역시 서구 괴정동,경상사고,0,0,1,0,차대차 - 기타,안전운전불이행,건조,맑음,기타 - 기타,승용,남,19세,상해없음,승용,남,39세,경상
2023013100100064,2023년 1월 31일 06시,화요일,대전광역시 유성구 갑동,사망사고,1,0,0,0,차대차 - 기타,신호위반,건조,맑음,교차로 - 교차로안,건설기계,남,55세,상해없음,이륜,남,27세,사망
2023013100100120,2023년 1월 31일 08시,화요일,대전광역시 중구 유천동,경상사고,0,0,1,0,차대차 - 측면충돌,안전운전불이행,건조,맑음,단일로 - 기타,승용,여,59세,상해없음,승용,여,30세,경상
2023013100100192,2023년 1월 31일 11시,화요일,대전광역시 동구 삼성동,중상사고,0,1,0,0,차대사람 - 횡단중,보행자보호의무위반,건조,맑음,교차로 - 교차로횡단보도내,승용,남,59세,상해없음,보행자,남,79세,중상
2023013100100220,2023년 1월 31일 12시,화요일,대전광역시 서구 탄방동,경상사고,0,0,1,0,차대사람 - 기타,안전운전불이행,건조,맑음,교차로 - 교차로안,승용,여,44세,상해없음,보행자,남,62세,경상
2023013100100247,2023년 1월 31일 13시,화요일,대전광역시 동구 삼성동,중상사고,0,1,0,0,차대사람 - 기타,기타,건조,맑음,교차로 - 교차로부근,승합,남,56세,상해없음,보행자,여,80세,중상
2023013100100291,2023년 1월 31일 14시,화요일,대전광역시 대덕구 읍내동,경상사고,0,0,1,0,차대차 - 기타,안전운전불이행,건조,맑음,단일로 - 기타,승용,여,69세,기타불명,승용,여,54세,경상
2023013100100319,2023년 1월 31일 15시,화요일,대전광역시 유성구 봉명동,경상사고,0,0,3,0,차대차 - 추돌,안전운전불이행,건조,맑음,교차로 - 교차로부근,승용,남,22세,기타불명,승용,여,26세,경상
2023013100100356,2023년 1월 31일 16시,화요일,대전광역시 서구 둔산동,경상사고,0,0,1,0,차대사람 - 기타,보행자보호의무위반,건조,맑음,교차로 - 교차로횡단보도내,승용,남,24세,상해없음,보행자,남,32세,경상
2023013100100357,2023년 1월 31일 16시,화요일,대전광역시 유성구 어은동,경상사고,0,0,2,0,차대차 - 측면충돌,안전운전불이행,건조,맑음,교차로 - 교차로부근,승용,남,41세,상해없음,승용,여,44세,경상
2023013100100391,2023년 1월 31일 17시,화요일,대전광역시 대덕구 덕암동,중상사고,0,1,0,0,차대차 - 측면충돌,교차로운행방법위반,건조,맑음,교차로 - 교차로안,승용,남,65세,상해없음,이륜,남,83세,중상
2023013100100440,2023년 1월 31일 18시,화요일,대전광역시 동구 소제동,경상사고,0,0,2,0,차대차 - 측면충돌,교차로운행방법위반,건조,맑음,교차로 - 교차로횡단보도내,승용,남,63세,상해없음,승용,남,73세,경상
2023013100100441,2023년 1월 31일 18시,화요일,대전광역시 유성구 전민동,경상사고,0,0,1,0,차대사람 - 기타,보행자보호의무위반,건조,맑음,기타 - 기타,승용,남,33세,상해없음,보행자,여,30세,경상
2023013100100483,2023년 1월 31일 19시,화요일,대전광역시 중구 선화동,경상사고,0,0,2,0,차대차 - 측면충돌,직진우회전진행방해,건조,맑음,교차로 - 교차로안,승용,남,63세,상해없음,원동기,남,18세,상해없음
2023013100100484,2023년 1월 31일 19시,화요일,대전광역시 유성구 계산동,중상사고,0,2,0,0,차대사람 - 기타,보행자보호의무위반,건조,맑음,교차로 - 교차로횡단보도내,승용,남,44세,상해없음,보행자,여,57세,중상
2023013100100571,2023년 1월 31일 23시,화요일,대전광역시 유성구 송강동,경상사고,0,0,1,0,차대차 - 기타,안전운전불이행,건조,맑음,기타 - 기타,기타불명,기타불명,미분류,기타불명,승용,남,54세,경상
2023020100100090,2023년 2월 1일 08시,수요일,대전광역시 유성구 장대동,경상사고,0,0,1,0,차대차 - 측면충돌,안전운전불이행,건조,맑음,기타 - 기타,건설기계,남,55세,상해없음,승용,남,42세,경상
2023020100100151,2023년 2월 1일 10시,수요일,대전광역시 서구 둔산동,중상사고,0,1,3,0,차대차 - 추돌,안전운전불이행,건조,맑음,교차로 - 교차로부근,승합,남,53세,상해없음,승용,남,31세,경상
2023020100100186,2023년 2월 1일 11시,수요일,대전광역시 서구 월평동,경상사고,0,0,1,0,차대차 - 측면충돌,안전거리미확보,건조,맑음,단일로 - 교량,승용,여,50세,상해없음,승용,남,37세,경상
2023020100100187,2023년 2월 1일 11시,수요일,대전광역시 유성구 송강동,경상사고,0,0,3,0,차대차 - 추돌,안전운전불이행,건조,맑음,단일로 - 기타,승합,남,36세,상해없음,승용,여,34세,경상
2023020100100215,2023년 2월 1일 12시,수요일,대전광역시 대덕구 신탄진동,중상사고,0,3,0,0,차대차 - 측면충돌,신호위반,건조,맑음,교차로 - 교차로안,이륜,남,44세,기타불명,승용,남,29세,중상
2023020100100238,2023년 2월 1일 13시,수요일,대전광역시 중구 태평동,경상사고,0,0,1,0,차대차 - 기타,교차로운행방법위반,건조,맑음,단일로 - 기타,이륜,남,49세,상해없음,승용,남,26세,경상
2023020100100239,2023년 2월 1일 13시,수요일,대전광역시 서구 관저동,경상사고,0,0,1,0,차대차 - 측면충돌,안전거리미확보,건조,맑음,단일로 - 기타,승용,남,67세,상해없음,승용,남,37세,경상
2023020100100240,2023년 2월 1일 13시,수요일,대전광역시 서구 월평동,경상사고,0,0,3,0,차대차 - 추돌,안전운전불이행,건조,맑음,단일로 - 기타,화물,남,54세,경상,승용,여,50세,상해없음
2023020100100264,2023년 2월 1일 14시,수요일,대전광역시 동구 용운동,경상사고,0,0,4,0,차대차 - 측면충돌,안전운전불이행,건조,맑음,단일로 - 기타,승용,남,67세,상해없음,승용,남,36세,경상
2023020100100265,2023년 2월 1일 14시,수요일,대전광역시 서구 도마동,경상사고,0,0,2,0,차대차 - 측면충돌,중앙선침범,건조,맑음,단일로 - 기타,승용,남,65세,상해없음,승용,남,72세,경상
2023020100100317,2023년 2월 1일 16시,수요일,대전광역시 서구 관저동,경상사고,0,0,1,0,차대차 - 측면충돌,안전운전불이행,건조,맑음,교차로 - 교차로안,승용,남,64세,상해없음,승용,남,31세,경상
2023020100100318,2023년 2월 1일 16시,수요일,대전광역시 유성구 장대동,중상사고,0,1,0,0,차대차 - 측면충돌,교차로운행방법위반,건조,맑음,교차로 - 교차로안,승합,남,36세,상해없음,승용,여,60세,중상
2023020100100361,2023년 2월 1일 17시,수요일,대전광역시 서구 월평동,중상사고,0,2,1,0,차대차 - 기타,안전거리미확보,건조,맑음,교차로 - 교차로부근,승용,남,65세,기타불명,승용,여,47세,중상
2023020100100411,2023년 2월 1일 18시,수요일,대전광역시 서구 둔산동,중상사고,0,2,1,0,차대차 - 기타,신호위반,건조,맑음,교차로 - 교차로안,승용,여,67세,중상,승용,남,38세,중상
2023020100100451,2023년 2월 1일 19시,수요일,대전광역시 대덕구 오정동,중상사고,0,1,0,0,차대차 - 측면충돌,중앙선침범,건조,맑음,교차로 - 교차로부근,승용,여,55세,상해없음,승용,여,44세,중상
2023020100100497,2023년 2월 1일 21시,수요일,대전광역시 서구 관저동,경상사고,0,0,1,0,차대차 - 추돌,안전운전불이행,건조,맑음,단일로 - 기타,승용,여,42세,상해없음,이륜,남,47세,경상
2023020100100512,2023년 2월 1일 22시,수요일,대전광역시 서구 갈마동,경상사고,0,0,1,0,차대사람 - 기타,불법유턴,건조,맑음,단일로 - 기타,승용,여,25세,상해없음,보행자,여,31세,경상
2023020100100513,2023년 2월 1일 22시,수요일,대전광역시 서구 둔산동,경상사고,0,0,1,0,차대차 - 정면충돌,신호위반,건조,맑음,교차로 - 교차로안,승용,남,51세,상해없음,승용,여,26세,경상
2023020100100531,2023년 2월 1일 23시,수요일,대전광역시 서구 도안동,경상사고,0,0,1,0,차대차 - 추돌,안전거리미확보,건조,맑음,단일로 - 기타,승용,남,46세,상해없음,승용,여,36세,경상
2023020200100006,2023년 2월 2일 00시,목요일,대전광역시 중구 오류동,경상사고,0,0,1,0,차대차 - 기타,안전운전불이행,건조,맑음,기타 - 기타,승용,남,39세,상해없음,승용,남,59세,경상
2023020200100025,2023년 2월 2일 02시,목요일,대전광역시 유성구 도룡동,경상사고,0,0,1,0,차대사람 - 기타,안전운전불이행,건조,맑음,교차로 - 교차로안,승용,남,25세,상해없음,보행자,남,21세,경상
2023020200100051,2023년 2월 2일 06시,목요일,대전광역시 대덕구 신일동,중상사고,0,1,2,0,차대차 - 측면충돌,신호위반,건조,맑음,교차로 - 교차로안,승용,남,26세,경상,승용,남,44세,중상
2023020200100131,2023년 2월 2일 09시,목요일,대전광역시 유성구 원신흥동,경상사고,0,0,2,0,차대차 - 기타,안전운전불이행,건조,맑음,단일로 - 기타,승용,여,40세,상해없음,승용,여,34세,경상
2023020200100179,2023년 2월 2일 11시,목요일,대전광역시 서구 탄방동,중상사고,0,1,0,0,차대차 - 기타,안전운전불이행,건조,맑음,교차로 - 교차로부근,승용,여,74세,상해없음,승용,남,25세,중상
2023020200100205,2023년 2월 2일 12시,목요일,대전광역시 서구 둔산동,경상사고,0,0,1,0,차대차 - 기타,안전운전불이행,건조,맑음,기타 - 기타,승용,남,59세,상해없음,승용,남,51세,경상
2023020200100254,2023년 2월 2일 14시,목요일,대전광역시 중구 문화동,경상사고,0,0,2,0,차대차 - 추돌,안전운전불이행,건조,맑음,교차로 - 교차로부근,승합,남,48세,상해없음,승용,여,62세,경상
2023020200100255,2023년 2월 2일 14시,목요일,대전광역시 서구 둔산동,경상사고,0,0,1,0,차대사람 - 기타,안전운전불이행,건조,맑음,단일로 - 기타,승용,여,63세,상해없음,보행자,남,68세,경상
2023020200100256,2023년 2월 2일 14시,목요일,대전광역시 서구 탄방동,중상사고,0,1,0,0,차대사람 - 횡단중,보행자보호의무위반,건조,맑음,교차로 - 교차로횡단보도내,승용,남,66세,상해없음,보행자,여,76세,중상
2023020200100257,2023년 2월 2일 14시,목요일,대전광역시 유성구 장대동,경상사고,0,0,2,1,차대차 - 추돌,안전운전불이행,건조,맑음,교차로 - 교차로부근,승용,남,68세,상해없음,승용,남,35세,경상
2023020200100305,2023년 2월 2일 16시,목요일,대전광역시 유성구 송강동,경상사고,0,0,4,2,차대차 - 측면충돌,신호위반,건조,맑음,교차로 - 교차로안,승합,남,70세,상해없음,승용,남,82세,경상
2023020200100327,2023년 2월 2일 17시,목요일,대전광역시 중구 문화동,경상사고,0,0,3,0,차대차 - 측면충돌,기타,건조,맑음,단일로 - 기타,승용,남,57세,상해없음,승합,남,65세,경상
2023020200100328,2023년 2월 2일 17시,목요일,대전광역시 대덕구 중리동,경상사고,0,0,2,0,차대차 - 기타,안전운전불이행,건조,맑음,단일로 - 기타,승용,남,53세,상해없음,승용,남,63세,경상
2023020200100329,2023년 2월 2일 17시,목요일,대전광역시 서구 둔산동,경상사고,0,0,1,0,차대차 - 측면충돌,신호위반,건조,맑음,교차로 - 교차로횡단보도내,승용,여,48세,상해없음,자전거,남,57세,경상
2023020200100377,2023년 2월 2일 18시,목요일,대전광역시 서구 갈마동,경상사고,0,0,1,0,차대차 - 측면충돌,안전운전불이행,건조,맑음,교차로 - 교차로부근,승용,남,23세,상해없음,승용,여,49세,경상
2023020200100452,2023년 2월 2일 21시,목요일,대전광역시 동구 용전동,중상사고,0,1,0,0,차대차 - 측면충돌,신호위반,건조,맑음,교차로 - 교차로횡단보도내,승용,남,52세,상해없음,자전거,여,45세,중상
2023020200100491,2023년 2월 2일 23시,목요일,대전광역시 중구 유천동,경상사고,0,0,1,0,차대차 - 측면충돌,안전거리미확보,건조,맑음,단일로 - 기타,승용,남,59세,상해없음,승용,남,55세,경상
2023020300100021,2023년 2월 3일 02시,금요일,대전광역시 동구 가오동,경상사고,0,0,3,0,차대차 - 기타,안전운전불이행,건조,맑음,교차로 - 교차로부근,승용,남,30세,기타불명,승용,남,67세,경상
2023020300100022,2023년 2월 3일 02시,금요일,대전광역시 대덕구 신일동,경상사고,0,0,1,0,차대차 - 추돌,안전운전불이행,건조,맑음,교차로 - 교차로부근,승용,남,26세,경상,특수,남,54세,상해없음
2023020300100098,2023년 2월 3일 08시,금요일,대전광역시 서구 월평동,경상사고,0,0,1,0,차대차 - 후진중충돌,안전운전불이행,건조,맑음,단일로 - 기타,화물,남,27세,상해없음,승용,남,74세,경상
2023020300100121,2023년 2월 3일 09시,금요일,대전광역시 서구 만년동,경상사고,0,0,1,0,차대사람 - 횡단중,신호위반,건조,맑음,교차로 - 교차로횡단보도내,승용,여,40세,상해없음,보행자,여,70세,경상
2023020300100138,2023년 2월 3일 10시,금요일,대전광역시 중구 오류동,경상사고,0,0,1,0,차대차 - 측면충돌,안전거리미확보,건조,맑음,단일로 - 기타,화물,남,68세,상해없음,승용,남,30세,경상
2023020300100139,2023년 2월 3일 10시,금요일,대전광역시 동구 대성동,경상사고,0,0,1,0,차대차 - 측면충돌,안전운전불이행,건조,맑음,단일로 - 기타,화물,남,70세,상해없음,승용,여,49세,경상
2023020300100141,2023년 2월 3일 10시,금요일,대전광역시 서구 둔산동,경상사고,0,0,1,0,차대차 - 기타,안전운전불이행,건조,맑음,주차장 - 주차장,승용,남,51세,기타불명,승합,남,54세,경상
2023020300100191,2023년 2월 3일 12시,금요일,대전광역시 서구 갈마동,경상사고,0,0,1,0,차대차 - 기타,안전운전불이행,건조,맑음,단일로 - 기타,승용,여,66세,기타불명,승합,남,44세,경상
2023020300100223,2023년 2월 3일 13시,금요일,대전광역시 서구 괴정동,중상사고,0,1,0,0,차대사람 - 기타,안전운전불이행,건조,맑음,교차로 - 교차로부근,승용,여,53세,상해없음,보행자,여,58세,중상
2023020300100225,2023년 2월 3일 13시,금요일,대전광역시 유성구 원내동,경상사고,0,0,1,0,차대차 - 기타,안전운전불이행,건조,맑음,기타 - 기타,승용,남,67세,상해없음,승용,남,43세,경상
2023020300100248,2023년 2월 3일 14시,금요일,대전광역시 중구 대사동,경상사고,0,0,1,0,차대차 - 측면충돌,안전거리미확보,건조,맑음,교차로 - 교차로부근,건설기계,남,65세,상해없음,승용,여,79세,경상
2023020300100249,2023년 2월 3일 14시,금요일,대전광역시 서구 관저동,경상사고,0,0,1,0,차대차 - 측면충돌,기타,건조,맑음,단일로 - 기타,승용,여,55세,경상,승용,남,38세,상해없음
2023020300100326,2023년 2월 3일 16시,금요일,대전광역시 대덕구 법동,중상사고,0,1,0,0,차대사람 - 횡단중,안전운전불이행,건조,맑음,교차로 - 교차로안,승용,남,68세,상해없음,보행자,여,79세,중상
2023020300100327,2023년 2월 3일 16시,금요일,대전광역시 대덕구 송촌동,중상사고,0,1,0,0,차대사람 - 차도통행중,안전운전불이행,건조,맑음,교차로 - 교차로부근,승용,남,56세,상해없음,보행자,여,67세,중상
2023020300100328,2023년 2월 3일 16시,금요일,대전광역시 유성구 죽동,경상사고,0,0,1,0,차대차 - 기타,안전운전불이행,건조,맑음,단일로 - 기타,승합,남,62세,상해없음,승용,여,32세,경상
2023020300100364,2023년 2월 3일 17시,금요일,대전광역시 유성구 궁동,경상사고,0,0,1,0,차대차 - 측면충돌,직진우회전진행방해,건조,맑음,교차로 - 교차로안,승용,남,35세,상해없음,화물,남,27세,경상
2023020300100424,2023년 2월 3일 18시,금요일,대전광역시 동구 가양동,경상사고,0,0,1,0,차대차 - 측면충돌,신호위반,건조,맑음,교차로 - 교차로안,승합,남,51세,상해없음,승용,남,30세,경상
2023020300100425,2023년 2월 3일 18시,금요일,대전광역시 서구 가수원동,경상사고,0,0,1,0,차대차 - 기타,안전운전불이행,건조,맑음,교차로 - 교차로부근,승합,남,50세,상해없음,승용,여,46세,경상
2023020300100426,2023년 2월 3일 18시,금요일,대전광역시 서구 변동,경상사고,0,0,1,0,차대차 - 기타,안전운전불이행,건조,맑음,교차로 - 교차로안,승용,남,61세,상해없음,승용,남,34세,경상
2023020300100427,2023년 2월 3일 18시,금요일,대전광역시 대덕구 오정동,경상사고,0,0,1,0,차대차 - 추돌,안전운전불이행,건조,맑음,단일로 - 기타,화물,남,31세,상해없음,승용,남,64세,경상
2023020300100428,2023년 2월 3일 18시,금요일,대전광역시 유성구 봉산동,중상사고,0,1,0,2,차대차 - 측면충돌,안전운전불이행,건조,맑음,교차로 - 교차로안,승합,남,56세,상해없음,원동기,남,67세,중상
2023020300100429,2023년 2월 3일 18시,금요일,대전광역시 유성구 노은동,경상사고,0,0,2,0,차대차 - 기타,신호위반,건조,맑음,교차로 - 교차로횡단보도내,승용,남,27세,상해없음,승용,남,43세,경상
2023020300100470,2023년 2월 3일 19시,금요일,대전광역시 서구 복수동,경상사고,0,0,1,0,차대차 - 기타,신호위반,건조,맑음,교차로 - 교차로안,승용,남,70세,상해없음,이륜,남,69세,경상
2023020300100471,2023년 2월 3일 19시,금요일,대전광역시 유성구 지족동,경상사고,0,0,1,0,차대차 - 기타,신호위반,건조,맑음,교차로 - 교차로안,이륜,남,47세,상해없음,승용,여,42세,경상
2023020300100472,2023년 2월 3일 19시,금요일,대전광역시 유성구 궁동,경상사고,0,0,1,0,차대차 - 기타,신호위반,건조,맑음,교차로 - 교차로안,이륜,남,63세,상해없음,이륜,남,28세,경상
2023020300100473,2023년 2월 3일 19시,금요일,대전광역시 유성구 봉명동,경상사고,0,0,1,0,차대차 - 측면충돌,교차로운행방법위반,건조,맑음,교차로 - 교차로안,승용,여,47세,상해없음,승용,여,55세,경상
2023020300100474,2023년 2월 3일 19시,금요일,대전광역시 유성구 반석동,경상사고,0,0,1,0,차대차 - 기타,교차로운행방법위반,건조,맑음,교차로 - 교차로안,화물,남,70세,상해없음,승용,남,33세,경상
2023020300100500,2023년 2월 3일 20시,금요일,대전광역시 동구 용전동,경상사고,0,0,1,0,차대사람 - 기타,안전운전불이행,건조,맑음,교차로 - 교차로안,승용,남,64세,상해없음,보행자,남,54세,경상
2023020300100501,2023년 2월 3일 20시,금요일,대전광역시 유성구 복용동,경상사고,0,0,2,0,차대차 - 측면충돌,안전운전불이행,건조,맑음,교차로 - 교차로부근,승용,남,36세,상해없음,승용,남,44세,경상
2023020300100532,2023년 2월 3일 21시,금요일,대전광역시 중구 대흥동,중상사고,0,1,1,0,차대차 - 측면충돌,직진우회전진행방해,건조,맑음,교차로 - 교차로안,승용,남,27세,상해없음,이륜,남,54세,중상
2023020300100555,2023년 2월 3일 22시,금요일,대전광역시 동구 용전동,경상사고,0,0,1,0,차대사람 - 횡단중,보행자보호의무위반,건조,맑음,단일로 - 기타,승용,여,59세,상해없음,보행자,남,46세,경상
2023020300100556,2023년 2월 3일 22시,금요일,대전광역시 서구 가장동,경상사고,0,0,1,0,차대차 - 측면충돌,신호위반,건조,맑음,교차로 - 교차로안,승용,여,37세,상해없음,이륜,남,37세,경상
2023020300100557,2023년 2월 3일 22시,금요일,대전광역시 서구 도안동,중상사고,0,1,0,0,차대차 - 정면충돌,중앙선침범,건조,기타,단일로 - 기타,승용,남,45세,상해없음,승용,남,50세,중상
2023020300100569,2023년 2월 3일 23시,금요일,대전광역시 유성구 학하동,경상사고,0,0,2,0,차대차 - 추돌,안전운전불이행,건조,맑음,단일로 - 기타,승용,남,53세,상해없음,승용,남,42세,경상
2023020400100039,2023년 2월 4일 01시,토요일,대전광역시 대덕구 중리동,경상사고,0,0,2,0,차대차 - 기타,안전운전불이행,건조,맑음,기타 - 기타,승용,남,45세,상해없음,승용,남,55세,경상
2023020400100064,2023년 2월 4일 05시,토요일,대전광역시 서구 둔산동,경상사고,0,0,1,0,차대사람 - 기타,안전운전불이행,건조,맑음,단일로 - 기타,승용,남,33세,상해없음,보행자,남,23세,경상
2023020400100117,2023년 2월 4일 09시,토요일,대전광역시 중구 문화동,경상사고,0,0,1,0,차대차 - 측면충돌,직진우회전진행방해,건조,맑음,교차로 - 교차로안,화물,남,54세,기타불명,원동기,남,57세,경상