사고번호,사고일시,요일,시군구,사고내용,사망자수,중상자수,경상자수,부상신고자수,사고유형,법규위반,노면상태,기상상태,도로형태,가해운전자 차종,가해운전자 성별,가해운전자 연령,가해운전자 상해정도,피해운전자 차종,피해운전자 성별,피해운전자 연령,피해운전자 상해정도
2023021100100348,2023년 2월 11일 18시,토요일,대전광역시 서구 월평동,경상사고,0,0,3,0,차대차 - 기타,안전운전불이행,건조,맑음,단일로 - 기타,승용,남,47세,상해없음,승용,남,50세,경상
2023021100100375,2023년 2월 11일 19시,토요일,대전광역시 중구 대흥동,중상사고,0,1,7,0,차대차 - 정면충돌,신호위반,건조,맑음,교차로 - 교차로안,승용,남,22세,경상,승용,남,32세,경상
2023021100100403,2023년 2월 11일 20시,토요일,대전광역시 동구 가양동,경상사고,0,0,2,0,차대차 - 기타,신호위반,건조,맑음,교차로 - 교차로횡단보도내,화물,남,50세,상해없음,승용,남,43세,경상
2023021100100404,2023년 2월 11일 20시,토요일,대전광역시 유성구 봉명동,경상사고,0,0,1,0,차대사람 - 보도통행중,안전운전불이행,건조,맑음,교차로 - 교차로부근,승용,남,78세,상해없음,보행자,남,63세,경상
2023021100100430,2023년 2월 11일 21시,토요일,대전광역시 중구 선화동,경상사고,0,0,1,0,차대차 - 추돌,안전운전불이행,건조,맑음,단일로 - 기타,승용,남,33세,상해없음,승용,남,23세,경상
2023021100100431,2023년 2월 11일 21시,토요일,대전광역시 유성구 가정동,경상사고,0,0,1,0,차대차 - 기타,신호위반,젖음/습기,안개,교차로 - 교차로안,승용,남,38세,상해없음,승용,여,55세,경상
2023021100100471,2023년 2월 11일 23시,토요일,대전광역시 동구 홍도동,경상사고,0,0,1,0,차대사람 - 횡단중,보행자보호의무위반,건조,맑음,단일로 - 기타,승용,남,42세,상해없음,보행자,남,38세,경상
2023021200100014,2023년 2월 12일 00시,일요일,대전광역시 서구 내동,경상사고,0,0,2,0,차대차 - 추돌,안전운전불이행,건조,맑음,교차로 - 교차로부근,승용,남,27세,상해없음,승용,남,51세,경상
2023021200100046,2023년 2월 12일 05시,일요일,대전광역시 서구 둔산동,경상사고,0,0,1,0,차대차 - 추돌,안전운전불이행,기타,안개,교차로 - 교차로부근,승용,남,22세,상해없음,승용,여,62세,경상
2023021200100063,2023년 2월 12일 08시,일요일,대전광역시 중구 부사동,경상사고,0,0,1,0,차대차 - 측면충돌,안전운전불이행,건조,맑음,교차로 - 교차로안,승용,남,35세,상해없음,승용,여,77세,경상
2023021200100064,2023년 2월 12일 08시,일요일,대전광역시 서구 관저동,사망사고,1,0,0,0,차량단독 - 공작물충돌,안전운전불이행,젖음/습기,흐림,교차로 - 교차로안,승용,남,55세,사망,,,,
2023021200100080,2023년 2월 12일 09시,일요일,대전광역시 서구 내동,중상사고,0,1,0,0,차대차 - 기타,교차로운행방법위반,건조,맑음,교차로 - 교차로부근,승용,여,61세,상해없음,이륜,남,33세,중상
2023021200100092,2023년 2월 12일 10시,일요일,대전광역시 유성구 상대동,경상사고,0,0,1,0,차대차 - 측면충돌,안전운전불이행,건조,흐림,교차로 - 교차로안,승용,여,33세,상해없음,승용,남,50세,경상
2023021200100161,2023년 2월 12일 13시,일요일,대전광역시 중구 오류동,중상사고,0,1,0,0,차대차 - 측면충돌,안전운전불이행,건조,맑음,교차로 - 교차로안,승용,남,67세,상해없음,승용,여,60세,중상
2023021200100185,2023년 2월 12일 14시,일요일,대전광역시 동구 가오동,경상사고,0,0,1,0,차대차 - 측면충돌,안전거리미확보,건조,맑음,단일로 - 기타,승용,남,49세,상해없음,승용,남,68세,경상
2023021200100287,2023년 2월 12일 19시,일요일,대전광역시 서구 둔산동,경상사고,0,0,1,0,차대사람 - 기타,안전운전불이행,건조,맑음,단일로 - 기타,화물,남,63세,상해없음,보행자,남,22세,경상
2023021200100288,2023년 2월 12일 19시,일요일,대전광역시 유성구 송강동,경상사고,0,0,1,0,차대차 - 기타,신호위반,건조,맑음,기타 - 기타,승용,남,43세,상해없음,이륜,남,45세,경상
2023021200100289,2023년 2월 12일 19시,일요일,대전광역시 유성구 방동,경상사고,0,0,2,0,차대차 - 기타,안전운전불이행,건조,맑음,교차로 - 교차로부근,승용,남,60세,상해없음,승용,남,38세,경상
2023021200100315,2023년 2월 12일 20시,일요일,대전광역시 대덕구 비래동,경상사고,0,0,1,0,차대차 - 후진중충돌,안전운전불이행,건조,맑음,기타 - 기타,승용,남,69세,상해없음,이륜,남,36세,경상
2023021300100006,2023년 2월 13일 00시,월요일,대전광역시 동구 성남동,부상신고사고,0,0,0,1,차량단독 - 기타,기타,건조,맑음,단일로 - 지하차도(도로)내,자전거,남,17세,부상신고,,,,
2023021300100042,2023년 2월 13일 06시,월요일,대전광역시 중구 오류동,중상사고,0,1,0,0,차대사람 - 횡단중,보행자보호의무위반,건조,맑음,교차로 - 교차로안,승합,남,56세,상해없음,보행자,남,80세,중상
2023021300100062,2023년 2월 13일 07시,월요일,대전광역시 대덕구 읍내동,경상사고,0,0,1,0,차대차 - 추돌,안전거리미확보,건조,맑음,단일로 - 기타,승용,남,38세,상해없음,승용,남,56세,경상
2023021300100101,2023년 2월 13일 08시,월요일,대전광역시 동구 용전동,중상사고,0,1,0,0,차대차 - 측면충돌,불법유턴,건조,맑음,교차로 - 교차로부근,화물,남,67세,상해없음,승용,남,55세,중상
2023021300100148,2023년 2월 13일 10시,월요일,대전광역시 대덕구 석봉동,경상사고,0,0,1,0,차대차 - 측면충돌,안전운전불이행,건조,맑음,교차로 - 교차로부근,승용,남,73세,상해없음,개인형이동수단(PM),남,36세,경상
2023021300100168,2023년 2월 13일 11시,월요일,대전광역시 중구 산성동,중상사고,0,1,0,0,차대사람 - 보도통행중,안전운전불이행,건조,맑음,기타 - 기타,화물,남,44세,상해없음,보행자,여,70세,중상
2023021300100169,2023년 2월 13일 11시,월요일,대전광역시 동구 정동,경상사고,0,0,2,0,차대차 - 기타,안전거리미확보,건조,맑음,단일로 - 기타,승합,남,62세,상해없음,승용,남,73세,경상
2023021300100192,2023년 2월 13일 12시,월요일,대전광역시 중구 태평동,경상사고,0,0,1,0,차대차 - 기타,안전운전불이행,건조,맑음,교차로 - 교차로안,화물,남,59세,상해없음,이륜,남,47세,경상
2023021300100193,2023년 2월 13일 12시,월요일,대전광역시 서구 둔산동,경상사고,0,0,1,0,차대차 - 추돌,안전운전불이행,건조,맑음,교차로 - 교차로부근,승용,남,70세,상해없음,승용,남,57세,경상
2023021300100215,2023년 2월 13일 13시,월요일,대전광역시 유성구 전민동,경상사고,0,0,2,0,차대차 - 기타,안전운전불이행,건조,맑음,교차로 - 교차로부근,승용,여,54세,상해없음,화물,남,40세,경상
2023021300100216,2023년 2월 13일 13시,월요일,대전광역시 유성구 원내동,경상사고,0,0,2,0,차대차 - 추돌,안전운전불이행,건조,맑음,교차로 - 교차로안,승용,남,64세,상해없음,승용,여,50세,경상
2023021300100247,2023년 2월 13일 14시,월요일,대전광역시 유성구 지족동,경상사고,0,0,1,0,차대차 - 기타,안전운전불이행,건조,맑음,교차로 - 교차로안,승용,여,49세,기타불명,승용,남,31세,경상
2023021300100281,2023년 2월 13일 15시,월요일,대전광역시 대덕구 문평동,경상사고,0,0,4,0,차대차 - 추돌,안전운전불이행,건조,맑음,단일로 - 고가도로위,승용,남,61세,상해없음,승용,여,39세,경상
2023021300100357,2023년 2월 13일 17시,월요일,대전광역시 동구 소제동,경상사고,0,0,1,0,차대차 - 측면충돌,안전운전불이행,건조,맑음,단일로 - 기타,승합,여,37세,상해없음,승합,남,60세,경상
2023021300100358,2023년 2월 13일 17시,월요일,대전광역시 동구 삼정동,경상사고,0,0,2,0,차대차 - 기타,안전운전불이행,건조,맑음,단일로 - 기타,승용,남,72세,상해없음,승용,남,23세,경상
2023021300100359,2023년 2월 13일 17시,월요일,대전광역시 서구 관저동,경상사고,0,0,1,0,차대사람 - 기타,안전운전불이행,건조,맑음,기타 - 기타,승용,남,65세,상해없음,보행자,남,40세,경상
2023021300100361,2023년 2월 13일 17시,월요일,대전광역시 서구 둔산동,경상사고,0,0,2,0,차대차 - 기타,안전운전불이행,건조,맑음,교차로 - 교차로안,승용,남,21세,상해없음,승용,남,18세,경상
2023021300100362,2023년 2월 13일 17시,월요일,대전광역시 유성구 둔곡동,경상사고,0,0,1,0,차대차 - 기타,교차로운행방법위반,건조,맑음,교차로 - 교차로안,승용,여,28세,상해없음,승용,여,29세,경상
2023021300100416,2023년 2월 13일 18시,월요일,대전광역시 동구 대성동,중상사고,0,1,0,0,차대차 - 측면충돌,안전운전불이행,건조,맑음,교차로 - 교차로안,승용,남,68세,상해없음,승용,여,48세,중상
2023021400100013,2023년 2월 14일 00시,화요일,대전광역시 유성구 신성동,경상사고,0,0,1,0,차대차 - 측면충돌,안전운전불이행,건조,맑음,교차로 - 교차로안,승용,남,47세,상해없음,이륜,남,27세,경상
2023021400100034,2023년 2월 14일 05시,화요일,대전광역시 서구 탄방동,경상사고,0,0,1,0,차대차 - 기타,교차로운행방법위반,건조,맑음,교차로 - 교차로안,승용,남,24세,상해없음,승용,남,39세,경상
2023021400100057,2023년 2월 14일 07시,화요일,대전광역시 중구 호동,경상사고,0,0,1,0,차대차 - 추돌,신호위반,건조,맑음,교차로 - 교차로안,승용,기타불명,미분류,기타불명,승용,여,56세,경상
2023021400100081,2023년 2월 14일 08시,화요일,대전광역시 중구 산성동,경상사고,0,0,1,0,차대사람 - 기타,안전운전불이행,건조,맑음,단일로 - 기타,승합,남,38세,상해없음,보행자,여,43세,경상
2023021400100082,2023년 2월 14일 08시,화요일,대전광역시 서구 둔산동,경상사고,0,0,1,0,차대차 - 추돌,안전운전불이행,건조,맑음,단일로 - 기타,승용,남,35세,상해없음,승용,남,25세,경상
2023021400100123,2023년 2월 14일 10시,화요일,대전광역시 중구 문화동,경상사고,0,0,1,0,차대차 - 기타,안전운전불이행,건조,맑음,단일로 - 기타,승용,남,44세,상해없음,승용,여,47세,경상
2023021400100143,2023년 2월 14일 11시,화요일,대전광역시 유성구 반석동,경상사고,0,0,1,0,차대차 - 기타,안전운전불이행,건조,맑음,기타 - 기타,승용,남,65세,상해없음,자전거,여,32세,경상
2023021400100170,2023년 2월 14일 12시,화요일,대전광역시 동구 가양동,경상사고,0,0,2,0,차대차 - 측면충돌,신호위반,건조,맑음,교차로 - 교차로안,승용,남,73세,상해없음,승용,남,74세,경상
2023021400100171,2023년 2월 14일 12시,화요일,대전광역시 대덕구 중리동,경상사고,0,0,1,0,차대차 - 기타,안전운전불이행,건조,맑음,단일로 - 기타,승용,남,37세,기타불명,이륜,남,73세,경상
2023021400100172,2023년 2월 14일 12시,화요일,대전광역시 서구 갈마동,경상사고,0,0,2,0,차대차 - 기타,안전거리미확보,건조,맑음,단일로 - 기타,승용,여,55세,상해없음,승용,남,21세,경상
2023021400100173,2023년 2월 14일 12시,화요일,대전광역시 서구 둔산동,경상사고,0,0,1,0,차대차 - 기타,안전운전불이행,건조,맑음,단일로 - 기타,승용,여,55세,상해없음,승용,여,49세,경상
2023021400100174,2023년 2월 14일 12시,화요일,대전광역시 유성구 원내동,경상사고,0,0,2,0,차대차 - 기타,안전거리미확보,건조,맑음,단일로 - 기타,화물,여,59세,상해없음,승용,여,74세,경상
2023021400100238,2023년 2월 14일 15시,화요일,대전광역시 서구 용문동,경상사고,0,0,1,0,차대차 - 측면충돌,안전거리미확보,건조,맑음,단일로 - 기타,승용,남,47세,상해없음,화물,남,51세,경상
2023021400100279,2023년 2월 14일 16시,화요일,대전광역시 서구 도마동,중상사고,0,2,1,0,차대차 - 기타,신호위반,건조,맑음,교차로 - 교차로부근,승용,남,71세,상해없음,승용,남,70세,중상
2023021400100280,2023년 2월 14일 16시,화요일,대전광역시 서구 도마동,경상사고,0,0,1,0,차대차 - 기타,안전운전불이행,건조,맑음,교차로 - 교차로안,승용,남,32세,상해없음,승용,남,57세,경상
2023021400100311,2023년 2월 14일 17시,화요일,대전광역시 서구 탄방동,경상사고,0,0,1,0,차대사람 - 기타,안전운전불이행,건조,맑음,단일로 - 기타,승용,여,57세,상해없음,보행자,여,53세,경상
2023021400100348,2023년 2월 14일 18시,화요일,대전광역시 서구 탄방동,경상사고,0,0,1,0,차대사람 - 횡단중,보행자보호의무위반,건조,맑음,교차로 - 교차로부근,승용,여,27세,상해없음,보행자,여,8세,경상
2023021400100384,2023년 2월 14일 19시,화요일,대전광역시 동구 자양동,경상사고,0,0,1,0,차대차 - 추돌,안전운전불이행,건조,맑음,교차로 - 교차로부근,이륜,남,28세,상해없음,승용,남,52세,경상
2023021400100408,2023년 2월 14일 20시,화요일,대전광역시 서구 월평동,경상사고,0,0,1,0,차대차 - 기타,안전운전불이행,건조,맑음,단일로 - 기타,승용,남,52세,상해없음,승용,남,44세,경상
2023021400100434,2023년 2월 14일 22시,화요일,대전광역시 서구 둔산동,중상사고,0,1,0,0,차대사람 - 기타,안전운전불이행,건조,맑음,단일로 - 기타,승용,남,25세,상해없음,보행자,여,18세,중상
2023021500100024,2023년 2월 15일 04시,수요일,대전광역시 서구 둔산동,경상사고,0,0,1,0,차대차 - 추돌,안전운전불이행,건조,맑음,교차로 - 교차로부근,기타불명,기타불명,미분류,기타불명,승용,남,66세,상해없음
2023021500100031,2023년 2월 15일 05시,수요일,대전광역시 동구 용전동,경상사고,0,0,1,0,차대차 - 측면충돌,안전운전불이행,건조,맑음,교차로 - 교차로횡단보도내,승합,남,72세,상해없음,자전거,남,63세,경상
2023021500100064,2023년 2월 15일 07시,수요일,대전광역시 유성구 노은동,경상사고,0,0,3,1,차대차 - 측면충돌,안전운전불이행,건조,맑음,교차로 - 교차로안,승용,남,41세,상해없음,승합,남,57세,경상
2023021500100083,2023년 2월 15일 08시,수요일,대전광역시 서구 둔산동,중상사고,0,1,0,0,차대차 - 기타,안전운전불이행,건조,맑음,교차로 - 교차로부근,승용,남,42세,상해없음,개인형이동수단(PM),남,40세,중상
2023021500100180,2023년 2월 15일 12시,수요일,대전광역시 동구 대성동,중상사고,0,1,3,0,차대차 - 측면충돌,신호위반,건조,맑음,교차로 - 교차로안,승용,여,58세,중상,승용,남,39세,경상
2023021500100206,2023년 2월 15일 13시,수요일,대전광역시 중구 대사동,경상사고,0,0,1,0,차대사람 - 기타,보행자보호의무위반,건조,맑음,교차로 - 교차로횡단보도내,승용,남,72세,상해없음,보행자,남,26세,경상
2023021500100207,2023년 2월 15일 13시,수요일,대전광역시 동구 가양동,경상사고,0,0,1,0,차대차 - 후진중충돌,안전운전불이행,건조,맑음,교차로 - 교차로부근,화물,남,57세,상해없음,승용,여,47세,경상
2023021500100208,2023년 2월 15일 13시,수요일,대전광역시 서구 월평동,경상사고,0,0,1,0,차대차 - 기타,안전운전불이행,건조,맑음,단일로 - 기타,승용,남,65세,기타불명,승용,남,35세,경상
2023021500100255,2023년 2월 15일 15시,수요일,대전광역시 유성구 원내동,경상사고,0,0,1,0,차대차 - 기타,안전운전불이행,건조,맑음,교차로 - 교차로부근,화물,남,59세,상해없음,승용,남,29세,경상
2023021500100293,2023년 2월 15일 17시,수요일,대전광역시 유성구 죽동,중상사고,0,1,0,1,차대차 - 추돌,안전운전불이행,건조,맑음,단일로 - 기타,승용,남,31세,상해없음,승용,여,42세,중상
2023021500100303,2023년 2월 15일 17시,수요일,대전광역시 중구 부사동,경상사고,0,0,1,0,차대차 - 측면충돌,안전운전불이행,건조,맑음,단일로 - 기타,원동기,남,47세,경상,승용,여,64세,상해없음
2023021500100343,2023년 2월 15일 18시,수요일,대전광역시 서구 도마동,중상사고,0,1,0,0,차대차 - 측면충돌,안전운전불이행,건조,맑음,단일로 - 기타,승용,여,54세,상해없음,승용,남,65세,중상
2023021500100344,2023년 2월 15일 18시,수요일,대전광역시 유성구 장대동,경상사고,0,0,1,0,차대사람 - 보도통행중,보행자보호의무위반,건조,맑음,교차로 - 교차로부근,승용,남,49세,상해없음,보행자,여,17세,경상
2023021500100384,2023년 2월 15일 19시,수요일,대전광역시 중구 대흥동,경상사고,0,0,1,0,차대차 - 기타,안전거리미확보,건조,맑음,단일로 - 기타,승용,남,63세,상해없음,승용,여,39세,경상
2023021500100386,2023년 2월 15일 19시,수요일,대전광역시 유성구 봉명동,경상사고,0,0,1,0,차대사람 - 횡단중,보행자보호의무위반,건조,맑음,교차로 - 교차로횡단보도내,승용,남,40세,상해없음,보행자,남,16세,경상
2023021500100429,2023년 2월 15일 21시,수요일,대전광역시 대덕구 송촌동,경상사고,0,0,1,0,차대차 - 기타,교차로운행방법위반,건조,맑음,단일로 - 기타,승용,남,59세,상해없음,승용,남,22세,경상
2023021500100430,2023년 2월 15일 21시,수요일,대전광역시 서구 갈마동,중상사고,0,1,0,0,차대사람 - 기타,안전운전불이행,건조,맑음,기타 - 기타,승용,남,34세,상해없음,보행자,여,87세,중상
2023021600100033,2023년 2월 16일 03시,목요일,대전광역시 중구 오류동,경상사고,0,0,1,0,차대차 - 측면충돌,교차로운행방법위반,건조,맑음,교차로 - 교차로부근,승용,남,23세,상해없음,승용,남,35세,경상
2023021600100057,2023년 2월 16일 06시,목요일,대전광역시 유성구 봉명동,경상사고,0,0,1,0,차대차 - 기타,안전거리미확보,건조,흐림,교차로 - 교차로부근,승용,남,83세,상해없음,승용,여,26세,경상
2023021600100105,2023년 2월 16일 08시,목요일,대전광역시 유성구 봉산동,경상사고,0,0,2,0,차대차 - 측면충돌,교차로운행방법위반,건조,맑음,교차로 - 교차로안,승용,여,63세,경상,승용,여,53세,경상
2023021600100167,2023년 2월 16일 10시,목요일,대전광역시 동구 용운동,경상사고,0,0,1,0,차대차 - 기타,기타,건조,맑음,단일로 - 기타,화물,남,56세,상해없음,화물,남,63세,상해없음
2023021600100184,2023년 2월 16일 11시,목요일,대전광역시 서구 변동,경상사고,0,0,1,0,차대사람 - 기타,안전운전불이행,건조,맑음,단일로 - 기타,승용,남,38세,상해없음,보행자,남,12세,경상
2023021600100199,2023년 2월 16일 12시,목요일,대전광역시 유성구 봉명동,경상사고,0,0,4,0,차대차 - 추돌,안전운전불이행,건조,맑음,단일로 - 기타,이륜,남,45세,상해없음,승용,여,62세,경상
2023021600100219,2023년 2월 16일 13시,목요일,대전광역시 서구 탄방동,중상사고,0,1,1,0,차대차 - 측면충돌,교차로운행방법위반,건조,맑음,교차로 - 교차로안,승용,남,44세,상해없음,승용,남,52세,경상
2023021600100232,2023년 2월 16일 14시,목요일,대전광역시 유성구 원내동,경상사고,0,0,1,1,차대차 - 측면충돌,안전운전불이행,건조,흐림,교차로 - 교차로안,화물,남,77세,상해없음,화물,여,35세,경상
2023021600100233,2023년 2월 16일 14시,목요일,대전광역시 유성구 상대동,중상사고,0,1,0,0,차대차 - 기타,신호위반,건조,맑음,교차로 - 교차로안,이륜,남,63세,기타불명,승합,남,54세,상해없음
2023021600100276,2023년 2월 16일 16시,목요일,대전광역시 서구 변동,중상사고,0,1,0,0,차대차 - 추돌,안전운전불이행,건조,맑음,단일로 - 기타,승합,여,48세,상해없음,승용,여,36세,중상
2023021600100306,2023년 2월 16일 17시,목요일,대전광역시 서구 둔산동,경상사고,0,0,2,0,차대차 - 추돌,안전거리미확보,건조,맑음,교차로 - 교차로안,승용,남,45세,경상,승용,여,55세,경상
2023021600100427,2023년 2월 16일 21시,목요일,대전광역시 서구 둔산동,중상사고,0,1,1,0,차대차 - 측면충돌,신호위반,건조,맑음,교차로 - 교차로안,이륜,남,20세,중상,승용,남,32세,경상
2023021600100428,2023년 2월 16일 21시,목요일,대전광역시 유성구 상대동,중상사고,0,1,0,0,차대차 - 기타,안전운전불이행,건조,맑음,교차로 - 교차로횡단보도내,승용,여,66세,상해없음,개인형이동수단(PM),남,53세,중상
2023021700100019,2023년 2월 17일 02시,금요일,대전광역시 서구 월평동,중상사고,0,1,1,0,차대차 - 기타,신호위반,건조,맑음,교차로 - 교차로안,승용,여,40세,상해없음,승용,남,56세,경상
2023021700100029,2023년 2월 17일 04시,금요일,대전광역시 중구 용두동,중상사고,0,1,0,0,차량단독 - 기타,기타,건조,맑음,단일로 - 기타,승용,남,56세,상해없음,,,,
2023021700100090,2023년 2월 17일 08시,금요일,대전광역시 서구 용문동,경상사고,0,0,1,0,차대사람 - 길가장자리구역통행중,안전운전불이행,건조,맑음,기타 - 기타,승용,여,47세,상해없음,보행자,여,23세,경상
2023021700100117,2023년 2월 17일 09시,금요일,대전광역시 서구 괴정동,경상사고,0,0,1,0,차대차 - 측면충돌,안전운전불이행,건조,맑음,교차로 - 교차로안,승용,여,75세,상해없음,승용,남,23세,경상
2023021700100140,2023년 2월 17일 10시,금요일,대전광역시 유성구 관평동,경상사고,0,0,1,0,차대차 - 기타,중앙선침범,건조,맑음,교차로 - 교차로안,승용,여,50세,상해없음,승용,남,32세,경상
2023021700100168,2023년 2월 17일 11시,금요일,대전광역시 서구 복수동,경상사고,0,0,1,0,차대차 - 측면충돌,안전운전불이행,건조,맑음,교차로 - 교차로안,승용,여,48세,상해없음,이륜,남,40세,경상
2023021700100169,2023년 2월 17일 11시,금요일,대전광역시 유성구 구암동,경상사고,0,0,1,0,차대차 - 기타,안전거리미확보,건조,맑음,단일로 - 기타,승용,남,63세,상해없음,이륜,남,26세,경상
2023021700100189,2023년 2월 17일 12시,금요일,대전광역시 중구 은행동,중상사고,0,1,0,0,차대차 - 기타,기타,건조,맑음,단일로 - 기타,승용,남,69세,상해없음,자전거,남,87세,중상
2023021700100252,2023년 2월 17일 15시,금요일,대전광역시 대덕구 와동,경상사고,0,0,1,0,차대차 - 측면충돌,안전거리미확보,건조,맑음,단일로 - 기타,화물,남,53세,상해없음,승용,남,31세,경상
2023021700100388,2023년 2월 17일 18시,금요일,대전광역시 대덕구 신대동,경상사고,0,0,2,0,차대차 - 추돌,안전운전불이행,건조,맑음,교차로 - 교차로부근,승용,남,47세,상해없음,승용,남,44세,경상
2023021700100425,2023년 2월 17일 19시,금요일,대전광역시 서구 도마동,경상사고,0,0,1,0,차대차 - 정면충돌,안전운전불이행,건조,맑음,교차로 - 교차로부근,승용,여,29세,상해없음,이륜,남,38세,경상
2023021700100449,2023년 2월 17일 20시,금요일,대전광역시 서구 괴정동,중상사고,0,1,0,0,차대차 - 기타,안전운전불이행,건조,맑음,단일로 - 기타,이륜,남,41세,기타불명,이륜,남,29세,중상
2023021700100450,2023년 2월 17일 20시,금요일,대전광역시 유성구 봉명동,경상사고,0,0,4,0,차대차 - 측면충돌,교차로운행방법위반,건조,맑음,교차로 - 교차로안,이륜,남,26세,기타불명,승용,남,40세,경상
2023021700100471,2023년 2월 17일 21시,금요일,대전광역시 서구 관저동,경상사고,0,0,3,0,차대차 - 추돌,안전운전불이행,건조,맑음,단일로 - 기타,승용,남,46세,상해없음,승용,여,32세,경상
2023021700100491,2023년 2월 17일 22시,금요일,대전광역시 서구 월평동,중상사고,0,1,0,0,차대사람 - 길가장자리구역통행중,안전운전불이행,건조,맑음,단일로 - 기타,승용,남,41세,상해없음,보행자,남,24세,중상
2023021700100492,2023년 2월 17일 22시,금요일,대전광역시 서구 탄방동,경상사고,0,0,1,0,차대차 - 측면충돌,안전운전불이행,건조,맑음,단일로 - 기타,승용,남,52세,상해없음,승용,여,25세,경상
2023021800100053,2023년 2월 18일 05시,토요일,대전광역시 유성구 용계동,경상사고,0,0,1,0,차대차 - 추돌,안전운전불이행,건조,맑음,교차로 - 교차로부근,승용,남,43세,기타불명,승용,남,67세,경상
2023021800100066,2023년 2월 18일 06시,토요일,대전광역시 유성구 원신흥동,경상사고,0,0,1,0,차대차 - 측면충돌,안전운전불이행,건조,맑음,교차로 - 교차로부근,승용,여,48세,기타불명,승용,남,46세,경상
2023021800100092,2023년 2월 18일 08시,토요일,대전광역시 유성구 관평동,경상사고,0,0,1,0,차대차 - 기타,안전운전불이행,건조,맑음,교차로 - 교차로부근,승용,여,40세,상해없음,승합,남,51세,상해없음
2023021800100124,2023년 2월 18일 10시,토요일,대전광역시 동구 자양동,경상사고,0,0,1,0,차대차 - 측면충돌,안전운전불이행,건조,흐림,교차로 - 교차로안,이륜,남,81세,상해없음,승용,여,39세,경상
2023021800100146,2023년 2월 18일 11시,토요일,대전광역시 유성구 장대동,경상사고,0,0,2,0,차대차 - 기타,안전운전불이행,건조,맑음,교차로 - 교차로부근,승용,남,51세,상해없음,승합,남,46세,경상
2023021800100187,2023년 2월 18일 13시,토요일,대전광역시 중구 오류동,경상사고,0,0,1,0,차대차 - 측면충돌,안전운전불이행,건조,맑음,교차로 - 교차로부근,승용,남,48세,상해없음,이륜,남,36세,경상
2023021800100188,2023년 2월 18일 13시,토요일,대전광역시 서구 둔산동,경상사고,0,0,1,0,차대차 - 기타,안전거리미확보,건조,맑음,교차로 - 교차로부근,승용,남,27세,상해없음,승용,여,25세,경상
2023021800100190,2023년 2월 18일 13시,토요일,대전광역시 유성구 장대동,경상사고,0,0,3,0,차대차 - 기타,안전운전불이행,건조,맑음,단일로 - 지하차도(도로)내,승용,남,73세,기타불명,승용,남,43세,경상
2023021800100205,2023년 2월 18일 14시,토요일,대전광역시 유성구 장대동,경상사고,0,0,1,0,차대차 - 측면충돌,안전거리미확보,건조,맑음,단일로 - 기타,승용,남,75세,상해없음,승용,여,51세,경상
2023021800100212,2023년 2월 18일 14시,토요일,대전광역시 중구 안영동,경상사고,0,0,1,1,차대차 - 기타,안전거리미확보,건조,맑음,단일로 - 기타,승용,남,49세,부상신고,승용,여,50세,경상
2023021800100235,2023년 2월 18일 15시,토요일,대전광역시 유성구 용계동,경상사고,0,0,2,0,차대차 - 기타,안전운전불이행,건조,맑음,단일로 - 기타,건설기계,남,51세,상해없음,승용,남,61세,경상
2023021800100262,2023년 2월 18일 16시,토요일,대전광역시 서구 탄방동,중상사고,0,1,1,0,차대차 - 기타,교차로운행방법위반,건조,맑음,교차로 - 교차로안,승용,남,46세,상해없음,승용,남,47세,경상
2023021800100288,2023년 2월 18일 17시,토요일,대전광역시 유성구 봉명동,경상사고,0,0,2,0,차대차 - 추돌,안전운전불이행,건조,맑음,단일로 - 기타,승용,남,39세,상해없음,승용,여,30세,경상
2023021800100310,2023년 2월 18일 18시,토요일,대전광역시 동구 자양동,경상사고,0,0,1,0,차대차 - 기타,안전운전불이행,젖음/습기,비,교차로 - 교차로안,승용,남,66세,상해없음,원동기,남,45세,경상
2023021800100311,2023년 2월 18일 18시,토요일,대전광역시 유성구 어은동,경상사고,0,0,1,0,차대사람 - 횡단중,보행자보호의무위반,젖음/습기,비,교차로 - 교차로횡단보도내,승용,여,49세,상해없음,보행자,여,47세,경상
2023021800100337,2023년 2월 18일 19시,토요일,대전광역시 동구 용전동,중상사고,0,1,0,0,차대차 - 측면충돌,신호위반,건조,맑음,단일로 - 기타,승용,여,56세,상해없음,이륜,남,55세,중상
2023021800100338,2023년 2월 18일 19시,토요일,대전광역시 동구 용전동,경상사고,0,0,1,0,차대차 - 후진중충돌,안전운전불이행,젖음/습기,비,단일로 - 기타,승용,여,48세,상해없음,이륜,남,41세,경상
2023021800100339,2023년 2월 18일 19시,토요일,대전광역시 서구 둔산동,경상사고,0,0,1,0,차대사람 - 횡단중,보행자보호의무위반,건조,맑음,교차로 - 교차로횡단보도내,승용,남,67세,상해없음,보행자,여,24세,경상
2023021800100340,2023년 2월 18일 19시,토요일,대전광역시 유성구 관평동,경상사고,0,0,4,1,차대차 - 측면충돌,신호위반,젖음/습기,흐림,교차로 - 교차로안,승용,남,58세,상해없음,승합,남,53세,경상