사고번호,사고일시,요일,시군구,사고내용,사망자수,중상자수,경상자수,부상신고자수,사고유형,법규위반,노면상태,기상상태,도로형태,가해운전자 차종,가해운전자 성별,가해운전자 연령,가해운전자 상해정도,피해운전자 차종,피해운전자 성별,피해운전자 연령,피해운전자 상해정도
2023030400100419,2023년 3월 4일 19시,토요일,대전광역시 서구 둔산동,경상사고,0,0,2,0,차대차 - 측면충돌,안전거리미확보,건조,맑음,단일로 - 기타,승용,여,74세,상해없음,승용,남,60세,경상
2023030400100471,2023년 3월 4일 21시,토요일,대전광역시 서구 둔산동,경상사고,0,0,1,0,차대사람 - 기타,안전운전불이행,건조,맑음,기타 - 기타,승용,여,18세,상해없음,보행자,남,24세,경상
2023030400100486,2023년 3월 4일 22시,토요일,대전광역시 중구 대흥동,경상사고,0,0,1,0,차대차 - 추돌,안전거리미확보,건조,맑음,교차로 - 교차로부근,승용,여,52세,상해없음,원동기,여,27세,경상
2023030400100487,2023년 3월 4일 22시,토요일,대전광역시 서구 월평동,경상사고,0,0,1,0,차대사람 - 기타,안전운전불이행,건조,맑음,기타 - 기타,승용,남,40세,상해없음,보행자,남,37세,경상
2023030400100499,2023년 3월 4일 23시,토요일,대전광역시 대덕구 중리동,경상사고,0,0,3,0,차대차 - 측면충돌,안전운전불이행,건조,맑음,단일로 - 기타,승용,남,67세,상해없음,승합,남,57세,경상
2023030500100032,2023년 3월 5일 02시,일요일,대전광역시 서구 관저동,중상사고,0,2,0,0,차대차 - 기타,교차로운행방법위반,건조,맑음,교차로 - 교차로안,승용,남,64세,상해없음,이륜,남,25세,중상
2023030500100061,2023년 3월 5일 05시,일요일,대전광역시 대덕구 오정동,경상사고,0,0,2,0,차대차 - 추돌,안전운전불이행,건조,맑음,교차로 - 교차로부근,화물,남,54세,상해없음,승용,남,59세,경상
2023030500100119,2023년 3월 5일 10시,일요일,대전광역시 유성구 하기동,부상신고사고,0,0,0,2,차대차 - 기타,안전운전불이행,건조,맑음,단일로 - 기타,승용,남,39세,상해없음,승용,남,79세,부상신고
2023030500100141,2023년 3월 5일 11시,일요일,대전광역시 중구 목동,중상사고,0,1,1,0,차대차 - 기타,안전운전불이행,건조,맑음,단일로 - 기타,승용,남,49세,상해없음,승용,남,30세,경상
2023030500100142,2023년 3월 5일 11시,일요일,대전광역시 중구 석교동,경상사고,0,0,1,0,차대차 - 측면충돌,신호위반,건조,맑음,교차로 - 교차로안,이륜,남,21세,상해없음,승용,남,23세,경상
2023030500100143,2023년 3월 5일 11시,일요일,대전광역시 동구 신상동,경상사고,0,0,2,0,차대차 - 측면충돌,신호위반,건조,맑음,교차로 - 교차로안,승용,남,65세,경상,화물,남,64세,경상
2023030500100144,2023년 3월 5일 11시,일요일,대전광역시 동구 홍도동,중상사고,0,2,10,0,차대차 - 정면충돌,중앙선침범,건조,맑음,단일로 - 기타,승용,남,20세,상해없음,승합,남,54세,경상
2023030500100169,2023년 3월 5일 12시,일요일,대전광역시 중구 선화동,경상사고,0,0,1,0,차대차 - 측면충돌,안전운전불이행,건조,맑음,단일로 - 기타,승용,여,45세,상해없음,승용,남,68세,경상
2023030500100170,2023년 3월 5일 12시,일요일,대전광역시 서구 관저동,경상사고,0,0,1,1,차대차 - 기타,안전운전불이행,기타,맑음,기타 - 기타,승용,남,46세,기타불명,승용,남,48세,경상
2023030500100209,2023년 3월 5일 13시,일요일,대전광역시 중구 문화동,경상사고,0,0,3,0,차대차 - 측면충돌,교차로운행방법위반,건조,맑음,교차로 - 교차로안,승용,남,33세,상해없음,승용,여,26세,경상
2023030500100210,2023년 3월 5일 13시,일요일,대전광역시 동구 홍도동,중상사고,0,1,0,0,차대차 - 후진중충돌,안전운전불이행,건조,맑음,교차로 - 교차로안,승용,남,42세,상해없음,이륜,남,40세,중상
2023030500100211,2023년 3월 5일 13시,일요일,대전광역시 서구 괴정동,경상사고,0,0,1,0,차대차 - 측면충돌,중앙선침범,건조,맑음,단일로 - 기타,승용,여,41세,상해없음,승용,여,64세,경상
2023030500100257,2023년 3월 5일 15시,일요일,대전광역시 중구 유천동,경상사고,0,0,1,0,차량단독 - 공작물충돌,안전운전불이행,건조,맑음,단일로 - 기타,승용,남,37세,상해없음,,,,
2023030500100312,2023년 3월 5일 17시,일요일,대전광역시 서구 관저동,중상사고,0,1,1,0,차대차 - 기타,안전거리미확보,건조,맑음,단일로 - 기타,이륜,남,40세,중상,이륜,남,30세,경상
2023030500100313,2023년 3월 5일 17시,일요일,대전광역시 유성구 장대동,중상사고,0,1,0,0,차대차 - 측면충돌,안전운전불이행,건조,맑음,단일로 - 기타,승용,여,37세,기타불명,이륜,남,36세,중상
2023030500100344,2023년 3월 5일 18시,일요일,대전광역시 중구 문화동,경상사고,0,0,1,0,차대차 - 기타,신호위반,건조,맑음,교차로 - 교차로횡단보도내,승용,남,48세,상해없음,자전거,남,66세,경상
2023030500100345,2023년 3월 5일 18시,일요일,대전광역시 동구 삼성동,중상사고,0,1,1,0,차대차 - 측면충돌,안전운전불이행,건조,맑음,교차로 - 교차로부근,승용,여,46세,중상,승용,여,48세,경상
2023030500100346,2023년 3월 5일 18시,일요일,대전광역시 동구 가양동,경상사고,0,0,1,0,차대차 - 측면충돌,교차로운행방법위반,건조,맑음,교차로 - 교차로부근,승용,남,68세,상해없음,승용,남,54세,경상
2023030500100367,2023년 3월 5일 19시,일요일,대전광역시 서구 관저동,경상사고,0,0,1,0,차대사람 - 길가장자리구역통행중,안전운전불이행,건조,맑음,단일로 - 기타,승용,남,53세,상해없음,보행자,남,38세,경상
2023030500100396,2023년 3월 5일 21시,일요일,대전광역시 서구 둔산동,경상사고,0,0,2,0,차대차 - 기타,안전운전불이행,건조,맑음,교차로 - 교차로안,승용,남,73세,상해없음,승용,남,23세,경상
2023030500100411,2023년 3월 5일 23시,일요일,대전광역시 유성구 가정동,중상사고,0,1,0,0,차대차 - 측면충돌,신호위반,건조,맑음,교차로 - 교차로안,승용,여,25세,상해없음,승용,남,21세,중상
2023030600100133,2023년 3월 6일 09시,월요일,대전광역시 동구 가양동,경상사고,0,0,1,0,차대차 - 측면충돌,안전운전불이행,건조,맑음,교차로 - 교차로안,승용,남,49세,상해없음,승용,남,45세,경상
2023030600100134,2023년 3월 6일 09시,월요일,대전광역시 서구 가수원동,경상사고,0,0,1,0,차대차 - 기타,안전거리미확보,건조,맑음,단일로 - 기타,승용,남,50세,상해없음,승용,남,39세,경상
2023030600100135,2023년 3월 6일 09시,월요일,대전광역시 유성구 궁동,경상사고,0,0,1,0,차대차 - 기타,안전운전불이행,건조,맑음,기타 - 기타,승용,남,26세,상해없음,승용,여,46세,경상
2023030600100136,2023년 3월 6일 09시,월요일,대전광역시 유성구 장대동,경상사고,0,0,1,0,차대차 - 측면충돌,교차로운행방법위반,건조,맑음,교차로 - 교차로안,승용,남,30세,경상,승용,남,78세,상해없음
2023030600100165,2023년 3월 6일 10시,월요일,대전광역시 유성구 구암동,중상사고,0,1,0,0,차대차 - 기타,신호위반,건조,맑음,교차로 - 교차로부근,화물,남,63세,상해없음,개인형이동수단(PM),여,18세,중상
2023030600100206,2023년 3월 6일 11시,월요일,대전광역시 서구 탄방동,중상사고,0,1,0,0,차대차 - 추돌,안전운전불이행,건조,맑음,단일로 - 기타,승용,여,53세,상해없음,승용,여,30세,중상
2023030600100229,2023년 3월 6일 12시,월요일,대전광역시 중구 선화동,경상사고,0,0,1,0,차대차 - 측면충돌,교차로운행방법위반,건조,맑음,교차로 - 교차로안,승용,여,35세,상해없음,승용,남,63세,경상
2023030600100230,2023년 3월 6일 12시,월요일,대전광역시 서구 도안동,경상사고,0,0,2,0,차대차 - 측면충돌,신호위반,건조,맑음,교차로 - 교차로안,승용,남,57세,경상,승합,남,76세,상해없음
2023030600100231,2023년 3월 6일 12시,월요일,대전광역시 유성구 봉명동,중상사고,0,1,2,0,차대차 - 기타,안전운전불이행,건조,맑음,단일로 - 기타,승용,여,50세,상해없음,승합,남,54세,상해없음
2023030600100252,2023년 3월 6일 13시,월요일,대전광역시 서구 도안동,경상사고,0,0,1,0,차대차 - 측면충돌,안전운전불이행,건조,맑음,단일로 - 기타,승용,여,58세,상해없음,화물,남,60세,경상
2023030600100253,2023년 3월 6일 13시,월요일,대전광역시 대덕구 오정동,경상사고,0,0,1,0,차대차 - 기타,안전거리미확보,건조,맑음,단일로 - 기타,승용,남,77세,상해없음,승용,남,29세,경상
2023030600100254,2023년 3월 6일 13시,월요일,대전광역시 대덕구 목상동,경상사고,0,0,1,0,차대차 - 추돌,안전거리미확보,건조,맑음,교차로 - 교차로부근,화물,여,54세,기타불명,화물,남,48세,경상
2023030600100286,2023년 3월 6일 14시,월요일,대전광역시 동구 삼성동,중상사고,0,1,0,0,차대사람 - 기타,안전운전불이행,건조,맑음,단일로 - 기타,승용,남,69세,상해없음,보행자,여,81세,중상
2023030600100287,2023년 3월 6일 14시,월요일,대전광역시 대덕구 비래동,경상사고,0,0,1,0,차대사람 - 길가장자리구역통행중,안전운전불이행,건조,맑음,기타 - 기타,승용,남,70세,상해없음,보행자,여,92세,경상
2023030600100316,2023년 3월 6일 15시,월요일,대전광역시 동구 인동,경상사고,0,0,1,0,차대차 - 측면충돌,신호위반,건조,맑음,교차로 - 교차로부근,승용,여,63세,상해없음,승용,남,67세,경상
2023030600100317,2023년 3월 6일 15시,월요일,대전광역시 서구 둔산동,경상사고,0,0,1,0,차대사람 - 기타,교차로운행방법위반,건조,맑음,교차로 - 교차로부근,승용,여,65세,상해없음,보행자,남,7세,경상
2023030600100379,2023년 3월 6일 17시,월요일,대전광역시 대덕구 중리동,경상사고,0,0,1,0,차대차 - 기타,안전운전불이행,건조,맑음,단일로 - 기타,화물,남,58세,상해없음,승용,남,38세,경상
2023030600100408,2023년 3월 6일 18시,월요일,대전광역시 중구 은행동,경상사고,0,0,1,0,차대차 - 측면충돌,안전운전불이행,건조,맑음,단일로 - 기타,승용,남,80세,상해없음,승용,남,52세,경상
2023030600100409,2023년 3월 6일 18시,월요일,대전광역시 유성구 가정동,경상사고,0,0,1,0,차대차 - 측면충돌,안전운전불이행,건조,맑음,단일로 - 기타,승용,여,32세,상해없음,승용,여,39세,경상
2023030600100481,2023년 3월 6일 21시,월요일,대전광역시 유성구 봉명동,경상사고,0,0,1,0,차대차 - 측면충돌,안전운전불이행,건조,맑음,단일로 - 기타,이륜,남,54세,상해없음,승용,여,55세,상해없음
2023030600100497,2023년 3월 6일 22시,월요일,대전광역시 서구 둔산동,경상사고,0,0,1,0,차대사람 - 횡단중,보행자보호의무위반,건조,맑음,교차로 - 교차로횡단보도내,승용,남,26세,상해없음,보행자,남,47세,경상
2023030600100507,2023년 3월 6일 23시,월요일,대전광역시 서구 둔산동,중상사고,0,1,2,0,차대차 - 측면충돌,교차로운행방법위반,건조,맑음,교차로 - 교차로안,승합,남,72세,상해없음,승합,남,60세,경상
2023030700100058,2023년 3월 7일 07시,화요일,대전광역시 서구 탄방동,경상사고,0,0,1,0,차대차 - 정면충돌,안전운전불이행,건조,맑음,단일로 - 기타,승용,남,27세,기타불명,승용,남,61세,경상
2023030700100114,2023년 3월 7일 09시,화요일,대전광역시 유성구 반석동,경상사고,0,0,1,0,차대차 - 측면충돌,안전거리미확보,건조,맑음,단일로 - 기타,승합,남,58세,상해없음,승용,여,23세,경상
2023030700100141,2023년 3월 7일 10시,화요일,대전광역시 대덕구 목상동,경상사고,0,0,1,0,차대차 - 기타,안전운전불이행,건조,맑음,교차로 - 교차로부근,승용,남,75세,상해없음,승용,남,36세,경상
2023030700100194,2023년 3월 7일 12시,화요일,대전광역시 중구 호동,경상사고,0,0,1,0,차대차 - 측면충돌,안전운전불이행,건조,맑음,교차로 - 교차로안,승용,남,57세,상해없음,이륜,남,43세,경상
2023030700100195,2023년 3월 7일 12시,화요일,대전광역시 서구 도안동,경상사고,0,0,1,0,차대차 - 기타,안전운전불이행,건조,맑음,기타 - 기타,승용,남,62세,상해없음,승용,여,38세,경상
2023030700100284,2023년 3월 7일 15시,화요일,대전광역시 동구 추동,중상사고,0,1,0,0,차량단독 - 공작물충돌,안전운전불이행,건조,맑음,단일로 - 기타,승용,남,84세,상해없음,,,,
2023030700100285,2023년 3월 7일 15시,화요일,대전광역시 동구 가오동,경상사고,0,0,1,0,차대차 - 기타,안전운전불이행,건조,맑음,교차로 - 교차로안,승용,남,39세,상해없음,이륜,남,51세,경상
2023030700100329,2023년 3월 7일 16시,화요일,대전광역시 중구 태평동,경상사고,0,0,1,0,차대차 - 기타,안전운전불이행,건조,맑음,기타 - 기타,승용,여,62세,상해없음,자전거,남,27세,경상
2023030700100330,2023년 3월 7일 16시,화요일,대전광역시 서구 월평동,중상사고,0,1,1,0,차대차 - 기타,중앙선침범,건조,맑음,교차로 - 교차로부근,승용,남,25세,상해없음,승용,여,40세,경상
2023030700100396,2023년 3월 7일 18시,화요일,대전광역시 중구 중촌동,경상사고,0,0,1,0,차대사람 - 횡단중,보행자보호의무위반,건조,맑음,교차로 - 교차로횡단보도내,이륜,남,61세,상해없음,보행자,남,22세,경상
2023030700100397,2023년 3월 7일 18시,화요일,대전광역시 서구 내동,경상사고,0,0,1,0,차대차 - 측면충돌,안전운전불이행,건조,맑음,교차로 - 교차로부근,승용,남,59세,상해없음,승용,여,49세,경상
2023030700100398,2023년 3월 7일 18시,화요일,대전광역시 대덕구 중리동,경상사고,0,0,4,0,차대차 - 기타,직진우회전진행방해,건조,맑음,교차로 - 교차로안,승용,여,28세,상해없음,승용,남,51세,경상
2023030700100399,2023년 3월 7일 18시,화요일,대전광역시 유성구 노은동,경상사고,0,0,1,0,차대차 - 기타,안전운전불이행,건조,맑음,교차로 - 교차로부근,승합,남,53세,상해없음,승용,여,49세,경상
2023030700100434,2023년 3월 7일 19시,화요일,대전광역시 서구 복수동,중상사고,0,2,0,0,차대차 - 기타,중앙선침범,건조,맑음,단일로 - 기타,이륜,남,32세,중상,이륜,남,52세,중상
2023030700100480,2023년 3월 7일 21시,화요일,대전광역시 서구 가장동,경상사고,0,0,1,0,차대차 - 추돌,안전운전불이행,건조,맑음,교차로 - 교차로부근,승용,여,56세,상해없음,승용,여,50세,경상
2023030700100499,2023년 3월 7일 22시,화요일,대전광역시 대덕구 문평동,사망사고,1,0,0,0,차대사람 - 횡단중,기타,건조,맑음,단일로 - 기타,승용,남,49세,기타불명,보행자,남,61세,사망
2023030800100017,2023년 3월 8일 02시,수요일,대전광역시 서구 관저동,경상사고,0,0,1,0,차량단독 - 기타,안전운전불이행,건조,맑음,단일로 - 기타,승용,남,54세,상해없음,,,,
2023030800100112,2023년 3월 8일 08시,수요일,대전광역시 서구 둔산동,경상사고,0,0,1,0,차량단독 - 기타,기타,건조,맑음,단일로 - 기타,승합,남,50세,상해없음,,,,
2023030800100150,2023년 3월 8일 09시,수요일,대전광역시 서구 도마동,경상사고,0,0,1,0,차대차 - 측면충돌,안전운전불이행,건조,맑음,단일로 - 기타,화물,남,69세,상해없음,승용,남,23세,경상
2023030800100151,2023년 3월 8일 09시,수요일,대전광역시 대덕구 읍내동,중상사고,0,1,0,0,차대차 - 측면충돌,안전운전불이행,건조,맑음,단일로 - 기타,승용,여,47세,상해없음,자전거,여,29세,중상
2023030800100152,2023년 3월 8일 09시,수요일,대전광역시 유성구 상대동,경상사고,0,0,1,1,차대차 - 기타,안전거리미확보,건조,맑음,단일로 - 기타,화물,남,40세,기타불명,승용,남,23세,부상신고
2023030800100153,2023년 3월 8일 09시,수요일,대전광역시 유성구 노은동,경상사고,0,0,1,0,차대차 - 추돌,안전운전불이행,건조,맑음,단일로 - 기타,승용,남,62세,상해없음,승용,남,36세,경상
2023030800100207,2023년 3월 8일 11시,수요일,대전광역시 중구 대사동,중상사고,0,1,0,0,차대차 - 측면충돌,교차로운행방법위반,건조,맑음,교차로 - 교차로안,승용,남,50세,상해없음,이륜,남,37세,중상
2023030800100233,2023년 3월 8일 12시,수요일,대전광역시 유성구 구암동,경상사고,0,0,1,0,차대차 - 추돌,교차로운행방법위반,건조,맑음,교차로 - 교차로안,승합,남,53세,상해없음,이륜,여,40세,경상
2023030800100259,2023년 3월 8일 13시,수요일,대전광역시 중구 태평동,경상사고,0,0,1,0,차대차 - 측면충돌,교차로운행방법위반,건조,맑음,교차로 - 교차로안,승용,남,38세,상해없음,승합,남,45세,경상
2023030800100260,2023년 3월 8일 13시,수요일,대전광역시 유성구 도룡동,경상사고,0,0,2,0,차대차 - 추돌,안전운전불이행,건조,맑음,교차로 - 교차로안,승용,남,79세,상해없음,승용,여,56세,경상
2023030800100280,2023년 3월 8일 14시,수요일,대전광역시 대덕구 송촌동,경상사고,0,0,1,0,차대차 - 기타,교차로운행방법위반,건조,맑음,교차로 - 교차로부근,승용,여,49세,상해없음,승용,여,58세,경상
2023030800100281,2023년 3월 8일 14시,수요일,대전광역시 대덕구 신일동,경상사고,0,0,1,1,차대차 - 측면충돌,중앙선침범,건조,맑음,단일로 - 기타,화물,남,56세,상해없음,승용,남,38세,경상
2023030800100344,2023년 3월 8일 16시,수요일,대전광역시 서구 갈마동,경상사고,0,0,1,0,차대차 - 측면충돌,안전운전불이행,건조,맑음,교차로 - 교차로부근,승용,남,52세,상해없음,승용,남,48세,경상
2023030800100345,2023년 3월 8일 16시,수요일,대전광역시 유성구 봉명동,경상사고,0,0,2,0,차대차 - 기타,안전운전불이행,건조,맑음,단일로 - 기타,승용,남,55세,상해없음,승용,남,31세,경상
2023030800100384,2023년 3월 8일 17시,수요일,대전광역시 유성구 구성동,경상사고,0,0,2,0,차대차 - 기타,안전거리미확보,건조,맑음,교차로 - 교차로부근,승용,여,52세,경상,승용,남,42세,경상
2023030800100420,2023년 3월 8일 18시,수요일,대전광역시 중구 대사동,경상사고,0,0,1,0,차대차 - 기타,교차로운행방법위반,건조,맑음,교차로 - 교차로안,승용,여,60세,상해없음,승용,남,38세,경상
2023030800100421,2023년 3월 8일 18시,수요일,대전광역시 서구 내동,경상사고,0,0,2,0,차대사람 - 기타,안전운전불이행,건조,맑음,단일로 - 기타,승용,남,52세,기타불명,보행자,남,11세,경상
2023030800100471,2023년 3월 8일 19시,수요일,대전광역시 서구 가수원동,경상사고,0,0,1,0,차대차 - 후진중충돌,안전운전불이행,건조,맑음,교차로 - 교차로안,승용,남,60세,상해없음,이륜,남,24세,경상
2023030800100496,2023년 3월 8일 20시,수요일,대전광역시 중구 대흥동,중상사고,0,1,1,0,차대차 - 기타,안전운전불이행,건조,맑음,단일로 - 터널,승용,여,45세,상해없음,승용,남,67세,경상
2023030800100497,2023년 3월 8일 20시,수요일,대전광역시 대덕구 신탄진동,경상사고,0,0,2,0,차대차 - 측면충돌,교차로운행방법위반,건조,맑음,교차로 - 교차로안,승용,남,55세,상해없음,승용,여,45세,경상
2023030800100545,2023년 3월 8일 23시,수요일,대전광역시 서구 둔산동,경상사고,0,0,1,0,차대차 - 기타,안전운전불이행,건조,맑음,교차로 - 교차로부근,승용,남,40세,기타불명,승용,남,70세,경상
2023030900100022,2023년 3월 9일 01시,목요일,대전광역시 서구 둔산동,경상사고,0,0,2,0,차대차 - 기타,안전운전불이행,건조,맑음,단일로 - 기타,화물,남,48세,상해없음,승용,여,60세,경상
2023030900100138,2023년 3월 9일 09시,목요일,대전광역시 서구 탄방동,경상사고,0,0,1,0,차대차 - 기타,안전운전불이행,건조,맑음,교차로 - 교차로부근,승용,여,50세,상해없음,승용,남,29세,경상
2023030900100139,2023년 3월 9일 09시,목요일,대전광역시 서구 갈마동,경상사고,0,0,1,0,차대차 - 측면충돌,안전거리미확보,건조,맑음,단일로 - 기타,화물,남,71세,상해없음,승용,여,59세,경상
2023030900100174,2023년 3월 9일 10시,목요일,대전광역시 서구 도마동,경상사고,0,0,1,0,차대차 - 기타,기타,건조,맑음,단일로 - 기타,승용,남,68세,상해없음,자전거,여,71세,경상
2023030900100223,2023년 3월 9일 12시,목요일,대전광역시 유성구 안산동,경상사고,0,0,2,0,차대차 - 기타,안전운전불이행,건조,맑음,단일로 - 기타,건설기계,남,51세,상해없음,승용,남,62세,경상
2023030900100281,2023년 3월 9일 14시,목요일,대전광역시 동구 용전동,경상사고,0,0,1,0,차대차 - 추돌,안전운전불이행,건조,맑음,교차로 - 교차로안,승용,남,67세,상해없음,승용,남,44세,경상
2023030900100282,2023년 3월 9일 14시,목요일,대전광역시 유성구 도룡동,경상사고,0,0,1,0,차대차 - 측면충돌,안전거리미확보,건조,맑음,단일로 - 기타,승용,여,61세,기타불명,승용,남,36세,경상
2023030900100308,2023년 3월 9일 15시,목요일,대전광역시 유성구 외삼동,중상사고,0,2,1,0,차대차 - 기타,교차로운행방법위반,건조,맑음,교차로 - 교차로안,승용,여,45세,상해없음,화물,남,65세,경상
2023030900100343,2023년 3월 9일 16시,목요일,대전광역시 동구 가양동,경상사고,0,0,1,0,차대차 - 측면충돌,신호위반,건조,맑음,교차로 - 교차로부근,개인형이동수단(PM),남,60세,상해없음,승용,여,49세,경상
2023030900100379,2023년 3월 9일 17시,목요일,대전광역시 유성구 덕명동,중상사고,0,2,1,0,차대차 - 추돌,안전운전불이행,건조,맑음,단일로 - 기타,승용,남,75세,상해없음,승용,남,50세,상해없음
2023030900100452,2023년 3월 9일 19시,목요일,대전광역시 중구 용두동,경상사고,0,0,1,0,차대차 - 측면충돌,안전거리미확보,건조,맑음,단일로 - 기타,승용,남,54세,상해없음,이륜,남,28세,경상
2023030900100453,2023년 3월 9일 19시,목요일,대전광역시 서구 월평동,경상사고,0,0,1,0,차대차 - 후진중충돌,안전운전불이행,건조,맑음,단일로 - 기타,화물,남,62세,상해없음,이륜,남,29세,경상
2023030900100478,2023년 3월 9일 20시,목요일,대전광역시 서구 만년동,중상사고,0,1,2,0,차대차 - 측면충돌,신호위반,건조,맑음,기타 - 기타,승용,남,77세,상해없음,승용,남,61세,경상
2023030900100479,2023년 3월 9일 20시,목요일,대전광역시 서구 탄방동,경상사고,0,0,3,0,차대차 - 기타,안전운전불이행,건조,맑음,단일로 - 기타,승용,여,53세,상해없음,승용,여,67세,경상
2023031000100061,2023년 3월 10일 06시,금요일,대전광역시 대덕구 읍내동,경상사고,0,0,1,0,차대차 - 추돌,안전운전불이행,건조,맑음,기타 - 기타,승용,남,38세,상해없음,승용,남,36세,경상
2023031000100089,2023년 3월 10일 07시,금요일,대전광역시 서구 도마동,경상사고,0,0,1,0,차대차 - 측면충돌,교차로운행방법위반,건조,맑음,단일로 - 기타,승용,남,40세,상해없음,승용,남,70세,상해없음
2023031000100090,2023년 3월 10일 07시,금요일,대전광역시 서구 만년동,경상사고,0,0,1,0,차대차 - 기타,안전운전불이행,건조,맑음,단일로 - 기타,승용,남,50세,상해없음,승용,남,34세,경상
2023031000100126,2023년 3월 10일 08시,금요일,대전광역시 유성구 지족동,경상사고,0,0,1,0,차대차 - 측면충돌,신호위반,건조,맑음,단일로 - 지하차도(도로)내,승용,남,50세,상해없음,승용,여,48세,경상
2023031000100158,2023년 3월 10일 09시,금요일,대전광역시 동구 판암동,중상사고,0,1,0,0,차대사람 - 기타,안전운전불이행,건조,맑음,단일로 - 기타,승용,여,62세,상해없음,보행자,남,85세,중상
2023031000100213,2023년 3월 10일 11시,금요일,대전광역시 유성구 구암동,경상사고,0,0,1,0,차대차 - 기타,직진우회전진행방해,건조,맑음,교차로 - 교차로안,승용,남,56세,기타불명,이륜,남,44세,경상
2023031000100236,2023년 3월 10일 12시,금요일,대전광역시 동구 신흥동,경상사고,0,0,1,0,차대차 - 측면충돌,신호위반,건조,맑음,교차로 - 교차로부근,승용,여,43세,상해없음,승용,남,66세,경상
2023031000100237,2023년 3월 10일 12시,금요일,대전광역시 동구 정동,경상사고,0,0,1,0,차대차 - 측면충돌,안전운전불이행,건조,맑음,교차로 - 교차로부근,승용,남,39세,상해없음,승용,남,49세,경상
2023031000100238,2023년 3월 10일 12시,금요일,대전광역시 유성구 지족동,경상사고,0,0,1,0,차대차 - 기타,불법유턴,건조,맑음,단일로 - 기타,승용,여,36세,상해없음,승용,여,35세,경상
2023031000100260,2023년 3월 10일 13시,금요일,대전광역시 동구 용운동,경상사고,0,0,1,0,차대차 - 기타,안전운전불이행,건조,맑음,교차로 - 교차로부근,화물,남,74세,상해없음,이륜,남,44세,경상
2023031000100261,2023년 3월 10일 13시,금요일,대전광역시 동구 용전동,경상사고,0,0,2,0,차대차 - 측면충돌,차로위반,건조,맑음,단일로 - 기타,화물,남,56세,상해없음,승용,남,26세,경상
2023031000100324,2023년 3월 10일 15시,금요일,대전광역시 동구 용전동,경상사고,0,0,1,0,차대차 - 측면충돌,교차로운행방법위반,건조,맑음,교차로 - 교차로안,승용,여,39세,상해없음,승합,남,43세,경상
2023031000100325,2023년 3월 10일 15시,금요일,대전광역시 대덕구 신대동,경상사고,0,0,5,0,차대차 - 기타,안전거리미확보,건조,맑음,기타 - 기타,승용,남,72세,상해없음,승용,여,51세,경상
2023031000100407,2023년 3월 10일 17시,금요일,대전광역시 동구 용전동,경상사고,0,0,1,0,차대차 - 후진중충돌,불법유턴,건조,맑음,교차로 - 교차로안,승용,남,69세,상해없음,승용,여,24세,경상
2023031000100408,2023년 3월 10일 17시,금요일,대전광역시 서구 도안동,중상사고,0,1,6,0,차대차 - 측면충돌,신호위반,건조,맑음,교차로 - 교차로부근,승용,남,24세,경상,승합,남,58세,경상
2023031000100409,2023년 3월 10일 17시,금요일,대전광역시 유성구 원신흥동,경상사고,0,0,1,0,차대차 - 추돌,안전운전불이행,건조,맑음,교차로 - 교차로부근,승용,남,55세,상해없음,승용,남,60세,경상
2023031000100461,2023년 3월 10일 18시,금요일,대전광역시 동구 홍도동,경상사고,0,0,2,0,차대차 - 측면충돌,교차로운행방법위반,건조,맑음,교차로 - 교차로부근,승용,여,49세,상해없음,화물,남,26세,상해없음
2023031000100462,2023년 3월 10일 18시,금요일,대전광역시 서구 괴정동,경상사고,0,0,1,0,차대사람 - 횡단중,안전운전불이행,건조,맑음,교차로 - 교차로부근,승용,남,61세,상해없음,보행자,여,34세,경상
2023031000100463,2023년 3월 10일 18시,금요일,대전광역시 대덕구 덕암동,중상사고,0,1,0,0,차대사람 - 기타,안전운전불이행,건조,맑음,단일로 - 기타,승용,남,31세,상해없음,보행자,남,43세,중상
2023031000100515,2023년 3월 10일 19시,금요일,대전광역시 유성구 장대동,중상사고,0,1,0,0,차대사람 - 보도통행중,안전운전불이행,건조,맑음,기타 - 기타,개인형이동수단(PM),남,24세,상해없음,보행자,여,52세,중상
2023031000100544,2023년 3월 10일 20시,금요일,대전광역시 중구 대사동,경상사고,0,0,1,0,차대차 - 측면충돌,신호위반,건조,맑음,교차로 - 교차로안,승용,여,51세,상해없음,승용,남,40세,경상
2023031000100545,2023년 3월 10일 20시,금요일,대전광역시 동구 성남동,경상사고,0,0,1,0,차대차 - 측면충돌,안전거리미확보,건조,맑음,단일로 - 기타,승용,여,27세,상해없음,이륜,남,26세,경상
2023031000100546,2023년 3월 10일 20시,금요일,대전광역시 서구 갈마동,경상사고,0,0,1,0,차대차 - 측면충돌,기타,건조,맑음,교차로 - 교차로부근,승용,남,28세,상해없음,승용,남,70세,경상
2023031000100577,2023년 3월 10일 21시,금요일,대전광역시 서구 괴정동,경상사고,0,0,1,0,차대사람 - 기타,안전운전불이행,건조,맑음,교차로 - 교차로부근,승용,남,54세,상해없음,보행자,여,19세,경상
2023031000100578,2023년 3월 10일 21시,금요일,대전광역시 유성구 신동,경상사고,0,0,2,0,차량단독 - 공작물충돌,안전운전불이행,건조,맑음,교차로 - 교차로부근,승용,남,20세,상해없음,,,,