사고번호,사고일시,요일,시군구,사고내용,사망자수,중상자수,경상자수,부상신고자수,사고유형,법규위반,노면상태,기상상태,도로형태,가해운전자 차종,가해운전자 성별,가해운전자 연령,가해운전자 상해정도,피해운전자 차종,피해운전자 성별,피해운전자 연령,피해운전자 상해정도
2023031700100170,2023년 3월 17일 10시,금요일,대전광역시 동구 중동,경상사고,0,0,1,0,차대사람 - 차도통행중,안전운전불이행,건조,맑음,단일로 - 기타,승용,여,49세,상해없음,보행자,여,72세,경상
2023031700100196,2023년 3월 17일 11시,금요일,대전광역시 동구 가양동,경상사고,0,0,2,0,차대차 - 측면충돌,안전운전불이행,건조,맑음,단일로 - 기타,승용,남,64세,상해없음,승용,남,38세,경상
2023031700100258,2023년 3월 17일 13시,금요일,대전광역시 대덕구 중리동,경상사고,0,0,1,0,차대사람 - 차도통행중,안전운전불이행,건조,맑음,교차로 - 교차로부근,승용,남,74세,상해없음,보행자,여,83세,경상
2023031700100322,2023년 3월 17일 15시,금요일,대전광역시 대덕구 오정동,경상사고,0,0,1,0,차대차 - 측면충돌,안전거리미확보,건조,맑음,교차로 - 교차로부근,승용,남,73세,상해없음,화물,남,35세,경상
2023031700100350,2023년 3월 17일 16시,금요일,대전광역시 중구 중촌동,중상사고,0,1,0,0,차대사람 - 횡단중,보행자보호의무위반,건조,맑음,교차로 - 교차로횡단보도내,승용,여,37세,상해없음,보행자,여,84세,중상
2023031700100351,2023년 3월 17일 16시,금요일,대전광역시 동구 성남동,경상사고,0,0,1,0,차대차 - 추돌,안전거리미확보,건조,맑음,교차로 - 교차로부근,승용,여,59세,상해없음,화물,남,38세,경상
2023031700100352,2023년 3월 17일 16시,금요일,대전광역시 동구 대동,경상사고,0,0,1,0,차대차 - 측면충돌,안전거리미확보,건조,맑음,교차로 - 교차로안,승용,여,47세,상해없음,승합,여,26세,경상
2023031700100353,2023년 3월 17일 16시,금요일,대전광역시 대덕구 오정동,부상신고사고,0,0,0,1,차대차 - 기타,교차로운행방법위반,건조,맑음,교차로 - 교차로안,승용,여,35세,상해없음,승용,남,23세,부상신고
2023031700100395,2023년 3월 17일 17시,금요일,대전광역시 동구 가양동,경상사고,0,0,1,0,차대차 - 측면충돌,기타,건조,맑음,교차로 - 교차로안,이륜,남,29세,경상,승용,여,65세,상해없음
2023031700100396,2023년 3월 17일 17시,금요일,대전광역시 서구 탄방동,경상사고,0,0,1,0,차대사람 - 횡단중,보행자보호의무위반,건조,맑음,교차로 - 교차로횡단보도내,승용,남,54세,상해없음,보행자,여,28세,경상
2023031700100445,2023년 3월 17일 18시,금요일,대전광역시 대덕구 대화동,경상사고,0,0,1,0,차대차 - 기타,안전운전불이행,건조,맑음,교차로 - 교차로부근,승용,남,60세,상해없음,승용,남,43세,경상
2023031700100446,2023년 3월 17일 18시,금요일,대전광역시 서구 탄방동,경상사고,0,0,1,0,차대차 - 측면충돌,안전운전불이행,건조,맑음,단일로 - 기타,승용,여,36세,상해없음,이륜,남,19세,경상
2023031700100483,2023년 3월 17일 19시,금요일,대전광역시 서구 둔산동,경상사고,0,0,3,1,차대차 - 기타,교차로운행방법위반,건조,맑음,교차로 - 교차로안,승용,여,51세,상해없음,승용,남,26세,경상
2023031700100520,2023년 3월 17일 20시,금요일,대전광역시 중구 태평동,경상사고,0,0,1,0,차대차 - 기타,안전운전불이행,건조,맑음,교차로 - 교차로안,승용,여,34세,상해없음,승용,남,31세,경상
2023031700100521,2023년 3월 17일 20시,금요일,대전광역시 서구 갈마동,경상사고,0,0,4,0,차대차 - 측면충돌,안전운전불이행,건조,맑음,교차로 - 교차로부근,승용,남,63세,상해없음,승용,남,26세,경상
2023031700100570,2023년 3월 17일 22시,금요일,대전광역시 대덕구 중리동,경상사고,0,0,1,0,차대차 - 기타,안전운전불이행,건조,맑음,교차로 - 교차로안,승용,남,62세,상해없음,이륜,남,36세,경상
2023031700100571,2023년 3월 17일 22시,금요일,대전광역시 서구 둔산동,경상사고,0,0,1,0,차대사람 - 기타,안전운전불이행,건조,맑음,단일로 - 기타,승용,남,35세,상해없음,보행자,여,26세,경상
2023031800100016,2023년 3월 18일 01시,토요일,대전광역시 서구 갈마동,경상사고,0,0,1,0,차대차 - 기타,안전운전불이행,건조,맑음,교차로 - 교차로부근,승용,남,34세,상해없음,승용,남,63세,경상
2023031800100025,2023년 3월 18일 03시,토요일,대전광역시 중구 대흥동,경상사고,0,0,1,0,차대사람 - 횡단중,안전운전불이행,건조,맑음,단일로 - 기타,승용,남,62세,상해없음,보행자,남,26세,경상
2023031800100026,2023년 3월 18일 03시,토요일,대전광역시 유성구 원내동,경상사고,0,0,1,0,차대사람 - 기타,안전운전불이행,건조,맑음,단일로 - 기타,화물,남,30세,상해없음,보행자,남,40세,경상
2023031800100150,2023년 3월 18일 11시,토요일,대전광역시 서구 둔산동,경상사고,0,0,2,0,차대차 - 기타,안전거리미확보,건조,맑음,단일로 - 기타,건설기계,남,51세,상해없음,승용,여,61세,경상
2023031800100195,2023년 3월 18일 12시,토요일,대전광역시 서구 둔산동,경상사고,0,0,1,0,차대차 - 기타,안전운전불이행,건조,맑음,단일로 - 기타,승용,남,36세,상해없음,승용,여,40세,경상
2023031800100274,2023년 3월 18일 14시,토요일,대전광역시 중구 대흥동,중상사고,0,3,1,0,차대차 - 기타,안전운전불이행,건조,맑음,단일로 - 기타,이륜,남,21세,경상,승용,남,37세,중상
2023031800100275,2023년 3월 18일 14시,토요일,대전광역시 동구 용전동,경상사고,0,0,2,0,차대차 - 측면충돌,차로위반,건조,맑음,단일로 - 기타,승합,여,53세,상해없음,승용,남,32세,경상
2023031800100322,2023년 3월 18일 15시,토요일,대전광역시 동구 대성동,경상사고,0,0,1,0,차대차 - 기타,안전운전불이행,건조,맑음,교차로 - 교차로부근,승용,남,27세,상해없음,승용,남,48세,경상
2023031800100323,2023년 3월 18일 15시,토요일,대전광역시 서구 관저동,경상사고,0,0,2,0,차대차 - 기타,안전운전불이행,건조,맑음,단일로 - 기타,승용,여,43세,상해없음,승용,여,35세,경상
2023031800100324,2023년 3월 18일 15시,토요일,대전광역시 대덕구 석봉동,경상사고,0,0,1,0,차대차 - 기타,중앙선침범,건조,맑음,단일로 - 기타,승용,여,82세,상해없음,이륜,남,17세,경상
2023031800100362,2023년 3월 18일 16시,토요일,대전광역시 서구 탄방동,경상사고,0,0,2,0,차대차 - 후진중충돌,안전운전불이행,건조,맑음,기타 - 기타,승용,여,67세,상해없음,승용,남,22세,경상
2023031800100386,2023년 3월 18일 17시,토요일,대전광역시 동구 가오동,경상사고,0,0,1,0,차대차 - 기타,안전운전불이행,건조,맑음,교차로 - 교차로횡단보도내,승용,여,49세,상해없음,자전거,남,16세,경상
2023031800100387,2023년 3월 18일 17시,토요일,대전광역시 서구 괴정동,부상신고사고,0,0,0,1,차대차 - 기타,안전거리미확보,건조,맑음,단일로 - 기타,승용,남,61세,상해없음,이륜,남,23세,부상신고
2023031800100389,2023년 3월 18일 17시,토요일,대전광역시 유성구 구암동,경상사고,0,0,3,0,차대차 - 측면충돌,안전운전불이행,건조,맑음,교차로 - 교차로안,이륜,남,57세,상해없음,승용,남,65세,경상
2023031800100454,2023년 3월 18일 19시,토요일,대전광역시 중구 산성동,중상사고,0,1,1,0,차대차 - 추돌,안전운전불이행,건조,맑음,기타 - 기타,화물,남,66세,상해없음,승용,여,52세,경상
2023031800100483,2023년 3월 18일 20시,토요일,대전광역시 유성구 궁동,경상사고,0,0,1,0,차대차 - 측면충돌,안전운전불이행,건조,맑음,교차로 - 교차로안,승용,남,67세,기타불명,승용,남,29세,경상
2023031900100011,2023년 3월 19일 00시,일요일,대전광역시 서구 용문동,경상사고,0,0,2,0,차대차 - 정면충돌,안전운전불이행,건조,기타,단일로 - 기타,승용,남,28세,상해없음,승용,남,61세,경상
2023031900100017,2023년 3월 19일 01시,일요일,대전광역시 동구 소제동,경상사고,0,0,2,0,차대차 - 측면충돌,안전거리미확보,건조,맑음,교차로 - 교차로부근,승용,남,29세,상해없음,승용,남,49세,경상
2023031900100159,2023년 3월 19일 13시,일요일,대전광역시 동구 용전동,경상사고,0,0,1,0,차대차 - 측면충돌,교차로운행방법위반,건조,맑음,교차로 - 교차로안,승용,남,25세,상해없음,사륜오토바이(ATV),남,19세,경상
2023031900100227,2023년 3월 19일 15시,일요일,대전광역시 중구 대사동,경상사고,0,0,1,0,차대차 - 측면충돌,안전운전불이행,건조,맑음,단일로 - 기타,승용,남,44세,기타불명,화물,남,63세,경상
2023031900100228,2023년 3월 19일 15시,일요일,대전광역시 동구 가양동,경상사고,0,0,2,0,차대차 - 정면충돌,신호위반,건조,맑음,교차로 - 교차로안,이륜,남,26세,상해없음,승용,남,29세,경상
2023031900100229,2023년 3월 19일 15시,일요일,대전광역시 유성구 봉산동,경상사고,0,0,1,0,차대사람 - 횡단중,신호위반,건조,맑음,교차로 - 교차로안,승용,남,57세,상해없음,보행자,남,59세,경상
2023031900100230,2023년 3월 19일 15시,일요일,대전광역시 유성구 용산동,경상사고,0,0,1,0,차대차 - 측면충돌,안전운전불이행,건조,맑음,교차로 - 교차로안,승용,남,60세,상해없음,화물,남,33세,경상
2023031900100260,2023년 3월 19일 16시,일요일,대전광역시 동구 가양동,경상사고,0,0,3,0,차대차 - 기타,안전운전불이행,건조,맑음,교차로 - 교차로안,승용,남,58세,상해없음,승용,여,60세,경상
2023031900100279,2023년 3월 19일 17시,일요일,대전광역시 대덕구 송촌동,경상사고,0,0,1,0,차대차 - 추돌,안전운전불이행,건조,맑음,교차로 - 교차로부근,사륜오토바이(ATV),남,65세,상해없음,승용,남,61세,경상
2023031900100280,2023년 3월 19일 17시,일요일,대전광역시 유성구 봉명동,경상사고,0,0,1,0,차대차 - 기타,안전운전불이행,건조,맑음,교차로 - 교차로부근,승용,여,31세,상해없음,이륜,남,21세,경상
2023031900100301,2023년 3월 19일 18시,일요일,대전광역시 대덕구 석봉동,경상사고,0,0,1,0,차대차 - 측면충돌,안전운전불이행,건조,맑음,단일로 - 기타,이륜,여,63세,상해없음,자전거,남,76세,경상
2023031900100359,2023년 3월 19일 21시,일요일,대전광역시 서구 갈마동,경상사고,0,0,1,0,차대차 - 추돌,안전운전불이행,건조,맑음,교차로 - 교차로부근,승용,남,50세,상해없음,승용,남,34세,경상
2023031900100371,2023년 3월 19일 22시,일요일,대전광역시 중구 선화동,경상사고,0,0,1,0,차대차 - 측면충돌,신호위반,건조,맑음,교차로 - 교차로안,승용,남,23세,상해없음,승용,여,56세,경상
2023031900100372,2023년 3월 19일 22시,일요일,대전광역시 유성구 봉명동,경상사고,0,0,1,1,차대차 - 기타,안전운전불이행,건조,맑음,단일로 - 기타,승용,여,48세,상해없음,승용,남,28세,부상신고
2023032000100116,2023년 3월 20일 08시,월요일,대전광역시 대덕구 신대동,경상사고,0,0,2,0,차대차 - 추돌,안전거리미확보,건조,맑음,기타 - 기타,승용,여,45세,상해없음,승용,여,44세,경상
2023032000100117,2023년 3월 20일 08시,월요일,대전광역시 대덕구 신대동,경상사고,0,0,3,0,차대차 - 추돌,안전거리미확보,건조,맑음,단일로 - 기타,승용,남,39세,경상,승용,남,25세,경상
2023032000100212,2023년 3월 20일 11시,월요일,대전광역시 대덕구 오정동,중상사고,0,1,0,0,차대사람 - 기타,안전운전불이행,건조,맑음,교차로 - 교차로안,화물,남,53세,상해없음,보행자,남,81세,중상
2023032000100249,2023년 3월 20일 12시,월요일,대전광역시 유성구 장대동,경상사고,0,0,1,0,차대차 - 기타,안전거리미확보,건조,맑음,단일로 - 기타,승용,남,38세,상해없음,승용,남,65세,상해없음
2023032000100287,2023년 3월 20일 13시,월요일,대전광역시 유성구 반석동,경상사고,0,0,1,0,차대차 - 기타,신호위반,건조,맑음,교차로 - 교차로부근,화물,남,61세,상해없음,승용,여,51세,경상
2023032000100316,2023년 3월 20일 14시,월요일,대전광역시 서구 용문동,부상신고사고,0,0,0,1,차대사람 - 기타,안전운전불이행,건조,맑음,단일로 - 기타,승합,남,52세,상해없음,보행자,남,20세,부상신고
2023032000100317,2023년 3월 20일 14시,월요일,대전광역시 유성구 관평동,경상사고,0,0,1,0,차대차 - 측면충돌,신호위반,건조,맑음,교차로 - 교차로안,승용,남,34세,상해없음,이륜,남,57세,경상
2023032000100391,2023년 3월 20일 16시,월요일,대전광역시 중구 문화동,경상사고,0,0,1,0,차대차 - 기타,신호위반,건조,맑음,교차로 - 교차로부근,승합,여,70세,상해없음,화물,남,40세,경상
2023032000100392,2023년 3월 20일 16시,월요일,대전광역시 서구 둔산동,중상사고,0,1,0,0,차대차 - 기타,안전운전불이행,건조,맑음,교차로 - 교차로안,승용,여,43세,상해없음,자전거,남,61세,중상
2023032000100393,2023년 3월 20일 16시,월요일,대전광역시 유성구 교촌동,중상사고,0,1,0,0,차량단독 - 기타,안전운전불이행,건조,맑음,단일로 - 기타,승용,여,70세,상해없음,,,,
2023032000100428,2023년 3월 20일 17시,월요일,대전광역시 서구 내동,경상사고,0,0,1,0,차대차 - 추돌,교차로운행방법위반,건조,맑음,단일로 - 기타,화물,남,45세,기타불명,승용,여,71세,경상
2023032000100494,2023년 3월 20일 19시,월요일,대전광역시 중구 선화동,경상사고,0,0,1,0,차대차 - 측면충돌,안전거리미확보,건조,맑음,단일로 - 기타,승용,여,41세,상해없음,승용,남,51세,기타불명
2023032000100495,2023년 3월 20일 19시,월요일,대전광역시 중구 목동,경상사고,0,0,2,0,차대차 - 정면충돌,신호위반,건조,맑음,교차로 - 교차로안,원동기,남,21세,경상,승용,여,53세,경상
2023032000100524,2023년 3월 20일 20시,월요일,대전광역시 유성구 지족동,경상사고,0,0,1,0,차대차 - 측면충돌,안전운전불이행,건조,맑음,단일로 - 기타,승용,남,49세,상해없음,승용,남,23세,경상
2023032000100541,2023년 3월 20일 21시,월요일,대전광역시 서구 관저동,경상사고,0,0,1,0,차대차 - 추돌,기타,건조,맑음,교차로 - 교차로부근,승용,남,25세,상해없음,이륜,남,26세,경상
2023032000100542,2023년 3월 20일 21시,월요일,대전광역시 유성구 구암동,경상사고,0,0,2,0,차대차 - 기타,교차로운행방법위반,건조,맑음,교차로 - 교차로안,승용,남,32세,상해없음,승용,남,33세,경상
2023032100100042,2023년 3월 21일 06시,화요일,대전광역시 동구 성남동,경상사고,0,0,1,0,차대차 - 기타,안전운전불이행,건조,맑음,단일로 - 기타,승용,남,30세,상해없음,승용,남,36세,경상
2023032100100116,2023년 3월 21일 08시,화요일,대전광역시 대덕구 중리동,경상사고,0,0,1,0,차대차 - 추돌,안전운전불이행,건조,맑음,교차로 - 교차로안,승용,남,21세,상해없음,승용,여,57세,경상
2023032100100172,2023년 3월 21일 10시,화요일,대전광역시 동구 용전동,중상사고,0,1,0,0,차대차 - 측면충돌,안전거리미확보,건조,맑음,단일로 - 기타,승용,남,36세,상해없음,이륜,남,44세,중상
2023032100100173,2023년 3월 21일 10시,화요일,대전광역시 유성구 지족동,경상사고,0,0,1,0,차대차 - 기타,안전운전불이행,건조,맑음,교차로 - 교차로부근,승용,여,48세,기타불명,승용,남,26세,경상
2023032100100294,2023년 3월 21일 14시,화요일,대전광역시 중구 유천동,중상사고,0,1,0,0,차대사람 - 차도통행중,안전운전불이행,건조,맑음,단일로 - 기타,승용,여,60세,상해없음,보행자,남,80세,중상
2023032100100295,2023년 3월 21일 14시,화요일,대전광역시 서구 괴정동,부상신고사고,0,0,0,1,차대차 - 기타,안전운전불이행,건조,맑음,단일로 - 기타,승용,여,49세,상해없음,승용,남,36세,부상신고
2023032100100331,2023년 3월 21일 15시,화요일,대전광역시 대덕구 신대동,중상사고,0,1,0,0,차대차 - 추돌,안전운전불이행,건조,맑음,단일로 - 기타,승용,남,58세,상해없음,승용,여,50세,중상
2023032100100332,2023년 3월 21일 15시,화요일,대전광역시 대덕구 신대동,경상사고,0,0,4,0,차대차 - 기타,안전운전불이행,건조,맑음,단일로 - 기타,승용,남,21세,경상,승용,남,40세,경상
2023032100100333,2023년 3월 21일 15시,화요일,대전광역시 서구 월평동,중상사고,0,1,0,0,차대사람 - 기타,안전운전불이행,건조,맑음,교차로 - 교차로안,승용,여,37세,상해없음,보행자,여,87세,중상
2023032100100334,2023년 3월 21일 15시,화요일,대전광역시 유성구 노은동,경상사고,0,0,2,0,차대차 - 기타,안전운전불이행,건조,맑음,단일로 - 기타,승용,여,38세,상해없음,승용,남,33세,경상
2023032100100373,2023년 3월 21일 16시,화요일,대전광역시 유성구 봉명동,중상사고,0,3,0,0,차대차 - 추돌,안전운전불이행,건조,맑음,단일로 - 기타,이륜,남,37세,중상,승용,남,74세,중상
2023032100100420,2023년 3월 21일 17시,화요일,대전광역시 동구 가양동,경상사고,0,0,2,0,차대차 - 추돌,안전운전불이행,건조,맑음,교차로 - 교차로부근,이륜,남,24세,상해없음,승용,남,70세,상해없음
2023032100100421,2023년 3월 21일 17시,화요일,대전광역시 서구 도안동,경상사고,0,0,3,0,차대차 - 추돌,안전운전불이행,건조,맑음,교차로 - 교차로부근,승용,여,33세,상해없음,승용,남,48세,경상
2023032100100422,2023년 3월 21일 17시,화요일,대전광역시 대덕구 중리동,경상사고,0,0,1,0,차량단독 - 기타,안전운전불이행,건조,맑음,단일로 - 기타,승합,남,60세,상해없음,,,,
2023032100100528,2023년 3월 21일 20시,화요일,대전광역시 서구 도마동,경상사고,0,0,2,0,차대차 - 기타,안전운전불이행,건조,맑음,단일로 - 기타,승용,남,34세,상해없음,승용,여,53세,경상
2023032100100529,2023년 3월 21일 20시,화요일,대전광역시 대덕구 비래동,경상사고,0,0,1,0,차대차 - 추돌,안전운전불이행,건조,맑음,교차로 - 교차로부근,화물,남,50세,상해없음,승용,남,34세,경상
2023032100100530,2023년 3월 21일 20시,화요일,대전광역시 유성구 봉명동,경상사고,0,0,1,0,차대사람 - 기타,안전운전불이행,건조,맑음,단일로 - 기타,승용,여,70세,기타불명,보행자,여,68세,경상
2023032100100548,2023년 3월 21일 21시,화요일,대전광역시 대덕구 송촌동,경상사고,0,0,1,0,차대사람 - 차도통행중,안전운전불이행,건조,맑음,단일로 - 기타,승용,남,60세,상해없음,보행자,남,16세,경상
2023032100100549,2023년 3월 21일 21시,화요일,대전광역시 서구 둔산동,중상사고,0,2,0,0,차대사람 - 횡단중,안전운전불이행,건조,맑음,교차로 - 교차로횡단보도내,승용,여,45세,상해없음,보행자,남,39세,중상
2023032100100563,2023년 3월 21일 22시,화요일,대전광역시 중구 용두동,경상사고,0,0,1,0,차대차 - 추돌,안전운전불이행,건조,맑음,단일로 - 기타,승용,남,23세,상해없음,승용,남,45세,경상
2023032200100032,2023년 3월 22일 03시,수요일,대전광역시 서구 갈마동,부상신고사고,0,0,0,2,차대차 - 측면충돌,교차로운행방법위반,건조,맑음,교차로 - 교차로안,승용,남,33세,상해없음,특수,남,24세,부상신고
2023032200100054,2023년 3월 22일 06시,수요일,대전광역시 동구 대성동,경상사고,0,0,1,0,차대사람 - 기타,안전운전불이행,건조,맑음,단일로 - 기타,승용,여,73세,상해없음,보행자,여,85세,경상
2023032200100076,2023년 3월 22일 07시,수요일,대전광역시 중구 석교동,경상사고,0,0,1,0,차대차 - 추돌,안전운전불이행,건조,맑음,단일로 - 기타,화물,남,60세,상해없음,승합,남,58세,경상
2023032200100112,2023년 3월 22일 08시,수요일,대전광역시 중구 옥계동,중상사고,0,1,0,0,차대사람 - 기타,안전운전불이행,건조,맑음,교차로 - 교차로부근,승합,남,65세,상해없음,보행자,여,84세,중상
2023032200100113,2023년 3월 22일 08시,수요일,대전광역시 서구 관저동,경상사고,0,0,3,0,차대차 - 추돌,안전거리미확보,건조,맑음,기타 - 기타,승합,남,36세,상해없음,승용,남,45세,상해없음
2023032200100114,2023년 3월 22일 08시,수요일,대전광역시 대덕구 오정동,경상사고,0,0,2,0,차대차 - 기타,안전거리미확보,건조,맑음,단일로 - 기타,승용,남,36세,기타불명,승용,남,57세,경상
2023032200100139,2023년 3월 22일 09시,수요일,대전광역시 동구 원동,경상사고,0,0,1,0,차대차 - 추돌,안전운전불이행,건조,맑음,교차로 - 교차로부근,화물,남,62세,상해없음,승용,여,54세,경상
2023032200100140,2023년 3월 22일 09시,수요일,대전광역시 유성구 장대동,경상사고,0,0,1,0,차대차 - 기타,안전거리미확보,건조,맑음,교차로 - 교차로부근,승용,남,54세,상해없음,승용,남,33세,경상
2023032200100170,2023년 3월 22일 10시,수요일,대전광역시 동구 용전동,경상사고,0,0,1,0,차대차 - 측면충돌,안전운전불이행,건조,맑음,단일로 - 기타,승용,남,74세,상해없음,승용,남,67세,상해없음
2023032200100233,2023년 3월 22일 12시,수요일,대전광역시 동구 가양동,경상사고,0,0,1,0,차대차 - 기타,안전운전불이행,건조,맑음,교차로 - 교차로안,이륜,남,20세,상해없음,승용,여,48세,경상
2023032200100266,2023년 3월 22일 13시,수요일,대전광역시 동구 자양동,경상사고,0,0,1,0,차대차 - 측면충돌,안전운전불이행,건조,맑음,단일로 - 기타,승용,남,52세,상해없음,승용,남,25세,경상
2023032200100287,2023년 3월 22일 14시,수요일,대전광역시 중구 선화동,경상사고,0,0,1,1,차대차 - 기타,안전운전불이행,건조,맑음,단일로 - 기타,승용,남,77세,부상신고,승용,남,30세,경상
2023032200100288,2023년 3월 22일 14시,수요일,대전광역시 서구 괴정동,경상사고,0,0,1,0,차대차 - 기타,안전운전불이행,건조,맑음,기타 - 기타,승용,여,29세,상해없음,승용,남,65세,상해없음
2023032200100289,2023년 3월 22일 14시,수요일,대전광역시 유성구 용계동,경상사고,0,0,1,0,차대차 - 기타,차로위반,건조,맑음,교차로 - 교차로부근,승용,남,40세,기타불명,승합,남,36세,경상
2023032200100318,2023년 3월 22일 15시,수요일,대전광역시 서구 용문동,경상사고,0,0,1,0,차대사람 - 기타,안전운전불이행,건조,맑음,단일로 - 기타,승용,남,43세,상해없음,보행자,남,40세,경상
2023032200100319,2023년 3월 22일 15시,수요일,대전광역시 서구 갈마동,중상사고,0,1,0,0,차대차 - 측면충돌,안전운전불이행,건조,맑음,단일로 - 기타,승용,남,72세,상해없음,이륜,남,35세,중상
2023032200100349,2023년 3월 22일 16시,수요일,대전광역시 중구 부사동,경상사고,0,0,1,0,차대사람 - 기타,안전운전불이행,건조,맑음,단일로 - 기타,승용,남,51세,상해없음,보행자,남,60세,경상
2023032200100350,2023년 3월 22일 16시,수요일,대전광역시 서구 탄방동,경상사고,0,0,1,0,차량단독 - 기타,안전운전불이행,건조,맑음,교차로 - 교차로부근,승합,남,54세,상해없음,,,,
2023032200100351,2023년 3월 22일 16시,수요일,대전광역시 유성구 외삼동,경상사고,0,0,1,0,차대사람 - 보도통행중,보행자보호의무위반,건조,맑음,교차로 - 교차로횡단보도내,승합,남,45세,상해없음,보행자,여,13세,경상
2023032200100390,2023년 3월 22일 17시,수요일,대전광역시 서구 둔산동,중상사고,0,2,0,0,차대차 - 기타,기타,건조,맑음,단일로 - 기타,승용,여,42세,상해없음,이륜,남,27세,중상
2023032200100451,2023년 3월 22일 19시,수요일,대전광역시 동구 가양동,중상사고,0,1,0,0,차대차 - 측면충돌,신호위반,건조,맑음,교차로 - 교차로안,승용,남,41세,상해없음,이륜,남,32세,중상
2023032200100484,2023년 3월 22일 20시,수요일,대전광역시 대덕구 오정동,경상사고,0,0,1,0,차대사람 - 기타,기타,건조,맑음,단일로 - 기타,승합,남,53세,상해없음,보행자,남,68세,경상
2023032200100516,2023년 3월 22일 21시,수요일,대전광역시 대덕구 오정동,경상사고,0,0,2,0,차대차 - 기타,신호위반,건조,맑음,교차로 - 교차로안,이륜,남,41세,상해없음,승용,남,56세,경상
2023032200100535,2023년 3월 22일 22시,수요일,대전광역시 서구 도안동,경상사고,0,0,2,0,차량단독 - 공작물충돌,안전운전불이행,건조,맑음,기타 - 기타,승용,남,60세,상해없음,,,,
2023032200100557,2023년 3월 22일 23시,수요일,대전광역시 유성구 봉산동,경상사고,0,0,1,0,차대차 - 측면충돌,안전거리미확보,건조,맑음,교차로 - 교차로안,승용,여,28세,상해없음,이륜,남,27세,경상
2023032300100038,2023년 3월 23일 04시,목요일,대전광역시 서구 둔산동,경상사고,0,0,1,0,차대차 - 기타,안전운전불이행,젖음/습기,비,교차로 - 교차로부근,승용,남,51세,상해없음,화물,남,44세,경상
2023032300100081,2023년 3월 23일 07시,목요일,대전광역시 대덕구 신대동,경상사고,0,0,2,0,차대차 - 측면충돌,신호위반,건조,맑음,단일로 - 기타,승용,남,60세,상해없음,승용,남,61세,경상
2023032300100082,2023년 3월 23일 07시,목요일,대전광역시 유성구 봉명동,경상사고,0,0,1,0,차대차 - 기타,안전운전불이행,젖음/습기,비,단일로 - 기타,승용,남,31세,상해없음,승합,남,37세,경상
2023032300100155,2023년 3월 23일 09시,목요일,대전광역시 중구 유천동,경상사고,0,0,1,0,차대차 - 추돌,안전거리미확보,젖음/습기,비,단일로 - 고가도로위,승용,여,67세,상해없음,승용,남,34세,경상
2023032300100156,2023년 3월 23일 09시,목요일,대전광역시 동구 원동,경상사고,0,0,2,0,차대차 - 측면충돌,신호위반,건조,맑음,교차로 - 교차로안,승용,여,38세,경상,승용,여,52세,경상
2023032300100157,2023년 3월 23일 09시,목요일,대전광역시 서구 둔산동,경상사고,0,0,1,0,차대차 - 추돌,안전운전불이행,건조,맑음,교차로 - 교차로부근,승용,남,40세,상해없음,승용,여,44세,경상
2023032300100182,2023년 3월 23일 10시,목요일,대전광역시 중구 중촌동,경상사고,0,0,1,0,차대차 - 추돌,안전거리미확보,건조,맑음,단일로 - 기타,승용,남,32세,상해없음,승용,여,49세,경상
2023032300100183,2023년 3월 23일 10시,목요일,대전광역시 유성구 신동,경상사고,0,0,1,0,차대차 - 측면충돌,신호위반,건조,맑음,교차로 - 교차로안,승합,남,61세,상해없음,승용,남,43세,경상
2023032300100218,2023년 3월 23일 11시,목요일,대전광역시 유성구 지족동,중상사고,0,1,0,0,차량단독 - 기타,기타,건조,맑음,단일로 - 기타,승합,남,57세,상해없음,,,,
2023032300100264,2023년 3월 23일 13시,목요일,대전광역시 유성구 노은동,중상사고,0,1,0,0,차대차 - 기타,안전거리미확보,건조,맑음,기타 - 기타,승용,남,24세,상해없음,이륜,남,27세,중상
2023032300100317,2023년 3월 23일 15시,목요일,대전광역시 중구 부사동,경상사고,0,0,2,0,차대차 - 측면충돌,중앙선침범,건조,맑음,단일로 - 기타,승용,남,53세,상해없음,승용,남,40세,경상
2023032300100318,2023년 3월 23일 15시,목요일,대전광역시 대덕구 와동,경상사고,0,0,1,0,차대차 - 기타,안전운전불이행,건조,맑음,단일로 - 기타,화물,남,60세,상해없음,승용,남,48세,경상
2023032300100364,2023년 3월 23일 16시,목요일,대전광역시 서구 변동,경상사고,0,0,1,0,차대차 - 추돌,안전운전불이행,건조,맑음,교차로 - 교차로부근,승용,남,58세,상해없음,승용,남,34세,상해없음
2023032300100365,2023년 3월 23일 16시,목요일,대전광역시 유성구 구암동,경상사고,0,0,3,0,차대차 - 기타,안전운전불이행,건조,맑음,교차로 - 교차로부근,기타불명,기타불명,미분류,기타불명,승용,여,38세,경상
2023032300100452,2023년 3월 23일 18시,목요일,대전광역시 대덕구 비래동,경상사고,0,0,1,0,차대차 - 기타,안전운전불이행,건조,맑음,주차장 - 주차장,승용,남,67세,상해없음,승용,여,48세,경상