사고번호,사고일시,요일,시군구,사고내용,사망자수,중상자수,경상자수,부상신고자수,사고유형,법규위반,노면상태,기상상태,도로형태,가해운전자 차종,가해운전자 성별,가해운전자 연령,가해운전자 상해정도,피해운전자 차종,피해운전자 성별,피해운전자 연령,피해운전자 상해정도
2023032300100521,2023년 3월 23일 20시,목요일,대전광역시 대덕구 중리동,경상사고,0,0,1,0,차대사람 - 기타,보행자보호의무위반,건조,맑음,단일로 - 기타,승용,남,60세,상해없음,보행자,남,38세,경상
2023032300100558,2023년 3월 23일 22시,목요일,대전광역시 유성구 방현동,중상사고,0,1,0,0,차대차 - 기타,안전운전불이행,건조,맑음,단일로 - 기타,승용,남,41세,상해없음,승용,남,54세,중상
2023032400100006,2023년 3월 24일 00시,금요일,대전광역시 서구 가수원동,부상신고사고,0,0,0,1,차대차 - 측면충돌,안전운전불이행,건조,맑음,단일로 - 기타,승용,남,20세,상해없음,개인형이동수단(PM),여,16세,부상신고
2023032400100048,2023년 3월 24일 06시,금요일,대전광역시 대덕구 목상동,경상사고,0,0,1,0,차대차 - 추돌,안전운전불이행,건조,맑음,단일로 - 기타,승용,남,70세,상해없음,화물,남,66세,경상
2023032400100070,2023년 3월 24일 07시,금요일,대전광역시 서구 괴정동,경상사고,0,0,1,0,차대차 - 측면충돌,안전운전불이행,건조,맑음,단일로 - 기타,승용,남,23세,상해없음,자전거,남,15세,경상
2023032400100123,2023년 3월 24일 08시,금요일,대전광역시 동구 인동,경상사고,0,0,2,0,차대차 - 추돌,안전운전불이행,건조,맑음,교차로 - 교차로부근,승용,남,61세,상해없음,화물,남,29세,경상
2023032400100150,2023년 3월 24일 09시,금요일,대전광역시 서구 갈마동,경상사고,0,0,2,0,차대차 - 기타,안전운전불이행,건조,맑음,단일로 - 기타,승용,여,30세,상해없음,승용,여,36세,경상
2023032400100177,2023년 3월 24일 10시,금요일,대전광역시 중구 태평동,경상사고,0,0,1,0,차대차 - 측면충돌,신호위반,건조,맑음,교차로 - 교차로안,승용,여,66세,상해없음,자전거,남,61세,경상
2023032400100178,2023년 3월 24일 10시,금요일,대전광역시 유성구 지족동,경상사고,0,0,1,0,차대사람 - 기타,안전운전불이행,건조,맑음,단일로 - 기타,승합,남,48세,상해없음,보행자,남,34세,경상
2023032400100220,2023년 3월 24일 11시,금요일,대전광역시 유성구 봉명동,경상사고,0,0,1,0,차대차 - 기타,신호위반,건조,맑음,교차로 - 교차로안,승용,여,31세,기타불명,승용,여,31세,경상
2023032400100221,2023년 3월 24일 11시,금요일,대전광역시 유성구 원내동,경상사고,0,0,1,0,차대차 - 측면충돌,안전거리미확보,건조,맑음,단일로 - 기타,승용,남,35세,상해없음,화물,남,41세,경상
2023032400100332,2023년 3월 24일 14시,금요일,대전광역시 유성구 도룡동,경상사고,0,0,1,0,차대차 - 측면충돌,안전운전불이행,건조,맑음,교차로 - 교차로안,승용,남,25세,상해없음,승용,남,36세,경상
2023032400100363,2023년 3월 24일 15시,금요일,대전광역시 유성구 관평동,중상사고,0,1,0,0,차대차 - 정면충돌,교차로운행방법위반,건조,맑음,교차로 - 교차로안,승용,여,44세,기타불명,이륜,남,56세,중상
2023032400100364,2023년 3월 24일 15시,금요일,대전광역시 유성구 지족동,중상사고,0,1,0,0,차대차 - 측면충돌,직진우회전진행방해,건조,맑음,교차로 - 교차로안,승용,남,43세,상해없음,승합,남,28세,중상
2023032400100403,2023년 3월 24일 16시,금요일,대전광역시 중구 선화동,경상사고,0,0,1,0,차대차 - 추돌,안전운전불이행,건조,맑음,단일로 - 기타,승용,남,74세,상해없음,승용,여,34세,경상
2023032400100404,2023년 3월 24일 16시,금요일,대전광역시 서구 탄방동,중상사고,0,1,0,0,차대사람 - 기타,신호위반,건조,맑음,교차로 - 교차로횡단보도내,승용,여,42세,상해없음,보행자,남,55세,중상
2023032400100505,2023년 3월 24일 18시,금요일,대전광역시 대덕구 읍내동,경상사고,0,0,1,0,차대차 - 측면충돌,직진우회전진행방해,건조,맑음,교차로 - 교차로안,화물,남,45세,상해없음,승용,남,32세,경상
2023032400100506,2023년 3월 24일 18시,금요일,대전광역시 서구 탄방동,경상사고,0,0,1,0,차대사람 - 기타,안전운전불이행,건조,맑음,교차로 - 교차로안,화물,남,64세,상해없음,보행자,여,32세,경상
2023032400100507,2023년 3월 24일 18시,금요일,대전광역시 서구 월평동,경상사고,0,0,2,0,차대차 - 기타,교차로운행방법위반,건조,맑음,교차로 - 교차로부근,승용,남,56세,상해없음,승용,남,27세,경상
2023032400100508,2023년 3월 24일 18시,금요일,대전광역시 서구 둔산동,경상사고,0,0,1,0,차대차 - 기타,안전운전불이행,건조,맑음,교차로 - 교차로부근,승용,여,25세,상해없음,자전거,남,17세,경상
2023032400100509,2023년 3월 24일 18시,금요일,대전광역시 유성구 봉명동,경상사고,0,0,1,0,차대차 - 기타,신호위반,건조,맑음,교차로 - 교차로안,승용,남,66세,상해없음,이륜,남,41세,경상
2023032400100553,2023년 3월 24일 19시,금요일,대전광역시 동구 홍도동,중상사고,0,1,0,0,차대차 - 측면충돌,안전운전불이행,건조,맑음,교차로 - 교차로안,승용,여,60세,상해없음,이륜,남,31세,중상
2023032400100554,2023년 3월 24일 19시,금요일,대전광역시 대덕구 중리동,중상사고,0,1,0,0,차대사람 - 횡단중,보행자보호의무위반,건조,맑음,교차로 - 교차로횡단보도내,승용,남,65세,상해없음,보행자,여,55세,중상
2023032400100555,2023년 3월 24일 19시,금요일,대전광역시 대덕구 송촌동,경상사고,0,0,1,0,차대사람 - 기타,안전운전불이행,건조,맑음,단일로 - 기타,승용,남,35세,상해없음,보행자,남,27세,경상
2023032400100584,2023년 3월 24일 20시,금요일,대전광역시 동구 가양동,경상사고,0,0,1,0,차대차 - 측면충돌,안전운전불이행,건조,맑음,교차로 - 교차로부근,승용,여,48세,상해없음,자전거,남,16세,경상
2023032400100585,2023년 3월 24일 20시,금요일,대전광역시 서구 괴정동,경상사고,0,0,2,0,차대차 - 측면충돌,교차로운행방법위반,건조,맑음,교차로 - 교차로안,이륜,남,33세,상해없음,승용,남,31세,경상
2023032400100635,2023년 3월 24일 22시,금요일,대전광역시 중구 오류동,경상사고,0,0,1,0,차대차 - 측면충돌,안전거리미확보,건조,맑음,단일로 - 기타,기타불명,기타불명,미분류,기타불명,승용,남,60세,상해없음
2023032500100008,2023년 3월 25일 00시,토요일,대전광역시 중구 용두동,경상사고,0,0,1,0,차대차 - 측면충돌,안전거리미확보,건조,맑음,단일로 - 기타,승용,남,60세,상해없음,이륜,남,51세,경상
2023032500100009,2023년 3월 25일 00시,토요일,대전광역시 서구 둔산동,경상사고,0,0,2,0,차대차 - 후진중충돌,안전운전불이행,건조,맑음,단일로 - 기타,승용,남,72세,상해없음,승용,남,33세,경상
2023032500100049,2023년 3월 25일 05시,토요일,대전광역시 동구 대성동,경상사고,0,0,1,0,차대차 - 측면충돌,기타,건조,맑음,단일로 - 기타,승용,남,27세,상해없음,승용,남,26세,경상
2023032500100105,2023년 3월 25일 09시,토요일,대전광역시 동구 소제동,경상사고,0,0,1,0,차대차 - 측면충돌,안전운전불이행,건조,맑음,교차로 - 교차로안,승용,남,77세,상해없음,승합,남,46세,경상
2023032500100106,2023년 3월 25일 09시,토요일,대전광역시 서구 탄방동,경상사고,0,0,2,0,차대차 - 측면충돌,안전운전불이행,건조,맑음,단일로 - 기타,승용,여,47세,상해없음,승용,남,33세,경상
2023032500100132,2023년 3월 25일 10시,토요일,대전광역시 서구 탄방동,경상사고,0,0,1,0,차대차 - 기타,안전운전불이행,건조,맑음,단일로 - 기타,승용,남,40세,상해없음,승용,여,26세,경상
2023032500100199,2023년 3월 25일 12시,토요일,대전광역시 중구 문화동,부상신고사고,0,0,0,1,차대차 - 기타,안전거리미확보,건조,맑음,단일로 - 기타,승용,남,43세,상해없음,이륜,남,51세,부상신고
2023032500100200,2023년 3월 25일 12시,토요일,대전광역시 서구 도안동,경상사고,0,0,1,0,차대차 - 후진중충돌,안전운전불이행,건조,맑음,단일로 - 기타,승용,여,44세,상해없음,승용,남,53세,경상
2023032500100201,2023년 3월 25일 12시,토요일,대전광역시 유성구 봉명동,경상사고,0,0,1,0,차대사람 - 기타,안전운전불이행,건조,맑음,교차로 - 교차로횡단보도내,화물,남,55세,상해없음,보행자,남,36세,경상
2023032500100232,2023년 3월 25일 13시,토요일,대전광역시 중구 은행동,경상사고,0,0,1,0,차대사람 - 기타,안전운전불이행,건조,맑음,단일로 - 기타,승용,남,40세,상해없음,보행자,여,15세,경상
2023032500100233,2023년 3월 25일 13시,토요일,대전광역시 대덕구 문평동,경상사고,0,0,2,0,차대차 - 추돌,안전거리미확보,건조,맑음,단일로 - 기타,승용,남,38세,경상,승용,남,44세,경상
2023032500100234,2023년 3월 25일 13시,토요일,대전광역시 서구 갈마동,중상사고,0,1,0,0,차대사람 - 기타,안전운전불이행,건조,맑음,교차로 - 교차로안,이륜,남,21세,상해없음,보행자,남,9세,중상
2023032500100235,2023년 3월 25일 13시,토요일,대전광역시 유성구 원신흥동,중상사고,0,1,0,0,차대차 - 측면충돌,신호위반,건조,맑음,교차로 - 교차로안,승용,남,67세,상해없음,이륜,남,46세,중상
2023032500100295,2023년 3월 25일 15시,토요일,대전광역시 중구 오류동,경상사고,0,0,2,0,차대차 - 측면충돌,직진우회전진행방해,건조,맑음,교차로 - 교차로안,승용,남,62세,경상,승합,남,31세,경상
2023032500100332,2023년 3월 25일 16시,토요일,대전광역시 유성구 덕명동,경상사고,0,0,1,0,차대차 - 기타,신호위반,건조,맑음,교차로 - 교차로부근,승용,남,49세,상해없음,자전거,남,48세,경상
2023032500100369,2023년 3월 25일 17시,토요일,대전광역시 동구 성남동,경상사고,0,0,1,0,차대차 - 측면충돌,안전거리미확보,건조,맑음,단일로 - 기타,승용,남,69세,상해없음,승용,여,58세,경상
2023032500100370,2023년 3월 25일 17시,토요일,대전광역시 서구 도안동,중상사고,0,1,0,0,차대사람 - 횡단중,신호위반,건조,맑음,교차로 - 교차로횡단보도내,승용,여,32세,상해없음,보행자,여,10세,중상
2023032500100455,2023년 3월 25일 20시,토요일,대전광역시 동구 가양동,경상사고,0,0,1,0,차대차 - 추돌,안전운전불이행,건조,맑음,단일로 - 기타,승용,남,25세,상해없음,승용,남,70세,경상
2023032500100480,2023년 3월 25일 21시,토요일,대전광역시 동구 대성동,중상사고,0,1,4,0,차대차 - 측면충돌,안전운전불이행,건조,맑음,단일로 - 기타,승용,남,18세,경상,승용,남,24세,중상
2023032600100017,2023년 3월 26일 01시,일요일,대전광역시 유성구 봉명동,중상사고,0,1,0,0,차대사람 - 기타,신호위반,건조,맑음,교차로 - 교차로횡단보도내,승용,남,68세,상해없음,보행자,남,62세,중상
2023032600100038,2023년 3월 26일 03시,일요일,대전광역시 서구 변동,경상사고,0,0,2,0,차대차 - 측면충돌,교차로운행방법위반,건조,맑음,교차로 - 교차로안,승용,남,51세,상해없음,승용,남,24세,경상
2023032600100064,2023년 3월 26일 07시,일요일,대전광역시 서구 갈마동,경상사고,0,0,2,0,차대차 - 추돌,안전운전불이행,건조,맑음,교차로 - 교차로부근,승용,남,62세,상해없음,승용,남,68세,경상
2023032600100128,2023년 3월 26일 11시,일요일,대전광역시 동구 원동,경상사고,0,0,1,0,차대차 - 추돌,안전운전불이행,건조,맑음,단일로 - 기타,승용,남,67세,상해없음,승합,남,49세,상해없음
2023032600100154,2023년 3월 26일 12시,일요일,대전광역시 대덕구 신일동,중상사고,0,2,0,0,차대차 - 기타,안전운전불이행,건조,맑음,단일로 - 기타,승용,남,22세,상해없음,화물,남,41세,기타불명
2023032600100197,2023년 3월 26일 13시,일요일,대전광역시 대덕구 비래동,경상사고,0,0,1,0,차대차 - 측면충돌,안전거리미확보,건조,맑음,기타 - 기타,승용,남,54세,상해없음,이륜,남,26세,경상
2023032600100229,2023년 3월 26일 14시,일요일,대전광역시 동구 중동,경상사고,0,0,2,0,차대차 - 측면충돌,안전거리미확보,건조,맑음,교차로 - 교차로부근,승용,남,59세,상해없음,승합,남,49세,경상
2023032600100283,2023년 3월 26일 15시,일요일,대전광역시 유성구 도룡동,경상사고,0,0,3,0,차대차 - 기타,신호위반,건조,맑음,단일로 - 기타,이륜,남,48세,경상,승용,여,52세,경상
2023032600100315,2023년 3월 26일 16시,일요일,대전광역시 동구 구도동,경상사고,0,0,1,0,차량단독 - 공작물충돌,안전운전불이행,건조,맑음,단일로 - 기타,화물,남,55세,경상,,,,
2023032600100334,2023년 3월 26일 17시,일요일,대전광역시 대덕구 덕암동,경상사고,0,0,2,0,차대차 - 측면충돌,안전운전불이행,건조,맑음,기타 - 기타,승합,남,71세,상해없음,승용,남,26세,경상
2023032600100368,2023년 3월 26일 18시,일요일,대전광역시 동구 인동,경상사고,0,0,1,0,차대차 - 측면충돌,신호위반,건조,맑음,교차로 - 교차로안,승용,기타불명,미분류,기타불명,승용,남,38세,경상
2023032600100369,2023년 3월 26일 18시,일요일,대전광역시 서구 관저동,경상사고,0,0,1,0,차대차 - 기타,안전거리미확보,건조,맑음,단일로 - 기타,승용,남,30세,상해없음,이륜,남,23세,경상
2023032600100422,2023년 3월 26일 20시,일요일,대전광역시 동구 용전동,경상사고,0,0,1,0,차대차 - 후진중충돌,안전운전불이행,건조,맑음,단일로 - 기타,승용,남,64세,상해없음,이륜,남,36세,경상
2023032700100008,2023년 3월 27일 00시,월요일,대전광역시 유성구 관평동,경상사고,0,0,1,0,차대차 - 기타,안전운전불이행,건조,흐림,단일로 - 기타,승용,남,21세,상해없음,승용,남,33세,경상
2023032700100062,2023년 3월 27일 07시,월요일,대전광역시 유성구 신성동,경상사고,0,0,1,0,차대차 - 측면충돌,안전운전불이행,건조,맑음,단일로 - 기타,승용,남,52세,상해없음,승용,남,26세,경상
2023032700100192,2023년 3월 27일 11시,월요일,대전광역시 중구 은행동,경상사고,0,0,1,0,차대차 - 측면충돌,안전운전불이행,건조,맑음,교차로 - 교차로부근,승용,남,62세,상해없음,이륜,남,43세,경상
2023032700100217,2023년 3월 27일 12시,월요일,대전광역시 중구 중촌동,경상사고,0,0,2,0,차대차 - 추돌,안전거리미확보,건조,맑음,단일로 - 기타,승용,남,66세,상해없음,승용,여,52세,경상
2023032700100218,2023년 3월 27일 12시,월요일,대전광역시 동구 가양동,중상사고,0,1,0,0,차대차 - 추돌,안전운전불이행,건조,맑음,교차로 - 교차로부근,승용,남,62세,상해없음,승용,남,28세,중상
2023032700100219,2023년 3월 27일 12시,월요일,대전광역시 서구 관저동,경상사고,0,0,1,0,차대차 - 기타,안전운전불이행,건조,맑음,단일로 - 기타,화물,남,61세,상해없음,승용,여,32세,경상
2023032700100283,2023년 3월 27일 14시,월요일,대전광역시 중구 대흥동,경상사고,0,0,2,0,차대차 - 기타,안전운전불이행,건조,맑음,단일로 - 기타,화물,여,60세,상해없음,승용,남,75세,경상
2023032700100284,2023년 3월 27일 14시,월요일,대전광역시 동구 자양동,중상사고,0,1,1,0,차대차 - 측면충돌,안전운전불이행,건조,맑음,교차로 - 교차로안,승용,남,61세,상해없음,승용,남,67세,경상
2023032700100285,2023년 3월 27일 14시,월요일,대전광역시 서구 괴정동,경상사고,0,0,2,0,차대차 - 측면충돌,안전운전불이행,건조,맑음,기타 - 기타,이륜,남,21세,기타불명,승용,남,28세,경상
2023032700100286,2023년 3월 27일 14시,월요일,대전광역시 대덕구 상서동,경상사고,0,0,1,0,차대차 - 측면충돌,안전운전불이행,건조,맑음,교차로 - 교차로안,승용,남,21세,상해없음,화물,남,37세,경상
2023032700100287,2023년 3월 27일 14시,월요일,대전광역시 대덕구 신탄진동,중상사고,0,2,2,0,차대차 - 추돌,안전운전불이행,건조,맑음,교차로 - 교차로부근,화물,남,43세,상해없음,승용,여,68세,경상
2023032700100325,2023년 3월 27일 15시,월요일,대전광역시 대덕구 중리동,경상사고,0,0,1,0,차대차 - 정면충돌,안전운전불이행,건조,맑음,교차로 - 교차로부근,화물,남,27세,상해없음,승용,남,63세,경상
2023032700100326,2023년 3월 27일 15시,월요일,대전광역시 대덕구 송촌동,경상사고,0,0,1,0,차대차 - 추돌,교차로운행방법위반,건조,맑음,교차로 - 교차로부근,이륜,남,40세,기타불명,승용,여,47세,경상
2023032700100327,2023년 3월 27일 15시,월요일,대전광역시 유성구 궁동,경상사고,0,0,1,0,차대차 - 기타,안전운전불이행,건조,맑음,단일로 - 기타,승용,여,44세,기타불명,승용,남,39세,경상
2023032700100368,2023년 3월 27일 16시,월요일,대전광역시 대덕구 오정동,경상사고,0,0,4,0,차대차 - 추돌,안전운전불이행,건조,맑음,교차로 - 교차로부근,승용,여,29세,상해없음,승용,남,50세,경상
2023032700100369,2023년 3월 27일 16시,월요일,대전광역시 대덕구 덕암동,경상사고,0,0,4,0,차대차 - 측면충돌,안전운전불이행,건조,맑음,교차로 - 교차로부근,승용,남,68세,상해없음,승용,여,58세,경상
2023032700100420,2023년 3월 27일 17시,월요일,대전광역시 서구 가수원동,경상사고,0,0,4,0,차대차 - 추돌,안전운전불이행,건조,맑음,단일로 - 기타,화물,남,49세,상해없음,승용,남,24세,경상
2023032700100421,2023년 3월 27일 17시,월요일,대전광역시 대덕구 중리동,경상사고,0,0,2,0,차대차 - 추돌,안전운전불이행,건조,맑음,교차로 - 교차로부근,이륜,남,25세,경상,승용,남,44세,경상
2023032700100462,2023년 3월 27일 18시,월요일,대전광역시 대덕구 송촌동,경상사고,0,0,2,1,차대차 - 추돌,안전운전불이행,건조,맑음,단일로 - 기타,승용,남,42세,상해없음,승용,남,39세,경상
2023032700100492,2023년 3월 27일 19시,월요일,대전광역시 유성구 장대동,경상사고,0,0,1,0,차대사람 - 횡단중,안전운전불이행,건조,맑음,교차로 - 교차로안,승용,여,58세,상해없음,보행자,여,63세,경상
2023032700100519,2023년 3월 27일 20시,월요일,대전광역시 유성구 관평동,경상사고,0,0,1,0,차대차 - 기타,기타,건조,맑음,단일로 - 기타,승용,여,39세,상해없음,이륜,남,43세,경상
2023032700100551,2023년 3월 27일 22시,월요일,대전광역시 서구 둔산동,경상사고,0,0,1,0,차대차 - 추돌,안전운전불이행,건조,맑음,교차로 - 교차로부근,승용,여,32세,상해없음,승용,남,22세,경상
2023032700100560,2023년 3월 27일 23시,월요일,대전광역시 유성구 봉명동,경상사고,0,0,2,0,차대차 - 측면충돌,신호위반,건조,맑음,교차로 - 교차로안,승용,남,59세,경상,승용,여,46세,상해없음
2023032800100007,2023년 3월 28일 00시,화요일,대전광역시 동구 자양동,경상사고,0,0,1,0,차대차 - 기타,안전운전불이행,건조,맑음,단일로 - 기타,승용,남,19세,상해없음,이륜,남,32세,경상
2023032800100016,2023년 3월 28일 02시,화요일,대전광역시 유성구 장대동,경상사고,0,0,1,0,차대차 - 추돌,안전운전불이행,건조,맑음,단일로 - 기타,승용,남,30세,상해없음,이륜,남,23세,경상
2023032800100048,2023년 3월 28일 06시,화요일,대전광역시 동구 중동,경상사고,0,0,2,0,차대차 - 측면충돌,신호위반,건조,맑음,교차로 - 교차로안,승용,남,69세,상해없음,승용,남,45세,경상
2023032800100076,2023년 3월 28일 07시,화요일,대전광역시 서구 가수원동,경상사고,0,0,1,0,차대사람 - 기타,보행자보호의무위반,건조,맑음,교차로 - 교차로부근,승용,남,48세,상해없음,보행자,여,60세,경상
2023032800100123,2023년 3월 28일 08시,화요일,대전광역시 유성구 지족동,경상사고,0,0,1,0,차대차 - 측면충돌,안전거리미확보,건조,맑음,교차로 - 교차로부근,승용,남,46세,상해없음,건설기계,남,51세,경상
2023032800100154,2023년 3월 28일 09시,화요일,대전광역시 중구 석교동,경상사고,0,0,1,0,차대차 - 기타,안전운전불이행,건조,맑음,단일로 - 기타,승용,남,66세,상해없음,화물,남,36세,경상
2023032800100193,2023년 3월 28일 10시,화요일,대전광역시 대덕구 읍내동,경상사고,0,0,1,0,차대차 - 추돌,안전운전불이행,건조,맑음,교차로 - 교차로안,승용,여,44세,상해없음,화물,남,46세,경상
2023032800100263,2023년 3월 28일 12시,화요일,대전광역시 대덕구 오정동,경상사고,0,0,2,0,차대차 - 기타,교차로운행방법위반,건조,맑음,교차로 - 교차로안,승용,남,40세,경상,이륜,남,23세,경상
2023032800100292,2023년 3월 28일 13시,화요일,대전광역시 대덕구 석봉동,경상사고,0,0,2,0,차대차 - 기타,교차로운행방법위반,건조,맑음,교차로 - 교차로안,승용,남,69세,상해없음,승용,남,39세,경상
2023032800100354,2023년 3월 28일 15시,화요일,대전광역시 중구 오류동,경상사고,0,0,1,0,차대차 - 추돌,안전운전불이행,건조,맑음,교차로 - 교차로안,승합,남,57세,상해없음,화물,남,43세,경상
2023032800100355,2023년 3월 28일 15시,화요일,대전광역시 대덕구 상서동,경상사고,0,0,1,0,차대차 - 추돌,안전운전불이행,건조,맑음,교차로 - 교차로부근,승용,남,66세,상해없음,승용,남,41세,경상
2023032800100396,2023년 3월 28일 16시,화요일,대전광역시 서구 도안동,경상사고,0,0,2,0,차대차 - 측면충돌,신호위반,건조,맑음,교차로 - 교차로안,승용,여,60세,상해없음,승합,남,69세,경상
2023032800100397,2023년 3월 28일 16시,화요일,대전광역시 서구 도마동,경상사고,0,0,2,0,차대차 - 기타,안전운전불이행,건조,맑음,단일로 - 기타,승용,남,62세,기타불명,승합,남,52세,상해없음
2023032800100438,2023년 3월 28일 17시,화요일,대전광역시 서구 용문동,경상사고,0,0,1,0,차대사람 - 보도통행중,안전운전불이행,기타,맑음,단일로 - 기타,승용,남,55세,상해없음,보행자,여,69세,경상
2023032800100553,2023년 3월 28일 21시,화요일,대전광역시 유성구 죽동,경상사고,0,0,1,0,차대차 - 기타,안전운전불이행,건조,맑음,단일로 - 기타,이륜,남,38세,경상,승용,남,31세,상해없음
2023032900100011,2023년 3월 29일 00시,수요일,대전광역시 대덕구 오정동,경상사고,0,0,1,0,차대차 - 측면충돌,중앙선침범,건조,맑음,단일로 - 기타,이륜,남,28세,상해없음,이륜,남,18세,경상
2023032900100032,2023년 3월 29일 05시,수요일,대전광역시 대덕구 오정동,경상사고,0,0,1,0,차량단독 - 전도전복 - 전도,안전운전불이행,건조,맑음,단일로 - 기타,자전거,남,59세,경상,,,,
2023032900100047,2023년 3월 29일 06시,수요일,대전광역시 유성구 도룡동,경상사고,0,0,1,0,차대차 - 측면충돌,교차로운행방법위반,건조,맑음,교차로 - 교차로안,승합,남,62세,상해없음,승용,남,39세,경상
2023032900100070,2023년 3월 29일 07시,수요일,대전광역시 대덕구 법동,중상사고,0,1,1,1,차대차 - 기타,안전거리미확보,건조,맑음,교차로 - 교차로안,승용,여,18세,상해없음,승합,남,45세,상해없음
2023032900100137,2023년 3월 29일 09시,수요일,대전광역시 중구 선화동,경상사고,0,0,1,0,차대차 - 기타,교차로운행방법위반,건조,맑음,교차로 - 교차로안,건설기계,남,56세,상해없음,승용,여,52세,경상
2023032900100138,2023년 3월 29일 09시,수요일,대전광역시 동구 성남동,경상사고,0,0,1,0,차대차 - 기타,안전운전불이행,건조,맑음,교차로 - 교차로안,승합,남,69세,상해없음,승용,남,34세,경상
2023032900100253,2023년 3월 29일 13시,수요일,대전광역시 동구 삼성동,경상사고,0,0,1,0,차대사람 - 기타,안전운전불이행,젖음/습기,맑음,단일로 - 기타,승합,남,34세,상해없음,보행자,여,52세,경상
2023032900100254,2023년 3월 29일 13시,수요일,대전광역시 유성구 전민동,중상사고,0,1,0,0,차대차 - 측면충돌,직진우회전진행방해,건조,맑음,교차로 - 교차로안,승용,여,35세,상해없음,승용,여,56세,중상
2023032900100301,2023년 3월 29일 14시,수요일,대전광역시 서구 도안동,경상사고,0,0,1,0,차대차 - 기타,안전운전불이행,건조,맑음,단일로 - 기타,승용,여,66세,상해없음,화물,남,49세,경상
2023032900100365,2023년 3월 29일 16시,수요일,대전광역시 서구 가수원동,경상사고,0,0,3,0,차대차 - 기타,안전운전불이행,건조,맑음,단일로 - 기타,화물,남,55세,상해없음,승용,남,27세,경상
2023032900100412,2023년 3월 29일 17시,수요일,대전광역시 서구 도마동,경상사고,0,0,1,0,차대차 - 기타,직진우회전진행방해,건조,맑음,교차로 - 교차로안,화물,남,44세,상해없음,승용,여,38세,경상
2023032900100413,2023년 3월 29일 17시,수요일,대전광역시 유성구 둔곡동,경상사고,0,0,2,0,차대차 - 측면충돌,신호위반,건조,맑음,교차로 - 교차로안,승용,남,47세,상해없음,승용,남,23세,경상
2023032900100495,2023년 3월 29일 19시,수요일,대전광역시 서구 갈마동,경상사고,0,0,1,0,차대차 - 기타,안전운전불이행,건조,맑음,교차로 - 교차로부근,화물,남,37세,상해없음,승용,여,40세,경상
2023032900100496,2023년 3월 29일 19시,수요일,대전광역시 서구 둔산동,중상사고,0,1,0,0,차대사람 - 기타,안전운전불이행,건조,맑음,단일로 - 기타,승용,남,53세,상해없음,보행자,여,29세,중상
2023032900100515,2023년 3월 29일 20시,수요일,대전광역시 유성구 봉명동,경상사고,0,0,1,0,차대차 - 기타,안전운전불이행,건조,맑음,단일로 - 기타,화물,남,56세,상해없음,승용,남,66세,경상
2023032900100529,2023년 3월 29일 21시,수요일,대전광역시 서구 변동,경상사고,0,0,3,0,차대차 - 기타,안전운전불이행,건조,기타,교차로 - 교차로안,기타불명,기타불명,미분류,기타불명,승용,남,31세,경상
2023032900100530,2023년 3월 29일 21시,수요일,대전광역시 서구 용문동,경상사고,0,0,2,0,차량단독 - 기타,안전운전불이행,건조,맑음,교차로 - 교차로부근,승용,남,68세,상해없음,,,,
2023032900100531,2023년 3월 29일 21시,수요일,대전광역시 서구 괴정동,경상사고,0,0,1,0,차대차 - 측면충돌,안전거리미확보,건조,맑음,단일로 - 기타,승용,남,64세,상해없음,승용,남,28세,경상
2023032900100560,2023년 3월 29일 22시,수요일,대전광역시 중구 대흥동,경상사고,0,0,2,0,차대차 - 기타,교차로운행방법위반,건조,맑음,교차로 - 교차로안,승용,남,31세,상해없음,승용,여,63세,경상
2023032900100561,2023년 3월 29일 22시,수요일,대전광역시 서구 도마동,경상사고,0,0,1,0,차대차 - 측면충돌,중앙선침범,건조,맑음,단일로 - 기타,기타불명,기타불명,미분류,기타불명,승용,남,74세,경상
2023032900100562,2023년 3월 29일 22시,수요일,대전광역시 서구 용문동,경상사고,0,0,1,0,차대사람 - 보도통행중,기타,건조,맑음,단일로 - 기타,개인형이동수단(PM),남,16세,상해없음,보행자,여,23세,경상
2023032900100571,2023년 3월 29일 23시,수요일,대전광역시 동구 정동,경상사고,0,0,1,0,차대사람 - 횡단중,신호위반,건조,맑음,단일로 - 기타,승용,남,73세,상해없음,보행자,남,42세,경상
2023033000100014,2023년 3월 30일 00시,목요일,대전광역시 중구 은행동,경상사고,0,0,2,0,차대차 - 기타,신호위반,건조,맑음,교차로 - 교차로부근,승용,여,48세,기타불명,승용,남,62세,경상
2023033000100025,2023년 3월 30일 01시,목요일,대전광역시 서구 둔산동,경상사고,0,0,2,0,차대차 - 추돌,안전운전불이행,건조,맑음,교차로 - 교차로부근,승용,남,20세,상해없음,승용,남,68세,경상
2023033000100031,2023년 3월 30일 03시,목요일,대전광역시 중구 대흥동,경상사고,0,0,1,0,차대사람 - 기타,안전운전불이행,건조,맑음,단일로 - 기타,이륜,남,54세,상해없음,보행자,남,21세,경상
2023033000100032,2023년 3월 30일 03시,목요일,대전광역시 대덕구 신탄진동,중상사고,0,1,0,0,차대차 - 기타,중앙선침범,건조,맑음,단일로 - 기타,화물,남,30세,상해없음,이륜,남,60세,중상
2023033000100084,2023년 3월 30일 07시,목요일,대전광역시 동구 정동,경상사고,0,0,1,0,차대차 - 정면충돌,안전운전불이행,건조,맑음,교차로 - 교차로안,승용,여,75세,상해없음,자전거,남,38세,경상