사고번호,사고일시,요일,시군구,사고내용,사망자수,중상자수,경상자수,부상신고자수,사고유형,법규위반,노면상태,기상상태,도로형태,가해운전자 차종,가해운전자 성별,가해운전자 연령,가해운전자 상해정도,피해운전자 차종,피해운전자 성별,피해운전자 연령,피해운전자 상해정도
2023040400100376,2023년 4월 4일 17시,화요일,대전광역시 대덕구 신탄진동,중상사고,0,1,0,0,차대사람 - 횡단중,보행자보호의무위반,젖음/습기,비,교차로 - 교차로부근,화물,남,63세,상해없음,보행자,남,71세,중상
2023040400100418,2023년 4월 4일 18시,화요일,대전광역시 중구 은행동,경상사고,0,0,1,0,차대차 - 기타,신호위반,젖음/습기,흐림,교차로 - 교차로안,승용,남,32세,상해없음,승용,남,51세,경상
2023040400100419,2023년 4월 4일 18시,화요일,대전광역시 서구 도마동,중상사고,0,4,5,0,차대차 - 추돌,기타,젖음/습기,비,교차로 - 교차로안,승용,남,26세,상해없음,승합,남,63세,경상
2023040400100470,2023년 4월 4일 19시,화요일,대전광역시 동구 성남동,경상사고,0,0,1,0,차대사람 - 차도통행중,안전운전불이행,젖음/습기,비,단일로 - 기타,화물,남,66세,상해없음,보행자,남,60세,경상
2023040400100471,2023년 4월 4일 19시,화요일,대전광역시 동구 원동,중상사고,0,1,0,0,차대사람 - 횡단중,보행자보호의무위반,젖음/습기,비,교차로 - 교차로안,화물,남,65세,상해없음,보행자,남,54세,중상
2023040400100472,2023년 4월 4일 19시,화요일,대전광역시 서구 둔산동,중상사고,0,1,0,0,차대차 - 기타,신호위반,젖음/습기,비,교차로 - 교차로안,이륜,남,36세,상해없음,이륜,남,44세,중상
2023040400100473,2023년 4월 4일 19시,화요일,대전광역시 유성구 봉명동,경상사고,0,0,1,0,차대차 - 추돌,안전운전불이행,젖음/습기,비,교차로 - 교차로부근,승용,여,24세,상해없음,승용,남,60세,경상
2023040400100532,2023년 4월 4일 20시,화요일,대전광역시 중구 부사동,경상사고,0,0,1,0,차대차 - 측면충돌,교차로운행방법위반,젖음/습기,비,교차로 - 교차로안,승용,여,47세,기타불명,승용,남,71세,경상
2023040400100533,2023년 4월 4일 20시,화요일,대전광역시 서구 복수동,경상사고,0,0,1,0,차대사람 - 기타,보행자보호의무위반,젖음/습기,비,교차로 - 교차로횡단보도내,이륜,남,29세,상해없음,보행자,남,16세,경상
2023040400100534,2023년 4월 4일 20시,화요일,대전광역시 유성구 지족동,경상사고,0,0,1,0,차대사람 - 보도통행중,보행자보호의무위반,젖음/습기,비,기타 - 기타,승용,여,56세,상해없음,보행자,남,45세,경상
2023040400100581,2023년 4월 4일 21시,화요일,대전광역시 대덕구 법동,경상사고,0,0,1,0,차대차 - 기타,안전운전불이행,젖음/습기,비,교차로 - 교차로부근,화물,여,44세,상해없음,이륜,남,44세,경상
2023040400100619,2023년 4월 4일 22시,화요일,대전광역시 중구 오류동,중상사고,0,1,0,0,차대차 - 기타,중앙선침범,젖음/습기,비,교차로 - 교차로부근,승용,남,22세,상해없음,승용,남,44세,상해없음
2023040400100620,2023년 4월 4일 22시,화요일,대전광역시 동구 용전동,경상사고,0,0,1,0,차대사람 - 기타,안전운전불이행,건조,맑음,단일로 - 기타,화물,남,29세,상해없음,보행자,남,28세,경상
2023040400100621,2023년 4월 4일 22시,화요일,대전광역시 서구 월평동,경상사고,0,0,2,0,차대차 - 측면충돌,교차로운행방법위반,젖음/습기,비,교차로 - 교차로부근,승용,남,66세,상해없음,승용,남,35세,경상
2023040500100022,2023년 4월 5일 00시,수요일,대전광역시 서구 탄방동,경상사고,0,0,1,0,차대차 - 기타,안전운전불이행,젖음/습기,맑음,단일로 - 기타,승용,남,28세,상해없음,승용,남,38세,경상
2023040500100056,2023년 4월 5일 04시,수요일,대전광역시 대덕구 오정동,중상사고,0,2,0,0,차대차 - 기타,신호위반,젖음/습기,비,교차로 - 교차로안,승용,남,62세,기타불명,승용,남,54세,중상
2023040500100147,2023년 4월 5일 08시,수요일,대전광역시 대덕구 송촌동,경상사고,0,0,2,0,차대차 - 추돌,안전운전불이행,젖음/습기,흐림,기타 - 기타,승용,남,23세,상해없음,승합,남,60세,경상
2023040500100177,2023년 4월 5일 09시,수요일,대전광역시 서구 관저동,경상사고,0,0,1,0,차대차 - 정면충돌,안전운전불이행,젖음/습기,비,교차로 - 교차로안,승용,여,27세,상해없음,승용,남,63세,경상
2023040500100201,2023년 4월 5일 10시,수요일,대전광역시 유성구 궁동,중상사고,0,2,0,0,차량단독 - 공작물충돌,기타,젖음/습기,비,단일로 - 기타,승용,남,67세,상해없음,,,,
2023040500100232,2023년 4월 5일 11시,수요일,대전광역시 동구 정동,경상사고,0,0,1,0,차대사람 - 기타,기타,건조,맑음,단일로 - 기타,승합,남,43세,상해없음,보행자,여,74세,경상
2023040500100233,2023년 4월 5일 11시,수요일,대전광역시 대덕구 신탄진동,중상사고,0,1,0,0,차대차 - 측면충돌,안전운전불이행,젖음/습기,비,교차로 - 교차로부근,승합,남,59세,상해없음,승용,남,43세,중상
2023040500100295,2023년 4월 5일 13시,수요일,대전광역시 서구 월평동,경상사고,0,0,1,0,차대차 - 추돌,안전운전불이행,젖음/습기,비,교차로 - 교차로부근,승용,남,50세,상해없음,승용,남,38세,경상
2023040500100296,2023년 4월 5일 13시,수요일,대전광역시 유성구 궁동,경상사고,0,0,1,1,차대차 - 기타,안전운전불이행,젖음/습기,흐림,단일로 - 기타,승용,여,64세,기타불명,승용,남,47세,경상
2023040500100351,2023년 4월 5일 15시,수요일,대전광역시 서구 도안동,중상사고,0,1,4,0,차대차 - 기타,신호위반,건조,맑음,단일로 - 기타,승용,여,28세,상해없음,승합,여,57세,경상
2023040500100353,2023년 4월 5일 15시,수요일,대전광역시 서구 갈마동,경상사고,0,0,1,0,차대차 - 측면충돌,안전운전불이행,건조,맑음,교차로 - 교차로횡단보도내,승용,남,56세,상해없음,승용,남,27세,상해없음
2023040500100416,2023년 4월 5일 17시,수요일,대전광역시 동구 자양동,경상사고,0,0,1,0,차대사람 - 횡단중,보행자보호의무위반,젖음/습기,비,교차로 - 교차로횡단보도내,화물,남,60세,상해없음,보행자,여,59세,경상
2023040500100456,2023년 4월 5일 18시,수요일,대전광역시 대덕구 오정동,경상사고,0,0,1,0,차대차 - 측면충돌,안전운전불이행,젖음/습기,비,교차로 - 교차로안,승합,남,70세,상해없음,승용,남,55세,경상
2023040500100457,2023년 4월 5일 18시,수요일,대전광역시 대덕구 법동,경상사고,0,0,1,0,차대차 - 기타,안전운전불이행,건조,맑음,단일로 - 기타,화물,남,52세,기타불명,승용,여,58세,경상
2023040500100458,2023년 4월 5일 18시,수요일,대전광역시 유성구 원내동,경상사고,0,0,1,0,차대차 - 기타,중앙선침범,젖음/습기,흐림,단일로 - 기타,승용,남,49세,상해없음,승용,여,37세,경상
2023040500100502,2023년 4월 5일 19시,수요일,대전광역시 대덕구 비래동,중상사고,0,1,0,0,차대사람 - 차도통행중,안전운전불이행,젖음/습기,비,교차로 - 교차로횡단보도내,승용,남,61세,상해없음,보행자,남,91세,중상
2023040500100503,2023년 4월 5일 19시,수요일,대전광역시 유성구 봉명동,중상사고,0,1,0,0,차대차 - 기타,안전운전불이행,젖음/습기,비,단일로 - 기타,승용,남,52세,상해없음,화물,남,65세,중상
2023040500100504,2023년 4월 5일 19시,수요일,대전광역시 유성구 관평동,중상사고,0,1,0,0,차대차 - 기타,중앙선침범,건조,맑음,기타 - 기타,승용,여,46세,상해없음,이륜,남,25세,중상
2023040500100528,2023년 4월 5일 20시,수요일,대전광역시 동구 신상동,경상사고,0,0,1,0,차대차 - 추돌,안전운전불이행,건조,맑음,단일로 - 기타,승용,남,52세,상해없음,승용,여,52세,경상
2023040500100545,2023년 4월 5일 20시,수요일,대전광역시 서구 변동,경상사고,0,0,1,0,차대차 - 측면충돌,안전운전불이행,건조,맑음,교차로 - 교차로부근,화물,남,51세,상해없음,이륜,남,42세,경상
2023040500100546,2023년 4월 5일 20시,수요일,대전광역시 유성구 도룡동,경상사고,0,0,1,0,차대차 - 기타,신호위반,건조,맑음,단일로 - 터널,승용,여,48세,상해없음,승용,남,50세,경상
2023040500100579,2023년 4월 5일 21시,수요일,대전광역시 중구 문화동,경상사고,0,0,1,0,차대차 - 측면충돌,신호위반,젖음/습기,비,교차로 - 교차로안,승용,남,38세,상해없음,승용,여,33세,경상
2023040500100605,2023년 4월 5일 22시,수요일,대전광역시 중구 대흥동,중상사고,0,1,0,0,차대사람 - 보도통행중,신호위반,건조,맑음,단일로 - 기타,승용,남,63세,상해없음,보행자,여,19세,중상
2023040500100631,2023년 4월 5일 23시,수요일,대전광역시 서구 월평동,경상사고,0,0,1,0,차대차 - 기타,기타,젖음/습기,비,단일로 - 교량,승용,남,31세,상해없음,승용,남,37세,경상
2023040600100031,2023년 4월 6일 03시,목요일,대전광역시 유성구 반석동,중상사고,0,1,1,0,차대차 - 기타,안전운전불이행,젖음/습기,비,기타 - 기타,화물,남,54세,상해없음,승용,남,60세,경상
2023040600100070,2023년 4월 6일 07시,목요일,대전광역시 중구 오류동,경상사고,0,0,2,0,차대차 - 기타,안전운전불이행,젖음/습기,흐림,교차로 - 교차로부근,화물,남,42세,상해없음,승용,여,50세,경상
2023040600100113,2023년 4월 6일 08시,목요일,대전광역시 동구 가양동,경상사고,0,0,2,0,차대차 - 추돌,안전운전불이행,젖음/습기,맑음,단일로 - 기타,승용,남,20세,상해없음,승용,여,43세,경상
2023040600100148,2023년 4월 6일 10시,목요일,대전광역시 중구 유천동,중상사고,0,1,1,0,차대차 - 측면충돌,안전운전불이행,건조,맑음,단일로 - 기타,승용,남,26세,상해없음,승용,남,73세,경상
2023040600100149,2023년 4월 6일 10시,목요일,대전광역시 서구 도마동,경상사고,0,0,1,0,차대사람 - 기타,보행자보호의무위반,건조,맑음,교차로 - 교차로횡단보도내,승용,여,35세,상해없음,보행자,여,18세,경상
2023040600100192,2023년 4월 6일 12시,목요일,대전광역시 동구 용전동,부상신고사고,0,0,0,1,차대차 - 기타,기타,건조,맑음,단일로 - 기타,승용,여,66세,상해없음,이륜,남,35세,부상신고
2023040600100193,2023년 4월 6일 12시,목요일,대전광역시 동구 정동,중상사고,0,1,0,0,차대차 - 측면충돌,안전운전불이행,건조,맑음,단일로 - 기타,기타불명,남,61세,중상,승합,남,49세,상해없음
2023040600100194,2023년 4월 6일 12시,목요일,대전광역시 대덕구 상서동,경상사고,0,0,1,0,차대차 - 측면충돌,신호위반,건조,맑음,교차로 - 교차로안,승용,남,61세,상해없음,승용,남,47세,경상
2023040600100255,2023년 4월 6일 14시,목요일,대전광역시 동구 판암동,경상사고,0,0,2,0,차대차 - 기타,안전운전불이행,건조,흐림,교차로 - 교차로부근,승용,남,55세,상해없음,승합,남,54세,상해없음
2023040600100256,2023년 4월 6일 14시,목요일,대전광역시 서구 만년동,중상사고,0,1,0,0,차대차 - 측면충돌,안전운전불이행,건조,맑음,교차로 - 교차로부근,승용,여,63세,기타불명,승용,여,36세,중상
2023040600100315,2023년 4월 6일 16시,목요일,대전광역시 서구 탄방동,경상사고,0,0,1,0,차대사람 - 기타,안전운전불이행,건조,맑음,기타 - 기타,자전거,여,79세,상해없음,보행자,여,32세,경상
2023040600100352,2023년 4월 6일 17시,목요일,대전광역시 유성구 장대동,경상사고,0,0,1,0,차대차 - 기타,안전운전불이행,건조,맑음,단일로 - 기타,승용,남,34세,상해없음,승용,남,21세,경상
2023040600100353,2023년 4월 6일 17시,목요일,대전광역시 유성구 복용동,경상사고,0,0,1,0,차대차 - 기타,안전운전불이행,젖음/습기,흐림,단일로 - 기타,승용,남,30세,상해없음,이륜,남,38세,경상
2023040600100449,2023년 4월 6일 19시,목요일,대전광역시 유성구 관평동,경상사고,0,0,1,0,차대사람 - 횡단중,안전운전불이행,건조,맑음,단일로 - 기타,승용,남,70세,상해없음,보행자,남,48세,경상
2023040600100483,2023년 4월 6일 20시,목요일,대전광역시 서구 월평동,경상사고,0,0,3,0,차대차 - 측면충돌,교차로운행방법위반,건조,맑음,교차로 - 교차로안,승용,여,37세,상해없음,승용,여,45세,경상
2023040600100484,2023년 4월 6일 20시,목요일,대전광역시 유성구 송강동,중상사고,0,1,0,0,차대차 - 추돌,안전운전불이행,젖음/습기,비,단일로 - 기타,특수,남,54세,상해없음,승용,여,28세,중상
2023040600100530,2023년 4월 6일 22시,목요일,대전광역시 중구 대사동,경상사고,0,0,1,0,차대차 - 기타,교차로운행방법위반,젖음/습기,비,단일로 - 기타,승용,여,23세,상해없음,승용,여,33세,경상
2023040600100541,2023년 4월 6일 23시,목요일,대전광역시 동구 정동,경상사고,0,0,1,0,차대차 - 추돌,안전거리미확보,젖음/습기,비,교차로 - 교차로부근,승합,남,28세,상해없음,승용,남,58세,상해없음
2023040700100058,2023년 4월 7일 06시,금요일,대전광역시 중구 대흥동,경상사고,0,0,4,0,차대차 - 기타,안전운전불이행,건조,맑음,교차로 - 교차로안,화물,남,64세,상해없음,승용,남,27세,경상
2023040700100059,2023년 4월 7일 06시,금요일,대전광역시 유성구 원신흥동,경상사고,0,0,1,0,차대차 - 측면충돌,중앙선침범,건조,맑음,단일로 - 기타,승용,여,60세,상해없음,승용,남,33세,경상
2023040700100083,2023년 4월 7일 07시,금요일,대전광역시 중구 석교동,중상사고,0,1,0,0,차대차 - 기타,신호위반,건조,맑음,교차로 - 교차로안,승용,남,25세,기타불명,이륜,남,75세,중상
2023040700100131,2023년 4월 7일 08시,금요일,대전광역시 대덕구 오정동,경상사고,0,0,1,0,차대차 - 기타,교차로운행방법위반,건조,맑음,교차로 - 교차로부근,승용,여,56세,상해없음,승용,여,27세,경상
2023040700100171,2023년 4월 7일 09시,금요일,대전광역시 대덕구 비래동,경상사고,0,0,3,0,차대차 - 정면충돌,신호위반,건조,맑음,교차로 - 교차로안,승용,남,48세,상해없음,승용,여,54세,경상
2023040700100172,2023년 4월 7일 09시,금요일,대전광역시 서구 둔산동,중상사고,0,1,0,0,차대차 - 측면충돌,안전운전불이행,건조,맑음,단일로 - 기타,승용,남,38세,상해없음,이륜,남,21세,중상
2023040700100202,2023년 4월 7일 10시,금요일,대전광역시 유성구 상대동,중상사고,0,1,0,0,차대사람 - 횡단중,안전운전불이행,건조,맑음,교차로 - 교차로부근,승용,남,72세,상해없음,보행자,남,57세,중상
2023040700100223,2023년 4월 7일 11시,금요일,대전광역시 동구 대동,경상사고,0,0,1,0,차대차 - 측면충돌,안전운전불이행,건조,맑음,교차로 - 교차로안,승용,남,28세,상해없음,자전거,남,55세,경상
2023040700100282,2023년 4월 7일 13시,금요일,대전광역시 유성구 장대동,경상사고,0,0,2,0,차대차 - 측면충돌,안전운전불이행,건조,맑음,교차로 - 교차로안,승용,남,66세,상해없음,승용,여,59세,경상
2023040700100325,2023년 4월 7일 14시,금요일,대전광역시 서구 가수원동,경상사고,0,0,2,0,차대차 - 추돌,안전운전불이행,건조,맑음,교차로 - 교차로안,승용,남,59세,상해없음,승용,여,44세,경상
2023040700100326,2023년 4월 7일 14시,금요일,대전광역시 대덕구 중리동,중상사고,0,1,2,7,차대차 - 추돌,안전운전불이행,건조,맑음,단일로 - 기타,화물,남,60세,상해없음,이륜,남,62세,중상
2023040700100327,2023년 4월 7일 14시,금요일,대전광역시 유성구 도룡동,중상사고,0,1,0,0,차대사람 - 횡단중,안전운전불이행,건조,맑음,단일로 - 기타,승합,남,63세,상해없음,보행자,남,40세,중상
2023040700100417,2023년 4월 7일 16시,금요일,대전광역시 대덕구 갈전동,중상사고,0,1,0,0,차량단독 - 공작물충돌,안전운전불이행,건조,맑음,기타 - 기타,승용,남,63세,상해없음,,,,
2023040700100418,2023년 4월 7일 16시,금요일,대전광역시 대덕구 평촌동,경상사고,0,0,1,0,차대차 - 추돌,안전운전불이행,건조,맑음,단일로 - 기타,승용,여,46세,기타불명,승용,여,28세,경상
2023040700100477,2023년 4월 7일 17시,금요일,대전광역시 서구 도안동,경상사고,0,0,1,0,차대차 - 기타,안전운전불이행,건조,맑음,단일로 - 기타,이륜,남,23세,상해없음,승합,남,45세,상해없음
2023040700100478,2023년 4월 7일 17시,금요일,대전광역시 서구 월평동,경상사고,0,0,1,0,차대사람 - 횡단중,보행자보호의무위반,건조,맑음,교차로 - 교차로횡단보도내,이륜,기타불명,미분류,기타불명,보행자,여,22세,경상
2023040700100479,2023년 4월 7일 17시,금요일,대전광역시 유성구 궁동,경상사고,0,0,1,0,차대차 - 기타,직진우회전진행방해,건조,맑음,교차로 - 교차로안,승용,여,73세,상해없음,이륜,남,34세,경상
2023040700100480,2023년 4월 7일 17시,금요일,대전광역시 유성구 구암동,경상사고,0,0,1,0,차대차 - 기타,안전운전불이행,건조,맑음,기타 - 기타,이륜,남,22세,상해없음,이륜,남,42세,경상
2023040700100526,2023년 4월 7일 18시,금요일,대전광역시 서구 변동,경상사고,0,0,1,0,차대차 - 추돌,안전운전불이행,건조,맑음,단일로 - 기타,승용,남,25세,상해없음,승용,남,35세,경상
2023040700100527,2023년 4월 7일 18시,금요일,대전광역시 대덕구 신일동,경상사고,0,0,2,0,차대차 - 추돌,안전거리미확보,건조,맑음,단일로 - 교량,승용,여,25세,상해없음,승용,남,43세,경상
2023040700100571,2023년 4월 7일 19시,금요일,대전광역시 서구 둔산동,경상사고,0,0,1,0,차대사람 - 횡단중,보행자보호의무위반,건조,맑음,교차로 - 교차로횡단보도내,승용,여,21세,상해없음,보행자,남,13세,경상
2023040700100648,2023년 4월 7일 21시,금요일,대전광역시 대덕구 중리동,경상사고,0,0,1,0,차대차 - 기타,교차로운행방법위반,기타,흐림,교차로 - 교차로안,승용,여,51세,상해없음,이륜,남,37세,경상
2023040700100673,2023년 4월 7일 22시,금요일,대전광역시 서구 갈마동,경상사고,0,0,1,0,차대차 - 기타,신호위반,건조,맑음,교차로 - 교차로부근,화물,남,54세,상해없음,승용,남,29세,경상
2023040700100691,2023년 4월 7일 23시,금요일,대전광역시 중구 선화동,중상사고,0,1,0,0,차대차 - 기타,신호위반,건조,맑음,교차로 - 교차로안,승용,남,74세,상해없음,이륜,남,29세,중상
2023040800100014,2023년 4월 8일 00시,토요일,대전광역시 서구 갈마동,중상사고,0,1,0,0,차대차 - 추돌,안전운전불이행,건조,맑음,기타 - 기타,승용,남,30세,상해없음,이륜,남,24세,중상
2023040800100032,2023년 4월 8일 02시,토요일,대전광역시 서구 용문동,경상사고,0,0,1,0,차대차 - 기타,안전운전불이행,건조,맑음,단일로 - 기타,승용,남,44세,상해없음,건설기계,남,51세,경상
2023040800100042,2023년 4월 8일 04시,토요일,대전광역시 유성구 구암동,경상사고,0,0,3,0,차대차 - 측면충돌,직진우회전진행방해,건조,맑음,교차로 - 교차로안,승합,남,28세,상해없음,승용,남,49세,경상
2023040800100198,2023년 4월 8일 11시,토요일,대전광역시 대덕구 신대동,경상사고,0,0,2,0,차대차 - 추돌,안전운전불이행,건조,맑음,단일로 - 기타,화물,남,27세,상해없음,승용,여,62세,경상
2023040800100328,2023년 4월 8일 14시,토요일,대전광역시 대덕구 신대동,경상사고,0,0,10,0,차대차 - 추돌,안전운전불이행,건조,맑음,단일로 - 기타,승용,남,54세,상해없음,승합,남,28세,경상
2023040800100329,2023년 4월 8일 14시,토요일,대전광역시 서구 둔산동,경상사고,0,0,2,0,차대차 - 기타,신호위반,건조,맑음,교차로 - 교차로부근,승용,여,21세,상해없음,승용,남,30세,경상
2023040800100330,2023년 4월 8일 14시,토요일,대전광역시 서구 둔산동,사망사고,1,1,2,0,차대사람 - 보도통행중,중앙선침범,건조,맑음,단일로 - 기타,승용,남,65세,상해없음,보행자,여,9세,경상
2023040800100350,2023년 4월 8일 15시,토요일,대전광역시 서구 도마동,경상사고,0,0,1,0,차대차 - 기타,안전운전불이행,건조,맑음,단일로 - 기타,승용,남,55세,상해없음,이륜,남,67세,경상
2023040800100351,2023년 4월 8일 15시,토요일,대전광역시 서구 갈마동,경상사고,0,0,1,0,차대차 - 측면충돌,안전운전불이행,건조,맑음,교차로 - 교차로횡단보도내,이륜,남,42세,기타불명,이륜,남,45세,경상
2023040800100395,2023년 4월 8일 16시,토요일,대전광역시 유성구 방동,경상사고,0,0,4,0,차대차 - 정면충돌,안전운전불이행,건조,맑음,기타 - 기타,승용,여,39세,기타불명,승용,남,45세,경상
2023040800100475,2023년 4월 8일 18시,토요일,대전광역시 유성구 갑동,경상사고,0,0,1,0,차대차 - 측면충돌,신호위반,건조,맑음,교차로 - 교차로안,승용,여,72세,상해없음,승용,여,56세,경상
2023040800100510,2023년 4월 8일 19시,토요일,대전광역시 동구 판암동,경상사고,0,0,1,0,차대차 - 측면충돌,안전운전불이행,건조,맑음,교차로 - 교차로안,승합,남,45세,상해없음,승용,남,50세,경상
2023040800100564,2023년 4월 8일 21시,토요일,대전광역시 서구 용문동,중상사고,0,1,0,0,차대사람 - 기타,안전운전불이행,건조,맑음,단일로 - 기타,승용,남,23세,상해없음,보행자,남,32세,중상
2023040800100565,2023년 4월 8일 21시,토요일,대전광역시 유성구 어은동,경상사고,0,0,2,0,차대차 - 추돌,안전운전불이행,건조,맑음,교차로 - 교차로부근,승용,남,30세,상해없음,승용,여,51세,경상
2023040800100566,2023년 4월 8일 21시,토요일,대전광역시 서구 도안동,경상사고,0,0,2,0,차대차 - 기타,신호위반,건조,맑음,교차로 - 교차로안,승용,남,62세,상해없음,승용,남,22세,경상
2023040900100011,2023년 4월 9일 00시,일요일,대전광역시 유성구 봉명동,경상사고,0,0,1,0,차대사람 - 기타,보행자보호의무위반,건조,맑음,단일로 - 기타,승용,남,22세,상해없음,보행자,여,58세,경상
2023040900100021,2023년 4월 9일 01시,일요일,대전광역시 유성구 봉명동,경상사고,0,0,1,0,차대차 - 기타,신호위반,건조,맑음,교차로 - 교차로안,승용,남,21세,상해없음,승용,남,51세,상해없음
2023040900100087,2023년 4월 9일 09시,일요일,대전광역시 동구 용운동,경상사고,0,0,1,0,차량단독 - 공작물충돌,안전운전불이행,건조,맑음,단일로 - 기타,승합,남,67세,상해없음,,,,
2023040900100106,2023년 4월 9일 10시,일요일,대전광역시 유성구 하기동,중상사고,0,1,0,0,차대차 - 정면충돌,신호위반,건조,맑음,교차로 - 교차로안,승용,남,46세,상해없음,승용,남,68세,중상
2023040900100130,2023년 4월 9일 11시,일요일,대전광역시 대덕구 읍내동,중상사고,0,1,1,0,차대차 - 측면충돌,신호위반,건조,맑음,교차로 - 교차로안,승용,남,45세,기타불명,이륜,남,71세,중상
2023040900100232,2023년 4월 9일 14시,일요일,대전광역시 중구 대흥동,중상사고,0,1,2,0,차대차 - 측면충돌,안전거리미확보,건조,맑음,단일로 - 기타,승용,여,46세,상해없음,승용,남,30세,경상
2023040900100269,2023년 4월 9일 15시,일요일,대전광역시 중구 문창동,경상사고,0,0,1,0,차량단독 - 기타,안전거리미확보,건조,맑음,단일로 - 기타,승합,남,45세,상해없음,,,,
2023040900100270,2023년 4월 9일 15시,일요일,대전광역시 유성구 전민동,경상사고,0,0,3,0,차대차 - 측면충돌,안전거리미확보,건조,맑음,교차로 - 교차로부근,승용,여,62세,기타불명,승용,여,59세,경상
2023040900100304,2023년 4월 9일 16시,일요일,대전광역시 유성구 봉명동,경상사고,0,0,1,0,차대차 - 기타,안전거리미확보,건조,맑음,교차로 - 교차로안,승용,여,69세,기타불명,승용,여,62세,경상
2023040900100333,2023년 4월 9일 17시,일요일,대전광역시 서구 만년동,경상사고,0,0,1,0,차대차 - 측면충돌,안전운전불이행,건조,맑음,교차로 - 교차로부근,승용,남,49세,상해없음,승용,남,40세,경상
2023040900100362,2023년 4월 9일 18시,일요일,대전광역시 동구 대성동,경상사고,0,0,6,0,차대차 - 측면충돌,안전운전불이행,건조,맑음,단일로 - 기타,화물,여,63세,상해없음,승용,남,51세,경상
2023040900100363,2023년 4월 9일 18시,일요일,대전광역시 유성구 봉명동,경상사고,0,0,2,0,차대차 - 기타,안전운전불이행,건조,맑음,교차로 - 교차로부근,승용,남,24세,상해없음,승용,여,42세,경상
2023040900100420,2023년 4월 9일 21시,일요일,대전광역시 동구 인동,중상사고,0,1,1,0,차대차 - 측면충돌,중앙선침범,건조,맑음,교차로 - 교차로횡단보도내,자전거,여,70세,중상,이륜,남,30세,경상
2023040900100421,2023년 4월 9일 21시,일요일,대전광역시 유성구 궁동,경상사고,0,0,1,0,차대차 - 기타,안전운전불이행,건조,맑음,교차로 - 교차로안,승용,남,75세,상해없음,승용,남,29세,경상
2023041000100010,2023년 4월 10일 00시,월요일,대전광역시 동구 가양동,중상사고,0,1,1,0,차대차 - 기타,신호위반,건조,맑음,교차로 - 교차로부근,이륜,남,17세,상해없음,승용,남,62세,경상
2023041000100011,2023년 4월 10일 00시,월요일,대전광역시 서구 관저동,중상사고,0,1,0,0,차대사람 - 보도통행중,보행자보호의무위반,건조,맑음,교차로 - 교차로횡단보도내,승용,남,56세,상해없음,보행자,남,29세,중상
2023041000100026,2023년 4월 10일 05시,월요일,대전광역시 중구 태평동,경상사고,0,0,1,0,차대차 - 기타,신호위반,건조,맑음,교차로 - 교차로안,이륜,남,36세,상해없음,승용,여,50세,경상
2023041000100027,2023년 4월 10일 05시,월요일,대전광역시 대덕구 오정동,경상사고,0,0,2,0,차대차 - 측면충돌,안전운전불이행,건조,맑음,교차로 - 교차로부근,승용,남,43세,상해없음,화물,남,40세,경상
2023041000100057,2023년 4월 10일 07시,월요일,대전광역시 유성구 봉명동,경상사고,0,0,1,0,차대차 - 기타,안전거리미확보,건조,맑음,기타 - 기타,승용,남,39세,상해없음,승용,여,42세,경상
2023041000100077,2023년 4월 10일 08시,월요일,대전광역시 대덕구 목상동,중상사고,0,1,0,0,차대차 - 측면충돌,안전운전불이행,건조,맑음,교차로 - 교차로부근,화물,남,58세,상해없음,승용,남,26세,중상
2023041000100090,2023년 4월 10일 08시,월요일,대전광역시 유성구 방동,중상사고,0,1,0,0,차대차 - 측면충돌,차로위반,건조,맑음,단일로 - 기타,승용,남,30세,상해없음,승용,남,26세,중상
2023041000100177,2023년 4월 10일 11시,월요일,대전광역시 중구 석교동,중상사고,0,1,0,0,차대사람 - 차도통행중,교차로운행방법위반,건조,맑음,교차로 - 교차로안,화물,남,57세,상해없음,보행자,여,81세,중상
2023041000100178,2023년 4월 10일 11시,월요일,대전광역시 서구 도마동,경상사고,0,0,1,0,차대차 - 측면충돌,안전운전불이행,건조,맑음,단일로 - 기타,이륜,남,63세,상해없음,자전거,남,78세,경상
2023041000100207,2023년 4월 10일 12시,월요일,대전광역시 중구 은행동,경상사고,0,0,1,0,차대차 - 측면충돌,신호위반,건조,맑음,교차로 - 교차로안,승용,여,39세,상해없음,승용,여,78세,경상
2023041000100317,2023년 4월 10일 15시,월요일,대전광역시 서구 가장동,경상사고,0,0,1,0,차대차 - 측면충돌,안전운전불이행,건조,맑음,교차로 - 교차로부근,건설기계,남,62세,상해없음,승용,여,49세,경상
2023041000100318,2023년 4월 10일 15시,월요일,대전광역시 서구 탄방동,경상사고,0,0,1,0,차대차 - 추돌,안전운전불이행,건조,맑음,단일로 - 기타,화물,남,45세,상해없음,승용,남,31세,경상
2023041000100351,2023년 4월 10일 16시,월요일,대전광역시 서구 도안동,경상사고,0,0,1,0,차대차 - 측면충돌,교차로운행방법위반,건조,맑음,단일로 - 기타,승용,여,51세,상해없음,승용,남,46세,경상
2023041000100401,2023년 4월 10일 17시,월요일,대전광역시 대덕구 신탄진동,중상사고,0,1,0,0,차대사람 - 차도통행중,안전운전불이행,건조,맑음,교차로 - 교차로부근,화물,남,64세,상해없음,보행자,여,69세,중상
2023041000100402,2023년 4월 10일 17시,월요일,대전광역시 서구 둔산동,경상사고,0,0,2,0,차대차 - 기타,중앙선침범,건조,맑음,단일로 - 기타,승용,여,32세,상해없음,승용,남,49세,경상