사고번호,사고일시,요일,시군구,사고내용,사망자수,중상자수,경상자수,부상신고자수,사고유형,법규위반,노면상태,기상상태,도로형태,가해운전자 차종,가해운전자 성별,가해운전자 연령,가해운전자 상해정도,피해운전자 차종,피해운전자 성별,피해운전자 연령,피해운전자 상해정도
2023041000100445,2023년 4월 10일 18시,월요일,대전광역시 서구 복수동,중상사고,0,2,0,0,차대차 - 기타,안전거리미확보,건조,맑음,단일로 - 기타,승용,여,43세,상해없음,승용,여,50세,중상
2023041000100446,2023년 4월 10일 18시,월요일,대전광역시 서구 정림동,중상사고,0,1,0,0,차대차 - 측면충돌,신호위반,건조,맑음,교차로 - 교차로횡단보도내,승용,남,67세,상해없음,자전거,남,66세,중상
2023041000100516,2023년 4월 10일 21시,월요일,대전광역시 서구 갈마동,중상사고,0,1,0,0,차대사람 - 보도통행중,안전운전불이행,건조,맑음,단일로 - 기타,자전거,남,29세,상해없음,보행자,여,24세,중상
2023041000100517,2023년 4월 10일 21시,월요일,대전광역시 유성구 봉명동,경상사고,0,0,1,0,차대차 - 측면충돌,안전운전불이행,건조,맑음,단일로 - 기타,이륜,남,22세,상해없음,승용,남,39세,경상
2023041100100008,2023년 4월 11일 00시,화요일,대전광역시 서구 도마동,경상사고,0,0,3,0,차대차 - 측면충돌,신호위반,기타,기타,교차로 - 교차로안,승용,여,49세,상해없음,승용,남,25세,경상
2023041100100012,2023년 4월 11일 01시,화요일,대전광역시 서구 탄방동,경상사고,0,0,2,0,차대차 - 추돌,안전운전불이행,건조,맑음,기타 - 기타,승용,남,31세,기타불명,승용,여,42세,경상
2023041100100061,2023년 4월 11일 07시,화요일,대전광역시 동구 가양동,경상사고,0,0,1,0,차대차 - 측면충돌,안전운전불이행,건조,맑음,교차로 - 교차로부근,화물,남,55세,상해없음,승용,남,55세,경상
2023041100100062,2023년 4월 11일 07시,화요일,대전광역시 대덕구 상서동,중상사고,0,2,0,0,차대차 - 측면충돌,중앙선침범,건조,맑음,교차로 - 교차로부근,승용,남,58세,기타불명,승용,남,54세,중상
2023041100100089,2023년 4월 11일 08시,화요일,대전광역시 서구 둔산동,중상사고,0,1,2,0,차대차 - 추돌,안전운전불이행,건조,맑음,교차로 - 교차로안,승용,남,48세,경상,승용,여,52세,중상
2023041100100120,2023년 4월 11일 09시,화요일,대전광역시 서구 갈마동,부상신고사고,0,0,0,1,차대사람 - 기타,안전운전불이행,건조,흐림,단일로 - 기타,승용,여,67세,상해없음,보행자,여,24세,부상신고
2023041100100143,2023년 4월 11일 10시,화요일,대전광역시 중구 산성동,경상사고,0,0,2,0,차대차 - 측면충돌,신호위반,건조,맑음,교차로 - 교차로부근,화물,남,70세,상해없음,승합,여,41세,경상
2023041100100174,2023년 4월 11일 11시,화요일,대전광역시 서구 월평동,경상사고,0,0,1,0,차대차 - 기타,안전운전불이행,건조,맑음,교차로 - 교차로부근,승용,여,72세,상해없음,승합,남,54세,경상
2023041100100205,2023년 4월 11일 12시,화요일,대전광역시 중구 산성동,경상사고,0,0,1,0,차대사람 - 기타,기타,건조,맑음,단일로 - 기타,승용,남,75세,상해없음,보행자,여,64세,경상
2023041100100206,2023년 4월 11일 12시,화요일,대전광역시 서구 월평동,경상사고,0,0,1,0,차대차 - 기타,안전운전불이행,건조,맑음,교차로 - 교차로부근,승용,여,66세,상해없음,이륜,남,48세,경상
2023041100100207,2023년 4월 11일 12시,화요일,대전광역시 서구 둔산동,경상사고,0,0,1,0,차대사람 - 보도통행중,안전운전불이행,건조,맑음,단일로 - 교량,개인형이동수단(PM),남,20세,상해없음,보행자,남,13세,경상
2023041100100264,2023년 4월 11일 14시,화요일,대전광역시 동구 소제동,경상사고,0,0,1,0,차대차 - 기타,교차로운행방법위반,건조,맑음,교차로 - 교차로안,원동기,남,79세,상해없음,승용,남,65세,경상
2023041100100288,2023년 4월 11일 15시,화요일,대전광역시 중구 대사동,경상사고,0,0,1,0,차대차 - 기타,교차로운행방법위반,건조,흐림,교차로 - 교차로안,승용,여,41세,상해없음,승용,남,66세,경상
2023041100100316,2023년 4월 11일 16시,화요일,대전광역시 유성구 장대동,경상사고,0,0,1,0,차대차 - 기타,안전운전불이행,건조,맑음,기타 - 기타,화물,남,63세,상해없음,화물,남,43세,경상
2023041100100349,2023년 4월 11일 17시,화요일,대전광역시 중구 대흥동,중상사고,0,1,0,0,차대차 - 기타,안전운전불이행,젖음/습기,비,단일로 - 기타,승용,여,26세,상해없음,승용,남,65세,중상
2023041100100350,2023년 4월 11일 17시,화요일,대전광역시 대덕구 오정동,경상사고,0,0,4,0,차대차 - 측면충돌,신호위반,건조,맑음,교차로 - 교차로부근,이륜,남,28세,상해없음,승합,남,47세,경상
2023041100100423,2023년 4월 11일 19시,화요일,대전광역시 중구 목동,경상사고,0,0,1,0,차대차 - 측면충돌,안전운전불이행,건조,맑음,단일로 - 기타,승용,남,61세,상해없음,승용,여,29세,경상
2023041100100455,2023년 4월 11일 20시,화요일,대전광역시 서구 갈마동,중상사고,0,1,0,0,차대차 - 측면충돌,안전운전불이행,건조,맑음,단일로 - 기타,승용,남,24세,상해없음,이륜,남,44세,중상
2023041100100494,2023년 4월 11일 22시,화요일,대전광역시 동구 가오동,경상사고,0,0,1,0,차대차 - 측면충돌,신호위반,건조,맑음,교차로 - 교차로부근,승용,남,76세,상해없음,승용,남,40세,경상
2023041200100024,2023년 4월 12일 05시,수요일,대전광역시 서구 갈마동,중상사고,0,1,0,0,차대차 - 정면충돌,중앙선침범,건조,맑음,단일로 - 기타,승용,남,29세,상해없음,승용,남,32세,중상
2023041200100067,2023년 4월 12일 07시,수요일,대전광역시 동구 중동,중상사고,0,1,0,0,차대차 - 측면충돌,신호위반,건조,맑음,교차로 - 교차로안,승용,여,50세,상해없음,승용,여,46세,중상
2023041200100118,2023년 4월 12일 08시,수요일,대전광역시 유성구 지족동,중상사고,0,1,1,0,차대차 - 측면충돌,안전운전불이행,건조,맑음,기타 - 기타,자전거,여,43세,경상,개인형이동수단(PM),남,62세,중상
2023041200100144,2023년 4월 12일 09시,수요일,대전광역시 중구 대흥동,중상사고,0,1,0,0,차대사람 - 횡단중,안전운전불이행,건조,맑음,단일로 - 기타,승용,남,76세,상해없음,보행자,여,74세,중상
2023041200100145,2023년 4월 12일 09시,수요일,대전광역시 동구 성남동,경상사고,0,0,1,0,차대차 - 기타,신호위반,건조,맑음,교차로 - 교차로안,승용,여,38세,상해없음,승합,남,38세,경상
2023041200100268,2023년 4월 12일 13시,수요일,대전광역시 서구 용촌동,사망사고,1,0,0,0,차대차 - 기타,안전운전불이행,건조,맑음,기타 - 기타,승용,여,51세,기타불명,이륜,남,76세,사망
2023041200100304,2023년 4월 12일 14시,수요일,대전광역시 중구 선화동,경상사고,0,0,1,0,차대차 - 측면충돌,안전운전불이행,건조,맑음,교차로 - 교차로안,화물,남,29세,상해없음,승용,여,41세,경상
2023041200100305,2023년 4월 12일 14시,수요일,대전광역시 중구 대흥동,경상사고,0,0,1,0,차대차 - 측면충돌,안전운전불이행,건조,맑음,교차로 - 교차로횡단보도내,승용,남,83세,상해없음,승용,남,29세,경상
2023041200100306,2023년 4월 12일 14시,수요일,대전광역시 대덕구 법동,경상사고,0,0,2,0,차대차 - 추돌,안전운전불이행,건조,맑음,단일로 - 기타,승용,남,28세,상해없음,화물,남,59세,경상
2023041200100344,2023년 4월 12일 15시,수요일,대전광역시 대덕구 오정동,중상사고,0,1,0,0,차대사람 - 기타,안전운전불이행,건조,맑음,단일로 - 기타,승합,남,64세,상해없음,보행자,여,69세,중상
2023041200100389,2023년 4월 12일 16시,수요일,대전광역시 유성구 장대동,경상사고,0,0,2,0,차대차 - 추돌,안전거리미확보,건조,맑음,기타 - 기타,승용,여,39세,상해없음,승용,남,52세,경상
2023041200100464,2023년 4월 12일 18시,수요일,대전광역시 유성구 원신흥동,경상사고,0,0,1,0,차대사람 - 기타,안전운전불이행,건조,맑음,기타 - 기타,자전거,남,43세,기타불명,보행자,남,62세,경상
2023041200100465,2023년 4월 12일 18시,수요일,대전광역시 유성구 학하동,경상사고,0,0,4,0,차대차 - 기타,안전운전불이행,건조,맑음,단일로 - 기타,승용,남,28세,경상,승용,여,37세,경상
2023041200100492,2023년 4월 12일 19시,수요일,대전광역시 유성구 봉명동,경상사고,0,0,1,0,차대차 - 기타,안전운전불이행,건조,맑음,교차로 - 교차로부근,승용,남,37세,상해없음,승용,남,69세,경상
2023041200100541,2023년 4월 12일 21시,수요일,대전광역시 중구 용두동,경상사고,0,0,1,0,차대차 - 기타,안전거리미확보,건조,흐림,교차로 - 교차로부근,승용,남,50세,상해없음,이륜,남,43세,경상
2023041200100542,2023년 4월 12일 21시,수요일,대전광역시 서구 도안동,사망사고,1,1,0,0,차대차 - 기타,신호위반,건조,맑음,교차로 - 교차로안,이륜,남,38세,중상,이륜,남,20세,상해없음
2023041300100014,2023년 4월 13일 01시,목요일,대전광역시 서구 괴정동,경상사고,0,0,2,0,차대차 - 측면충돌,안전운전불이행,건조,맑음,단일로 - 기타,승용,여,45세,상해없음,승용,남,39세,경상
2023041300100020,2023년 4월 13일 02시,목요일,대전광역시 서구 월평동,중상사고,0,1,0,0,차대차 - 기타,안전거리미확보,건조,맑음,단일로 - 기타,승용,남,53세,상해없음,승용,남,52세,상해없음
2023041300100021,2023년 4월 13일 02시,목요일,대전광역시 유성구 봉명동,경상사고,0,0,1,0,차대차 - 기타,안전운전불이행,젖음/습기,흐림,기타 - 기타,승용,남,33세,상해없음,승용,여,43세,경상
2023041300100046,2023년 4월 13일 06시,목요일,대전광역시 동구 용전동,경상사고,0,0,2,0,차대차 - 추돌,안전운전불이행,건조,맑음,단일로 - 기타,화물,남,46세,상해없음,승용,여,67세,경상
2023041300100047,2023년 4월 13일 06시,목요일,대전광역시 대덕구 덕암동,경상사고,0,0,2,0,차대차 - 추돌,불법유턴,건조,맑음,단일로 - 기타,특수,남,71세,상해없음,승용,남,34세,경상
2023041300100075,2023년 4월 13일 07시,목요일,대전광역시 유성구 구룡동,중상사고,0,1,0,0,차대차 - 기타,안전운전불이행,건조,맑음,기타 - 기타,승용,남,52세,상해없음,자전거,남,50세,중상
2023041300100076,2023년 4월 13일 07시,목요일,대전광역시 유성구 지족동,경상사고,0,0,9,0,차대차 - 기타,신호위반,건조,맑음,교차로 - 교차로안,화물,남,60세,상해없음,승합,남,65세,경상
2023041300100077,2023년 4월 13일 07시,목요일,대전광역시 유성구 도룡동,경상사고,0,0,1,0,차대차 - 기타,안전운전불이행,건조,맑음,단일로 - 기타,화물,남,66세,상해없음,승용,여,35세,경상
2023041300100116,2023년 4월 13일 08시,목요일,대전광역시 서구 복수동,경상사고,0,0,1,0,차대차 - 기타,교차로운행방법위반,건조,맑음,교차로 - 교차로안,승용,남,29세,상해없음,이륜,남,60세,경상
2023041300100117,2023년 4월 13일 08시,목요일,대전광역시 서구 내동,경상사고,0,0,1,0,차대차 - 측면충돌,안전운전불이행,건조,맑음,단일로 - 기타,화물,남,69세,상해없음,이륜,남,78세,경상
2023041300100118,2023년 4월 13일 08시,목요일,대전광역시 대덕구 상서동,경상사고,0,0,1,0,차대차 - 측면충돌,안전거리미확보,건조,맑음,단일로 - 기타,건설기계,남,57세,상해없음,승용,남,59세,경상
2023041300100119,2023년 4월 13일 08시,목요일,대전광역시 서구 둔산동,중상사고,0,1,0,0,차대사람 - 보도통행중,안전운전불이행,건조,맑음,기타 - 기타,자전거,남,24세,상해없음,보행자,여,51세,중상
2023041300100152,2023년 4월 13일 09시,목요일,대전광역시 대덕구 신탄진동,경상사고,0,0,1,0,차대차 - 기타,교차로운행방법위반,건조,맑음,교차로 - 교차로안,승용,여,61세,상해없음,이륜,남,39세,경상
2023041300100176,2023년 4월 13일 10시,목요일,대전광역시 유성구 구암동,중상사고,0,1,2,0,차대차 - 측면충돌,차로위반,건조,맑음,단일로 - 기타,승용,남,31세,상해없음,승용,남,78세,경상
2023041300100232,2023년 4월 13일 12시,목요일,대전광역시 유성구 지족동,경상사고,0,0,1,0,차대사람 - 횡단중,보행자보호의무위반,건조,맑음,단일로 - 기타,승용,여,51세,상해없음,보행자,여,20세,경상
2023041300100269,2023년 4월 13일 13시,목요일,대전광역시 대덕구 신대동,중상사고,0,1,2,1,차대차 - 추돌,안전거리미확보,건조,맑음,단일로 - 고가도로위,승용,여,63세,기타불명,승용,남,70세,중상
2023041300100270,2023년 4월 13일 13시,목요일,대전광역시 유성구 관평동,경상사고,0,0,1,0,차대차 - 측면충돌,안전운전불이행,건조,맑음,단일로 - 기타,이륜,남,37세,상해없음,자전거,남,31세,경상
2023041300100326,2023년 4월 13일 15시,목요일,대전광역시 동구 자양동,경상사고,0,0,1,0,차대차 - 정면충돌,중앙선침범,건조,맑음,교차로 - 교차로부근,승용,여,60세,상해없음,승용,여,54세,경상
2023041300100327,2023년 4월 13일 15시,목요일,대전광역시 서구 가수원동,경상사고,0,0,1,0,차대차 - 기타,안전운전불이행,건조,맑음,교차로 - 교차로횡단보도내,승용,여,60세,상해없음,자전거,남,70세,경상
2023041300100328,2023년 4월 13일 15시,목요일,대전광역시 서구 용문동,경상사고,0,0,1,0,차대사람 - 보도통행중,기타,건조,맑음,단일로 - 기타,화물,남,22세,상해없음,보행자,여,35세,경상
2023041300100329,2023년 4월 13일 15시,목요일,대전광역시 서구 탄방동,경상사고,0,0,1,0,차대차 - 측면충돌,안전운전불이행,건조,맑음,교차로 - 교차로안,승용,남,44세,기타불명,자전거,남,13세,경상
2023041300100330,2023년 4월 13일 15시,목요일,대전광역시 유성구 반석동,경상사고,0,0,2,0,차대차 - 기타,안전운전불이행,건조,맑음,단일로 - 기타,승용,남,71세,상해없음,화물,남,58세,기타불명
2023041300100366,2023년 4월 13일 16시,목요일,대전광역시 서구 월평동,경상사고,0,0,3,0,차대차 - 기타,안전운전불이행,건조,맑음,교차로 - 교차로안,특수,남,54세,상해없음,승용,남,25세,경상
2023041300100367,2023년 4월 13일 16시,목요일,대전광역시 유성구 원신흥동,경상사고,0,0,2,0,차대차 - 추돌,안전운전불이행,건조,맑음,단일로 - 교량,승용,남,63세,상해없음,승합,남,63세,상해없음
2023041300100447,2023년 4월 13일 18시,목요일,대전광역시 중구 부사동,중상사고,0,1,0,0,차대차 - 기타,안전운전불이행,건조,맑음,교차로 - 교차로부근,이륜,남,38세,중상,승용,여,52세,상해없음
2023041300100448,2023년 4월 13일 18시,목요일,대전광역시 동구 낭월동,중상사고,0,2,0,0,차대차 - 측면충돌,안전거리미확보,건조,맑음,단일로 - 기타,화물,남,68세,상해없음,승용,남,57세,중상
2023041300100449,2023년 4월 13일 18시,목요일,대전광역시 서구 용문동,경상사고,0,0,1,0,차대사람 - 보도통행중,안전운전불이행,기타,맑음,단일로 - 기타,승용,남,29세,기타불명,보행자,여,64세,경상
2023041300100485,2023년 4월 13일 19시,목요일,대전광역시 중구 문화동,중상사고,0,1,0,0,차대사람 - 기타,안전운전불이행,건조,맑음,단일로 - 기타,승합,남,62세,상해없음,보행자,여,72세,중상
2023041300100486,2023년 4월 13일 19시,목요일,대전광역시 서구 도안동,경상사고,0,0,1,0,차대사람 - 횡단중,안전운전불이행,건조,맑음,기타 - 기타,승용,남,30세,상해없음,보행자,여,8세,경상
2023041300100487,2023년 4월 13일 19시,목요일,대전광역시 대덕구 중리동,중상사고,0,1,1,0,차대차 - 측면충돌,안전운전불이행,건조,맑음,교차로 - 교차로안,화물,남,58세,상해없음,이륜,여,49세,경상
2023041300100516,2023년 4월 13일 20시,목요일,대전광역시 동구 용전동,경상사고,0,0,1,0,차대차 - 기타,신호위반,건조,맑음,교차로 - 교차로부근,승용,남,67세,상해없음,이륜,남,82세,경상
2023041400100012,2023년 4월 14일 00시,금요일,대전광역시 동구 용운동,경상사고,0,0,5,0,차대차 - 측면충돌,안전운전불이행,건조,맑음,교차로 - 교차로안,승용,남,23세,경상,이륜,남,22세,경상
2023041400100013,2023년 4월 14일 00시,금요일,대전광역시 대덕구 비래동,경상사고,0,0,2,0,차대차 - 측면충돌,교차로운행방법위반,건조,맑음,교차로 - 교차로안,승용,남,44세,상해없음,승용,남,33세,경상
2023041400100071,2023년 4월 14일 07시,금요일,대전광역시 동구 판암동,경상사고,0,0,2,0,차대차 - 기타,안전운전불이행,건조,맑음,교차로 - 교차로부근,화물,남,64세,상해없음,승용,여,60세,경상
2023041400100105,2023년 4월 14일 08시,금요일,대전광역시 대덕구 대화동,경상사고,0,0,1,0,차대차 - 기타,안전운전불이행,건조,맑음,단일로 - 기타,승합,남,39세,상해없음,승용,남,22세,경상
2023041400100106,2023년 4월 14일 08시,금요일,대전광역시 유성구 노은동,경상사고,0,0,1,0,차대차 - 측면충돌,안전운전불이행,건조,맑음,교차로 - 교차로안,승용,여,62세,상해없음,자전거,여,41세,경상
2023041400100130,2023년 4월 14일 09시,금요일,대전광역시 동구 대동,경상사고,0,0,1,0,차대사람 - 기타,신호위반,건조,맑음,단일로 - 기타,승용,여,37세,상해없음,보행자,여,33세,경상
2023041400100151,2023년 4월 14일 10시,금요일,대전광역시 유성구 봉명동,경상사고,0,0,1,0,차대차 - 측면충돌,안전운전불이행,건조,맑음,기타 - 기타,승용,남,73세,상해없음,자전거,남,75세,경상
2023041400100173,2023년 4월 14일 11시,금요일,대전광역시 중구 중촌동,중상사고,0,1,0,0,차대차 - 기타,중앙선침범,건조,맑음,교차로 - 교차로부근,화물,남,30세,상해없음,자전거,남,80세,중상
2023041400100174,2023년 4월 14일 11시,금요일,대전광역시 서구 둔산동,경상사고,0,0,1,0,차대차 - 측면충돌,안전거리미확보,건조,맑음,단일로 - 기타,화물,남,39세,상해없음,승용,남,35세,경상
2023041400100214,2023년 4월 14일 12시,금요일,대전광역시 대덕구 읍내동,경상사고,0,0,1,0,차대차 - 기타,안전운전불이행,건조,맑음,단일로 - 기타,화물,남,63세,상해없음,자전거,남,59세,경상
2023041400100320,2023년 4월 14일 15시,금요일,대전광역시 서구 탄방동,중상사고,0,1,0,0,차대사람 - 기타,안전운전불이행,건조,맑음,단일로 - 기타,승용,여,31세,상해없음,보행자,남,72세,중상
2023041400100321,2023년 4월 14일 15시,금요일,대전광역시 서구 탄방동,경상사고,0,0,1,0,차대차 - 후진중충돌,안전운전불이행,건조,맑음,단일로 - 기타,승용,남,63세,상해없음,승용,남,43세,경상
2023041400100361,2023년 4월 14일 16시,금요일,대전광역시 중구 문화동,경상사고,0,0,2,0,차대차 - 추돌,안전운전불이행,건조,맑음,단일로 - 기타,승용,남,48세,상해없음,승용,남,42세,경상
2023041400100454,2023년 4월 14일 18시,금요일,대전광역시 대덕구 비래동,경상사고,0,0,1,0,차대차 - 기타,안전운전불이행,건조,맑음,교차로 - 교차로부근,승용,여,46세,경상,화물,남,62세,기타불명
2023041400100455,2023년 4월 14일 18시,금요일,대전광역시 서구 탄방동,경상사고,0,0,1,0,차대차 - 측면충돌,안전운전불이행,건조,맑음,교차로 - 교차로부근,화물,남,54세,상해없음,이륜,남,33세,경상
2023041400100456,2023년 4월 14일 18시,금요일,대전광역시 유성구 봉명동,경상사고,0,0,1,0,차대사람 - 횡단중,보행자보호의무위반,건조,맑음,교차로 - 교차로횡단보도내,승용,여,61세,상해없음,보행자,남,28세,경상
2023041400100499,2023년 4월 14일 19시,금요일,대전광역시 동구 대동,경상사고,0,0,1,0,차대차 - 추돌,안전운전불이행,건조,맑음,교차로 - 교차로부근,승용,남,44세,상해없음,이륜,남,47세,경상
2023041400100500,2023년 4월 14일 19시,금요일,대전광역시 유성구 구암동,경상사고,0,0,1,0,차대차 - 기타,안전운전불이행,건조,맑음,단일로 - 기타,승용,여,28세,상해없음,승용,여,27세,경상
2023041400100501,2023년 4월 14일 19시,금요일,대전광역시 유성구 노은동,경상사고,0,0,1,0,차대차 - 측면충돌,안전거리미확보,건조,맑음,단일로 - 기타,승용,남,53세,기타불명,승용,남,32세,경상
2023041400100604,2023년 4월 14일 22시,금요일,대전광역시 서구 월평동,경상사고,0,0,2,0,차대차 - 추돌,안전운전불이행,건조,맑음,교차로 - 교차로부근,승용,남,27세,상해없음,승용,남,32세,경상
2023041400100625,2023년 4월 14일 23시,금요일,대전광역시 서구 용문동,경상사고,0,0,1,0,차대차 - 기타,안전운전불이행,건조,맑음,단일로 - 기타,승용,남,52세,상해없음,승용,여,55세,경상
2023041500100044,2023년 4월 15일 02시,토요일,대전광역시 대덕구 중리동,경상사고,0,0,2,0,차대차 - 측면충돌,안전거리미확보,기타,흐림,단일로 - 기타,승용,남,29세,상해없음,승용,남,23세,경상
2023041500100100,2023년 4월 15일 08시,토요일,대전광역시 유성구 반석동,경상사고,0,0,1,0,차대차 - 기타,신호위반,건조,맑음,교차로 - 교차로부근,승용,남,74세,상해없음,승용,남,49세,경상
2023041500100101,2023년 4월 15일 08시,토요일,대전광역시 유성구 하기동,경상사고,0,0,2,0,차대차 - 측면충돌,안전운전불이행,건조,맑음,교차로 - 교차로안,승용,남,26세,기타불명,승용,남,45세,경상
2023041500100129,2023년 4월 15일 09시,토요일,대전광역시 유성구 봉산동,경상사고,0,0,1,0,차대차 - 측면충돌,교차로운행방법위반,건조,맑음,교차로 - 교차로부근,화물,남,57세,상해없음,승용,남,32세,경상
2023041500100160,2023년 4월 15일 10시,토요일,대전광역시 대덕구 평촌동,중상사고,0,1,0,0,차대사람 - 기타,안전운전불이행,건조,흐림,교차로 - 교차로안,화물,남,76세,상해없음,보행자,남,77세,중상
2023041500100161,2023년 4월 15일 10시,토요일,대전광역시 서구 둔산동,중상사고,0,1,0,0,차대사람 - 횡단중,안전운전불이행,건조,맑음,교차로 - 교차로부근,승용,남,68세,상해없음,보행자,여,62세,중상
2023041500100162,2023년 4월 15일 10시,토요일,대전광역시 유성구 궁동,경상사고,0,0,1,0,차대차 - 기타,신호위반,건조,맑음,기타 - 기타,승용,남,42세,상해없음,승용,여,26세,경상
2023041500100201,2023년 4월 15일 11시,토요일,대전광역시 중구 안영동,중상사고,0,1,0,0,차대차 - 추돌,안전운전불이행,젖음/습기,비,교차로 - 교차로안,화물,남,60세,상해없음,승용,남,51세,중상
2023041500100202,2023년 4월 15일 11시,토요일,대전광역시 중구 부사동,경상사고,0,0,2,0,차대차 - 추돌,안전운전불이행,젖음/습기,비,단일로 - 기타,화물,남,47세,상해없음,승용,남,59세,경상
2023041500100203,2023년 4월 15일 11시,토요일,대전광역시 동구 자양동,경상사고,0,0,1,0,차대차 - 측면충돌,안전운전불이행,건조,맑음,교차로 - 교차로부근,승용,남,73세,상해없음,승용,남,28세,경상
2023041500100204,2023년 4월 15일 11시,토요일,대전광역시 유성구 방동,중상사고,0,1,1,0,차대차 - 기타,안전운전불이행,젖음/습기,비,교차로 - 교차로안,승용,여,29세,기타불명,승용,남,60세,경상
2023041500100235,2023년 4월 15일 12시,토요일,대전광역시 대덕구 송촌동,경상사고,0,0,1,0,차대차 - 기타,안전운전불이행,젖음/습기,비,교차로 - 교차로안,승용,남,33세,상해없음,원동기,남,40세,경상
2023041500100274,2023년 4월 15일 13시,토요일,대전광역시 동구 판암동,중상사고,0,1,0,0,차대차 - 기타,안전운전불이행,젖음/습기,비,교차로 - 교차로안,화물,남,44세,상해없음,이륜,남,37세,중상
2023041500100275,2023년 4월 15일 13시,토요일,대전광역시 서구 가장동,경상사고,0,0,3,0,차대차 - 측면충돌,신호위반,젖음/습기,비,교차로 - 교차로안,승용,여,60세,상해없음,승용,남,59세,경상
2023041500100364,2023년 4월 15일 16시,토요일,대전광역시 중구 유천동,경상사고,0,0,1,0,차대차 - 기타,교차로운행방법위반,건조,맑음,교차로 - 교차로안,승용,남,34세,상해없음,원동기,남,26세,경상
2023041500100366,2023년 4월 15일 16시,토요일,대전광역시 서구 탄방동,경상사고,0,0,3,0,차대차 - 기타,안전운전불이행,젖음/습기,흐림,단일로 - 기타,이륜,남,26세,상해없음,승용,여,46세,경상
2023041500100398,2023년 4월 15일 17시,토요일,대전광역시 유성구 노은동,경상사고,0,0,1,0,차대차 - 측면충돌,안전운전불이행,건조,맑음,단일로 - 기타,승용,남,65세,상해없음,승용,여,59세,경상
2023041500100465,2023년 4월 15일 20시,토요일,대전광역시 서구 변동,경상사고,0,0,1,0,차대사람 - 횡단중,보행자보호의무위반,건조,맑음,교차로 - 교차로횡단보도내,승용,여,64세,상해없음,보행자,여,53세,경상
2023041600100018,2023년 4월 16일 00시,일요일,대전광역시 유성구 학하동,경상사고,0,0,1,0,차대차 - 기타,신호위반,건조,맑음,교차로 - 교차로안,승용,남,44세,상해없음,화물,남,55세,경상
2023041600100025,2023년 4월 16일 01시,일요일,대전광역시 유성구 도룡동,경상사고,0,0,1,0,차대차 - 추돌,안전운전불이행,건조,맑음,단일로 - 기타,기타불명,기타불명,미분류,기타불명,승용,남,27세,경상
2023041600100049,2023년 4월 16일 05시,일요일,대전광역시 대덕구 오정동,경상사고,0,0,1,0,차대차 - 기타,차로위반,건조,맑음,단일로 - 교량,승용,남,61세,상해없음,승용,남,38세,경상
2023041600100061,2023년 4월 16일 07시,일요일,대전광역시 유성구 안산동,경상사고,0,0,2,0,차대차 - 추돌,안전운전불이행,건조,맑음,단일로 - 기타,승용,남,33세,상해없음,승용,여,54세,경상
2023041600100106,2023년 4월 16일 10시,일요일,대전광역시 서구 월평동,경상사고,0,0,1,0,차대차 - 기타,안전운전불이행,건조,맑음,단일로 - 기타,승용,남,61세,상해없음,승용,남,59세,경상
2023041600100133,2023년 4월 16일 11시,일요일,대전광역시 대덕구 법동,경상사고,0,0,2,0,차대차 - 측면충돌,중앙선침범,건조,맑음,단일로 - 기타,승용,여,24세,상해없음,승용,남,37세,경상
2023041600100162,2023년 4월 16일 12시,일요일,대전광역시 대덕구 평촌동,중상사고,0,4,7,0,차대차 - 추돌,안전운전불이행,건조,맑음,단일로 - 기타,승용,남,25세,상해없음,승용,남,32세,중상
2023041600100189,2023년 4월 16일 13시,일요일,대전광역시 서구 가수원동,경상사고,0,0,2,0,차대차 - 기타,안전운전불이행,건조,맑음,단일로 - 기타,이륜,남,36세,경상,승용,남,64세,경상
2023041600100190,2023년 4월 16일 13시,일요일,대전광역시 유성구 장대동,경상사고,0,0,1,0,차대차 - 기타,안전운전불이행,건조,맑음,단일로 - 기타,승용,여,23세,상해없음,승용,남,27세,경상
2023041600100248,2023년 4월 16일 15시,일요일,대전광역시 서구 관저동,경상사고,0,0,1,0,차대차 - 측면충돌,안전운전불이행,건조,맑음,단일로 - 기타,승용,여,52세,상해없음,자전거,남,57세,경상
2023041600100249,2023년 4월 16일 15시,일요일,대전광역시 서구 갈마동,경상사고,0,0,1,0,차대사람 - 기타,안전운전불이행,건조,맑음,교차로 - 교차로안,승용,남,54세,상해없음,보행자,남,22세,경상
2023041600100284,2023년 4월 16일 16시,일요일,대전광역시 유성구 지족동,경상사고,0,0,1,0,차대사람 - 기타,기타,건조,맑음,기타 - 기타,승용,남,69세,상해없음,보행자,여,33세,경상
2023041600100312,2023년 4월 16일 17시,일요일,대전광역시 동구 가양동,경상사고,0,0,1,0,차대차 - 측면충돌,안전운전불이행,건조,맑음,단일로 - 기타,개인형이동수단(PM),남,16세,상해없음,이륜,남,25세,경상
2023041600100334,2023년 4월 16일 18시,일요일,대전광역시 동구 가양동,경상사고,0,0,1,0,차대차 - 기타,안전운전불이행,건조,맑음,단일로 - 기타,자전거,여,30세,경상,승용,남,63세,상해없음
2023041600100361,2023년 4월 16일 19시,일요일,대전광역시 유성구 장대동,경상사고,0,0,3,0,차대차 - 기타,교차로운행방법위반,건조,맑음,교차로 - 교차로안,승용,남,62세,상해없음,승용,남,44세,경상