사고번호,사고일시,요일,시군구,사고내용,사망자수,중상자수,경상자수,부상신고자수,사고유형,법규위반,노면상태,기상상태,도로형태,가해운전자 차종,가해운전자 성별,가해운전자 연령,가해운전자 상해정도,피해운전자 차종,피해운전자 성별,피해운전자 연령,피해운전자 상해정도
2023043000100209,2023년 4월 30일 13시,일요일,대전광역시 동구 용전동,경상사고,0,0,1,0,차대차 - 측면충돌,안전운전불이행,건조,맑음,단일로 - 기타,승용,남,53세,상해없음,승용,남,26세,경상
2023043000100250,2023년 4월 30일 14시,일요일,대전광역시 유성구 갑동,경상사고,0,0,2,0,차대차 - 기타,안전거리미확보,건조,맑음,교차로 - 교차로부근,승용,남,37세,기타불명,승용,남,39세,경상
2023043000100282,2023년 4월 30일 15시,일요일,대전광역시 대덕구 상서동,경상사고,0,0,2,0,차대차 - 기타,중앙선침범,건조,맑음,단일로 - 기타,승용,남,67세,상해없음,승용,남,63세,경상
2023043000100283,2023년 4월 30일 15시,일요일,대전광역시 유성구 전민동,경상사고,0,0,1,0,차대차 - 기타,안전거리미확보,건조,맑음,교차로 - 교차로부근,승용,남,76세,상해없음,승용,남,45세,경상
2023043000100284,2023년 4월 30일 15시,일요일,대전광역시 유성구 가정동,경상사고,0,0,1,0,차대차 - 기타,신호위반,건조,맑음,교차로 - 교차로안,승용,여,25세,기타불명,이륜,남,25세,경상
2023043000100360,2023년 4월 30일 17시,일요일,대전광역시 대덕구 신탄진동,경상사고,0,0,2,0,차대차 - 측면충돌,안전운전불이행,건조,맑음,단일로 - 기타,승용,남,42세,상해없음,승용,여,29세,경상
2023043000100403,2023년 4월 30일 19시,일요일,대전광역시 유성구 신성동,경상사고,0,0,1,0,차대사람 - 기타,안전운전불이행,건조,맑음,단일로 - 기타,승용,여,53세,상해없음,보행자,여,30세,경상
2023050100100011,2023년 5월 1일 00시,월요일,대전광역시 유성구 전민동,중상사고,0,1,0,0,차대사람 - 차도통행중,안전운전불이행,건조,맑음,교차로 - 교차로안,승용,남,22세,상해없음,보행자,남,59세,중상
2023050100100021,2023년 5월 1일 02시,월요일,대전광역시 서구 월평동,경상사고,0,0,2,0,차대차 - 기타,안전운전불이행,건조,맑음,교차로 - 교차로부근,승용,남,22세,상해없음,승용,남,23세,경상
2023050100100101,2023년 5월 1일 09시,월요일,대전광역시 서구 도마동,경상사고,0,0,2,0,차대차 - 기타,안전거리미확보,건조,맑음,단일로 - 기타,승용,여,49세,경상,승용,여,29세,경상
2023050100100102,2023년 5월 1일 09시,월요일,대전광역시 서구 도마동,사망사고,1,0,0,0,차대사람 - 횡단중,안전운전불이행,건조,맑음,단일로 - 기타,승용,남,62세,상해없음,보행자,남,81세,사망
2023050100100103,2023년 5월 1일 09시,월요일,대전광역시 유성구 신성동,경상사고,0,0,1,0,차대차 - 추돌,안전운전불이행,건조,맑음,단일로 - 기타,승용,남,69세,기타불명,승용,여,31세,경상
2023050100100136,2023년 5월 1일 10시,월요일,대전광역시 서구 괴정동,경상사고,0,0,1,0,차대차 - 기타,안전운전불이행,건조,맑음,교차로 - 교차로안,승용,남,21세,상해없음,승용,남,65세,경상
2023050100100137,2023년 5월 1일 10시,월요일,대전광역시 서구 괴정동,경상사고,0,0,1,0,차대차 - 기타,신호위반,건조,맑음,단일로 - 기타,승용,남,43세,상해없음,이륜,남,20세,경상
2023050100100176,2023년 5월 1일 11시,월요일,대전광역시 동구 신흥동,경상사고,0,0,1,0,차대차 - 측면충돌,안전운전불이행,건조,맑음,단일로 - 기타,승용,남,63세,상해없음,이륜,여,33세,경상
2023050100100247,2023년 5월 1일 13시,월요일,대전광역시 동구 신흥동,경상사고,0,0,3,0,차대차 - 추돌,안전운전불이행,건조,맑음,단일로 - 기타,승용,남,77세,상해없음,승용,여,53세,경상
2023050100100344,2023년 5월 1일 15시,월요일,대전광역시 서구 변동,중상사고,0,1,0,0,차대차 - 기타,신호위반,건조,맑음,교차로 - 교차로부근,이륜,남,41세,중상,화물,남,51세,상해없음
2023050100100374,2023년 5월 1일 16시,월요일,대전광역시 동구 비룡동,경상사고,0,0,1,0,차대차 - 추돌,안전운전불이행,건조,맑음,단일로 - 기타,승용,남,52세,기타불명,승용,남,36세,경상
2023050100100389,2023년 5월 1일 16시,월요일,대전광역시 유성구 장대동,경상사고,0,0,3,0,차대차 - 기타,안전거리미확보,건조,맑음,단일로 - 기타,승용,남,50세,상해없음,승용,여,35세,경상
2023050100100560,2023년 5월 1일 22시,월요일,대전광역시 동구 정동,중상사고,0,1,1,0,차대차 - 정면충돌,신호위반,건조,맑음,교차로 - 교차로부근,이륜,남,17세,중상,승용,남,65세,경상
2023050200100007,2023년 5월 2일 00시,화요일,대전광역시 서구 용문동,경상사고,0,0,5,0,차대차 - 기타,안전운전불이행,건조,맑음,단일로 - 교량,승용,여,53세,상해없음,승용,여,22세,경상
2023050200100017,2023년 5월 2일 03시,화요일,대전광역시 유성구 도룡동,경상사고,0,0,1,0,차량단독 - 공작물충돌,안전운전불이행,건조,맑음,단일로 - 기타,원동기,남,19세,경상,,,,
2023050200100042,2023년 5월 2일 06시,화요일,대전광역시 대덕구 목상동,경상사고,0,0,2,0,차대차 - 추돌,안전운전불이행,건조,맑음,단일로 - 기타,승용,남,44세,상해없음,승용,남,45세,경상
2023050200100116,2023년 5월 2일 08시,화요일,대전광역시 서구 괴정동,중상사고,0,1,0,0,차대차 - 측면충돌,안전운전불이행,건조,맑음,기타 - 기타,승용,여,50세,기타불명,이륜,남,36세,중상
2023050200100117,2023년 5월 2일 08시,화요일,대전광역시 유성구 어은동,중상사고,0,1,2,0,차대차 - 측면충돌,신호위반,건조,맑음,교차로 - 교차로안,승합,남,64세,상해없음,이륜,남,48세,중상
2023050200100154,2023년 5월 2일 09시,화요일,대전광역시 대덕구 오정동,경상사고,0,0,1,0,차대사람 - 횡단중,보행자보호의무위반,건조,맑음,교차로 - 교차로안,승용,남,58세,상해없음,보행자,여,73세,경상
2023050200100222,2023년 5월 2일 11시,화요일,대전광역시 동구 인동,중상사고,0,1,0,0,차대사람 - 기타,안전운전불이행,건조,맑음,단일로 - 기타,화물,남,41세,상해없음,보행자,여,62세,중상
2023050200100223,2023년 5월 2일 11시,화요일,대전광역시 서구 둔산동,경상사고,0,0,2,0,차대차 - 기타,신호위반,건조,맑음,교차로 - 교차로안,승용,여,48세,경상,승용,여,37세,경상
2023050200100295,2023년 5월 2일 13시,화요일,대전광역시 중구 은행동,경상사고,0,0,1,0,차대사람 - 보도통행중,안전운전불이행,건조,맑음,기타 - 기타,자전거,여,74세,상해없음,보행자,여,40세,경상
2023050200100331,2023년 5월 2일 14시,화요일,대전광역시 유성구 장대동,경상사고,0,0,2,0,차대차 - 기타,안전거리미확보,건조,맑음,단일로 - 기타,승용,남,80세,상해없음,화물,남,41세,경상
2023050200100378,2023년 5월 2일 15시,화요일,대전광역시 중구 문화동,경상사고,0,0,1,0,차대차 - 측면충돌,안전운전불이행,건조,맑음,교차로 - 교차로횡단보도내,승용,남,76세,상해없음,자전거,남,69세,경상
2023050200100379,2023년 5월 2일 15시,화요일,대전광역시 서구 둔산동,경상사고,0,0,2,0,차대차 - 추돌,안전운전불이행,건조,맑음,단일로 - 기타,승용,남,53세,상해없음,승용,남,40세,경상
2023050200100426,2023년 5월 2일 16시,화요일,대전광역시 중구 선화동,경상사고,0,0,1,0,차대차 - 측면충돌,직진우회전진행방해,건조,맑음,교차로 - 교차로횡단보도내,이륜,남,29세,상해없음,자전거,남,80세,경상
2023050200100427,2023년 5월 2일 16시,화요일,대전광역시 중구 문화동,경상사고,0,0,3,0,차대차 - 측면충돌,안전운전불이행,건조,맑음,기타 - 기타,건설기계,남,44세,경상,화물,남,51세,경상
2023050200100472,2023년 5월 2일 17시,화요일,대전광역시 대덕구 오정동,경상사고,0,0,1,0,차대차 - 측면충돌,안전운전불이행,건조,맑음,교차로 - 교차로부근,화물,남,68세,상해없음,개인형이동수단(PM),여,53세,경상
2023050200100518,2023년 5월 2일 18시,화요일,대전광역시 중구 은행동,중상사고,0,2,1,0,차대차 - 측면충돌,직진우회전진행방해,건조,맑음,단일로 - 기타,승용,여,41세,경상,승용,남,22세,중상
2023050200100519,2023년 5월 2일 18시,화요일,대전광역시 대덕구 신탄진동,경상사고,0,0,2,0,차대차 - 기타,불법유턴,건조,맑음,단일로 - 기타,승용,여,60세,상해없음,승용,남,33세,경상
2023050200100547,2023년 5월 2일 19시,화요일,대전광역시 대덕구 중리동,경상사고,0,0,1,0,차대차 - 기타,안전운전불이행,건조,맑음,단일로 - 기타,승용,남,67세,상해없음,이륜,남,16세,경상
2023050200100548,2023년 5월 2일 19시,화요일,대전광역시 서구 갈마동,경상사고,0,0,1,0,차대차 - 기타,신호위반,건조,맑음,교차로 - 교차로안,승용,남,32세,상해없음,승용,여,56세,경상
2023050200100572,2023년 5월 2일 20시,화요일,대전광역시 동구 자양동,중상사고,0,1,0,0,차대차 - 측면충돌,안전운전불이행,건조,맑음,교차로 - 교차로안,승용,남,23세,상해없음,이륜,남,25세,중상
2023050200100573,2023년 5월 2일 20시,화요일,대전광역시 서구 괴정동,경상사고,0,0,1,0,차대차 - 기타,안전운전불이행,건조,맑음,교차로 - 교차로부근,승용,여,71세,상해없음,이륜,남,26세,경상
2023050200100574,2023년 5월 2일 20시,화요일,대전광역시 대덕구 중리동,경상사고,0,0,1,0,차대차 - 추돌,안전운전불이행,건조,맑음,교차로 - 교차로부근,승합,남,59세,상해없음,승용,남,78세,경상
2023050200100632,2023년 5월 2일 23시,화요일,대전광역시 서구 용문동,경상사고,0,0,1,0,차대차 - 측면충돌,안전거리미확보,건조,맑음,단일로 - 기타,화물,남,47세,상해없음,승용,남,65세,경상
2023050300100012,2023년 5월 3일 01시,수요일,대전광역시 동구 자양동,부상신고사고,0,0,0,1,차량단독 - 기타,안전운전불이행,건조,맑음,단일로 - 기타,이륜,남,50세,부상신고,,,,
2023050300100019,2023년 5월 3일 03시,수요일,대전광역시 서구 둔산동,경상사고,0,0,1,0,차대차 - 측면충돌,안전운전불이행,건조,맑음,단일로 - 고가도로위,승용,남,23세,상해없음,승용,남,56세,경상
2023050300100067,2023년 5월 3일 07시,수요일,대전광역시 대덕구 읍내동,중상사고,0,1,0,0,차대사람 - 차도통행중,안전운전불이행,건조,맑음,교차로 - 교차로안,승용,여,66세,상해없음,보행자,남,81세,중상
2023050300100110,2023년 5월 3일 08시,수요일,대전광역시 대덕구 목상동,경상사고,0,0,2,0,차대차 - 추돌,안전거리미확보,건조,맑음,단일로 - 기타,화물,남,36세,상해없음,승용,여,35세,경상
2023050300100111,2023년 5월 3일 08시,수요일,대전광역시 서구 탄방동,경상사고,0,0,2,0,차대차 - 기타,안전운전불이행,건조,맑음,교차로 - 교차로안,승용,남,31세,상해없음,승용,남,62세,경상
2023050300100112,2023년 5월 3일 08시,수요일,대전광역시 서구 월평동,중상사고,0,1,0,0,차대차 - 측면충돌,안전운전불이행,건조,맑음,교차로 - 교차로부근,승용,여,45세,상해없음,승용,남,52세,중상
2023050300100199,2023년 5월 3일 11시,수요일,대전광역시 동구 가양동,경상사고,0,0,2,0,차대차 - 기타,교차로운행방법위반,건조,맑음,교차로 - 교차로안,승용,남,71세,상해없음,승용,남,70세,경상
2023050300100200,2023년 5월 3일 11시,수요일,대전광역시 대덕구 중리동,경상사고,0,0,1,0,차대차 - 측면충돌,신호위반,건조,맑음,교차로 - 교차로안,화물,남,69세,상해없음,이륜,남,19세,경상
2023050300100332,2023년 5월 3일 15시,수요일,대전광역시 서구 도마동,경상사고,0,0,5,0,차대차 - 측면충돌,안전운전불이행,건조,맑음,단일로 - 기타,승용,여,63세,상해없음,승용,여,56세,경상
2023050300100374,2023년 5월 3일 16시,수요일,대전광역시 중구 선화동,중상사고,0,1,0,0,차대차 - 기타,신호위반,건조,맑음,교차로 - 교차로안,승용,남,29세,상해없음,이륜,남,54세,중상
2023050300100375,2023년 5월 3일 16시,수요일,대전광역시 서구 관저동,경상사고,0,0,1,0,차량단독 - 기타,안전운전불이행,건조,맑음,단일로 - 기타,승합,남,50세,상해없음,,,,
2023050300100376,2023년 5월 3일 16시,수요일,대전광역시 유성구 용산동,경상사고,0,0,1,0,차대차 - 측면충돌,안전운전불이행,건조,맑음,교차로 - 교차로부근,승용,남,55세,상해없음,승용,여,34세,경상
2023050300100417,2023년 5월 3일 17시,수요일,대전광역시 서구 도안동,경상사고,0,0,1,0,차대차 - 측면충돌,안전운전불이행,건조,맑음,기타 - 기타,자전거,남,38세,기타불명,자전거,남,42세,경상
2023050300100449,2023년 5월 3일 18시,수요일,대전광역시 중구 용두동,경상사고,0,0,3,0,차대차 - 추돌,안전거리미확보,건조,맑음,단일로 - 교량,승용,남,49세,기타불명,승용,남,26세,경상
2023050300100450,2023년 5월 3일 18시,수요일,대전광역시 대덕구 덕암동,경상사고,0,0,1,0,차대차 - 기타,신호위반,건조,맑음,교차로 - 교차로안,승용,여,57세,상해없음,승용,여,65세,경상
2023050300100451,2023년 5월 3일 18시,수요일,대전광역시 대덕구 송촌동,경상사고,0,0,3,0,차대차 - 측면충돌,교차로운행방법위반,건조,맑음,교차로 - 교차로부근,승용,남,42세,경상,승용,남,30세,경상
2023050300100452,2023년 5월 3일 18시,수요일,대전광역시 유성구 화암동,중상사고,0,1,1,0,차대차 - 기타,안전거리미확보,건조,맑음,기타 - 기타,승용,남,61세,상해없음,이륜,남,32세,중상
2023050300100507,2023년 5월 3일 20시,수요일,대전광역시 중구 유천동,중상사고,0,1,0,0,차대사람 - 기타,기타,건조,맑음,단일로 - 기타,승용,남,58세,상해없음,보행자,여,57세,중상
2023050400100017,2023년 5월 4일 01시,목요일,대전광역시 중구 오류동,경상사고,0,0,1,0,차대차 - 측면충돌,신호위반,건조,맑음,교차로 - 교차로부근,승용,여,32세,상해없음,이륜,남,43세,경상
2023050400100068,2023년 5월 4일 07시,목요일,대전광역시 서구 정림동,중상사고,0,1,0,0,차대차 - 측면충돌,안전거리미확보,건조,맑음,기타 - 기타,승용,남,67세,기타불명,원동기,남,34세,중상
2023050400100108,2023년 5월 4일 08시,목요일,대전광역시 서구 변동,경상사고,0,0,1,0,차대차 - 기타,신호위반,건조,맑음,단일로 - 기타,승용,여,64세,상해없음,승용,남,44세,경상
2023050400100109,2023년 5월 4일 08시,목요일,대전광역시 서구 복수동,경상사고,0,0,1,0,차량단독 - 기타,안전운전불이행,건조,맑음,교차로 - 교차로부근,승합,남,63세,상해없음,,,,
2023050400100110,2023년 5월 4일 08시,목요일,대전광역시 유성구 도룡동,경상사고,0,0,1,0,차대차 - 추돌,안전거리미확보,건조,맑음,교차로 - 교차로부근,승용,남,31세,상해없음,승용,남,30세,경상
2023050400100164,2023년 5월 4일 10시,목요일,대전광역시 대덕구 목상동,경상사고,0,0,1,0,차대차 - 측면충돌,안전운전불이행,건조,맑음,기타 - 기타,특수,남,55세,상해없음,승용,여,29세,경상
2023050400100176,2023년 5월 4일 10시,목요일,대전광역시 동구 원동,경상사고,0,0,3,0,차대차 - 추돌,안전운전불이행,건조,맑음,교차로 - 교차로부근,승용,남,71세,상해없음,승용,남,37세,경상
2023050400100209,2023년 5월 4일 11시,목요일,대전광역시 서구 갈마동,경상사고,0,0,1,0,차대차 - 측면충돌,신호위반,건조,맑음,교차로 - 교차로부근,승용,남,27세,상해없음,화물,남,52세,경상
2023050400100282,2023년 5월 4일 13시,목요일,대전광역시 서구 관저동,경상사고,0,0,1,0,차대사람 - 횡단중,신호위반,건조,맑음,교차로 - 교차로횡단보도내,화물,남,59세,상해없음,보행자,남,8세,경상
2023050400100283,2023년 5월 4일 13시,목요일,대전광역시 유성구 구암동,중상사고,0,1,0,0,차대차 - 기타,기타,건조,맑음,교차로 - 교차로안,개인형이동수단(PM),남,21세,중상,승용,남,40세,상해없음
2023050400100284,2023년 5월 4일 13시,목요일,대전광역시 유성구 봉명동,경상사고,0,0,1,0,차대차 - 기타,안전운전불이행,건조,맑음,단일로 - 기타,승용,남,81세,경상,승합,남,57세,상해없음
2023050400100315,2023년 5월 4일 14시,목요일,대전광역시 서구 갈마동,경상사고,0,0,1,0,차대차 - 후진중충돌,안전운전불이행,건조,맑음,교차로 - 교차로안,승용,남,31세,상해없음,이륜,남,27세,경상
2023050400100355,2023년 5월 4일 15시,목요일,대전광역시 서구 괴정동,경상사고,0,0,1,0,차대사람 - 기타,안전운전불이행,건조,맑음,교차로 - 교차로부근,승용,남,50세,상해없음,보행자,남,28세,경상
2023050400100356,2023년 5월 4일 15시,목요일,대전광역시 유성구 하기동,경상사고,0,0,1,0,차대차 - 기타,안전운전불이행,건조,맑음,교차로 - 교차로부근,승용,남,84세,상해없음,승용,여,33세,경상
2023050400100357,2023년 5월 4일 15시,목요일,대전광역시 유성구 궁동,경상사고,0,0,1,0,차대차 - 추돌,안전운전불이행,건조,맑음,단일로 - 기타,기타불명,기타불명,미분류,기타불명,승용,여,31세,경상
2023050400100358,2023년 5월 4일 15시,목요일,대전광역시 유성구 봉명동,경상사고,0,0,1,0,차대사람 - 기타,신호위반,건조,맑음,교차로 - 교차로횡단보도내,이륜,남,43세,상해없음,보행자,남,18세,경상
2023050400100400,2023년 5월 4일 16시,목요일,대전광역시 동구 삼성동,경상사고,0,0,1,0,차대차 - 측면충돌,안전운전불이행,건조,맑음,단일로 - 기타,승용,남,39세,상해없음,승용,여,56세,경상
2023050400100439,2023년 5월 4일 17시,목요일,대전광역시 동구 성남동,경상사고,0,0,1,0,차대사람 - 횡단중,보행자보호의무위반,건조,맑음,교차로 - 교차로횡단보도내,화물,남,52세,상해없음,보행자,여,82세,경상
2023050400100440,2023년 5월 4일 17시,목요일,대전광역시 동구 원동,경상사고,0,0,1,0,차대차 - 정면충돌,안전거리미확보,건조,맑음,교차로 - 교차로부근,승용,여,32세,상해없음,승용,여,57세,경상
2023050400100441,2023년 5월 4일 17시,목요일,대전광역시 대덕구 오정동,경상사고,0,0,1,0,차대차 - 기타,교차로운행방법위반,건조,맑음,교차로 - 교차로안,승용,남,56세,상해없음,승용,남,32세,경상
2023050400100494,2023년 5월 4일 18시,목요일,대전광역시 대덕구 중리동,경상사고,0,0,1,0,차대차 - 측면충돌,안전운전불이행,건조,맑음,기타 - 기타,승용,남,32세,상해없음,이륜,남,18세,경상
2023050400100527,2023년 5월 4일 19시,목요일,대전광역시 중구 유천동,경상사고,0,0,1,0,차대차 - 기타,신호위반,건조,맑음,교차로 - 교차로부근,승용,남,26세,기타불명,승용,남,28세,경상
2023050400100528,2023년 5월 4일 19시,목요일,대전광역시 서구 둔산동,경상사고,0,0,1,0,차대사람 - 기타,안전운전불이행,건조,맑음,교차로 - 교차로부근,기타불명,기타불명,미분류,기타불명,보행자,여,22세,경상
2023050400100529,2023년 5월 4일 19시,목요일,대전광역시 서구 갈마동,경상사고,0,0,1,0,차대차 - 기타,안전운전불이행,건조,맑음,교차로 - 교차로부근,이륜,남,51세,상해없음,승용,남,49세,경상
2023050400100563,2023년 5월 4일 20시,목요일,대전광역시 서구 갈마동,경상사고,0,0,1,0,차대사람 - 기타,신호위반,건조,맑음,교차로 - 교차로안,승용,남,49세,상해없음,보행자,남,27세,경상
2023050400100613,2023년 5월 4일 22시,목요일,대전광역시 중구 오류동,중상사고,0,1,0,0,차대차 - 추돌,안전운전불이행,젖음/습기,비,단일로 - 기타,승용,여,74세,상해없음,승용,여,62세,중상
2023050400100614,2023년 5월 4일 22시,목요일,대전광역시 유성구 봉명동,경상사고,0,0,1,0,차대차 - 기타,안전운전불이행,건조,맑음,단일로 - 기타,승용,여,25세,상해없음,승용,남,58세,경상
2023050500100048,2023년 5월 5일 03시,금요일,대전광역시 동구 가양동,경상사고,0,0,2,0,차대차 - 측면충돌,안전운전불이행,젖음/습기,비,단일로 - 기타,화물,여,62세,상해없음,승용,남,24세,경상
2023050500100063,2023년 5월 5일 05시,금요일,대전광역시 서구 둔산동,경상사고,0,0,2,0,차대차 - 추돌,안전거리미확보,젖음/습기,비,단일로 - 기타,승용,남,54세,상해없음,승용,여,52세,경상
2023050500100088,2023년 5월 5일 08시,금요일,대전광역시 중구 문화동,경상사고,0,0,1,0,차대사람 - 기타,안전운전불이행,젖음/습기,흐림,단일로 - 기타,승용,남,22세,상해없음,보행자,여,25세,경상
2023050500100103,2023년 5월 5일 09시,금요일,대전광역시 서구 정림동,경상사고,0,0,1,0,차대사람 - 기타,안전운전불이행,건조,맑음,기타 - 기타,승용,남,64세,상해없음,보행자,여,13세,경상
2023050500100160,2023년 5월 5일 12시,금요일,대전광역시 중구 중촌동,경상사고,0,0,1,0,차대차 - 측면충돌,신호위반,젖음/습기,흐림,교차로 - 교차로횡단보도내,화물,남,56세,상해없음,자전거,남,38세,경상
2023050500100195,2023년 5월 5일 13시,금요일,대전광역시 유성구 원신흥동,경상사고,0,0,1,0,차대차 - 측면충돌,신호위반,젖음/습기,비,교차로 - 교차로부근,승용,남,60세,기타불명,승용,남,74세,경상
2023050500100213,2023년 5월 5일 14시,금요일,대전광역시 서구 만년동,경상사고,0,0,1,0,차대사람 - 기타,안전운전불이행,젖음/습기,비,단일로 - 기타,화물,남,53세,상해없음,보행자,남,56세,경상
2023050500100214,2023년 5월 5일 14시,금요일,대전광역시 유성구 구암동,경상사고,0,0,2,0,차대차 - 측면충돌,안전운전불이행,젖음/습기,비,교차로 - 교차로부근,승용,남,56세,상해없음,승용,남,81세,경상
2023050500100321,2023년 5월 5일 18시,금요일,대전광역시 서구 관저동,경상사고,0,0,1,0,차대차 - 측면충돌,안전운전불이행,젖음/습기,비,단일로 - 기타,이륜,남,40세,상해없음,이륜,남,38세,경상
2023050500100351,2023년 5월 5일 19시,금요일,대전광역시 유성구 봉산동,경상사고,0,0,1,0,차대사람 - 기타,안전운전불이행,젖음/습기,비,교차로 - 교차로부근,이륜,남,46세,상해없음,보행자,남,53세,경상
2023050500100390,2023년 5월 5일 20시,금요일,대전광역시 서구 월평동,경상사고,0,0,2,0,차대차 - 기타,안전운전불이행,젖음/습기,비,교차로 - 교차로안,이륜,남,47세,경상,이륜,남,25세,경상
2023050500100424,2023년 5월 5일 21시,금요일,대전광역시 동구 인동,경상사고,0,0,1,0,차대사람 - 횡단중,신호위반,젖음/습기,비,단일로 - 기타,이륜,남,28세,상해없음,보행자,남,55세,경상
2023050600100037,2023년 5월 6일 03시,토요일,대전광역시 서구 둔산동,중상사고,0,1,0,0,차대사람 - 기타,안전운전불이행,젖음/습기,비,교차로 - 교차로안,승용,남,60세,상해없음,보행자,남,44세,중상
2023050600100046,2023년 5월 6일 04시,토요일,대전광역시 동구 대성동,경상사고,0,0,2,0,차대차 - 측면충돌,신호위반,젖음/습기,흐림,교차로 - 교차로안,승용,남,69세,상해없음,승용,여,32세,경상
2023050600100083,2023년 5월 6일 08시,토요일,대전광역시 서구 둔산동,경상사고,0,0,2,0,차대차 - 추돌,안전운전불이행,건조,맑음,교차로 - 교차로부근,승합,남,66세,상해없음,승용,여,68세,경상
2023050600100119,2023년 5월 6일 10시,토요일,대전광역시 유성구 전민동,중상사고,0,1,0,0,차대차 - 기타,안전운전불이행,젖음/습기,비,교차로 - 교차로부근,승용,남,66세,기타불명,이륜,남,45세,중상
2023050600100120,2023년 5월 6일 10시,토요일,대전광역시 유성구 봉명동,경상사고,0,0,1,0,차대차 - 기타,신호위반,젖음/습기,흐림,교차로 - 교차로안,승용,남,46세,기타불명,승용,남,53세,경상
2023050600100183,2023년 5월 6일 12시,토요일,대전광역시 서구 둔산동,경상사고,0,0,1,0,차대차 - 기타,안전운전불이행,젖음/습기,흐림,기타 - 기타,승용,남,41세,기타불명,승용,여,51세,경상
2023050600100214,2023년 5월 6일 13시,토요일,대전광역시 유성구 궁동,경상사고,0,0,1,0,차대차 - 기타,안전운전불이행,건조,맑음,기타 - 기타,승용,남,55세,상해없음,이륜,남,26세,경상
2023050600100251,2023년 5월 6일 14시,토요일,대전광역시 중구 유천동,경상사고,0,0,2,0,차대차 - 기타,신호위반,젖음/습기,비,단일로 - 기타,승용,남,70세,경상,원동기,남,40세,경상
2023050600100252,2023년 5월 6일 14시,토요일,대전광역시 대덕구 신대동,중상사고,0,1,0,0,차대차 - 추돌,안전운전불이행,젖음/습기,비,단일로 - 기타,승용,남,54세,상해없음,승용,여,38세,중상
2023050600100253,2023년 5월 6일 14시,토요일,대전광역시 서구 둔산동,경상사고,0,0,1,0,차대차 - 기타,안전운전불이행,젖음/습기,비,단일로 - 기타,승용,여,27세,상해없음,승용,남,26세,경상
2023050600100286,2023년 5월 6일 15시,토요일,대전광역시 동구 성남동,경상사고,0,0,4,0,차대차 - 측면충돌,신호위반,젖음/습기,비,교차로 - 교차로안,승합,남,57세,상해없음,승합,남,41세,경상
2023050600100287,2023년 5월 6일 15시,토요일,대전광역시 서구 둔산동,경상사고,0,0,4,0,차대차 - 측면충돌,신호위반,젖음/습기,비,단일로 - 지하차도(도로)내,승용,남,57세,상해없음,승용,여,68세,경상
2023050600100342,2023년 5월 6일 17시,토요일,대전광역시 중구 유천동,경상사고,0,0,1,0,차대차 - 기타,교차로운행방법위반,젖음/습기,비,교차로 - 교차로안,승용,남,28세,상해없음,원동기,남,59세,경상
2023050600100343,2023년 5월 6일 17시,토요일,대전광역시 서구 둔산동,경상사고,0,0,1,0,차대차 - 후진중충돌,안전운전불이행,젖음/습기,비,단일로 - 기타,승용,남,56세,상해없음,화물,남,28세,경상
2023050600100422,2023년 5월 6일 20시,토요일,대전광역시 서구 갈마동,경상사고,0,0,1,0,차대차 - 기타,안전운전불이행,건조,맑음,단일로 - 기타,승용,여,31세,상해없음,이륜,남,26세,경상
2023050600100454,2023년 5월 6일 21시,토요일,대전광역시 동구 가양동,경상사고,0,0,1,0,차대차 - 추돌,안전운전불이행,건조,맑음,교차로 - 교차로부근,승용,남,28세,상해없음,이륜,남,47세,경상
2023050600100455,2023년 5월 6일 21시,토요일,대전광역시 동구 신흥동,경상사고,0,0,3,0,차대차 - 기타,신호위반,건조,맑음,교차로 - 교차로안,이륜,남,35세,상해없음,승용,남,51세,경상
2023050700100012,2023년 5월 7일 00시,일요일,대전광역시 중구 유천동,경상사고,0,0,2,0,차대차 - 측면충돌,안전운전불이행,젖음/습기,흐림,단일로 - 교량,승용,남,70세,상해없음,승용,남,19세,상해없음
2023050700100030,2023년 5월 7일 02시,일요일,대전광역시 유성구 장대동,경상사고,0,0,2,0,차대차 - 기타,안전운전불이행,젖음/습기,흐림,단일로 - 기타,승용,남,20세,경상,기타불명,기타불명,미분류,기타불명
2023050700100109,2023년 5월 7일 10시,일요일,대전광역시 서구 내동,경상사고,0,0,2,0,차대차 - 기타,신호위반,건조,맑음,교차로 - 교차로안,승용,남,82세,상해없음,승용,여,33세,경상
2023050700100110,2023년 5월 7일 10시,일요일,대전광역시 서구 변동,경상사고,0,0,1,0,차대차 - 기타,안전운전불이행,건조,맑음,단일로 - 기타,승용,남,60세,상해없음,승합,남,47세,상해없음
2023050700100170,2023년 5월 7일 12시,일요일,대전광역시 서구 갈마동,경상사고,0,0,1,0,차대차 - 기타,안전운전불이행,건조,맑음,단일로 - 지하차도(도로)내,원동기,남,35세,기타불명,승용,여,50세,경상
2023050700100205,2023년 5월 7일 13시,일요일,대전광역시 유성구 신성동,경상사고,0,0,2,0,차대차 - 기타,안전운전불이행,건조,맑음,단일로 - 기타,승용,여,39세,상해없음,승용,남,63세,경상
2023050700100206,2023년 5월 7일 13시,일요일,대전광역시 유성구 장대동,경상사고,0,0,1,0,차대차 - 기타,안전거리미확보,건조,맑음,교차로 - 교차로부근,승용,남,70세,기타불명,승용,남,28세,경상
2023050700100234,2023년 5월 7일 14시,일요일,대전광역시 유성구 봉명동,경상사고,0,0,1,1,차대차 - 측면충돌,안전운전불이행,건조,맑음,교차로 - 교차로부근,승용,남,53세,상해없음,승용,남,33세,경상