사고번호,사고일시,요일,시군구,사고내용,사망자수,중상자수,경상자수,부상신고자수,사고유형,법규위반,노면상태,기상상태,도로형태,가해운전자 차종,가해운전자 성별,가해운전자 연령,가해운전자 상해정도,피해운전자 차종,피해운전자 성별,피해운전자 연령,피해운전자 상해정도
2023051700100231,2023년 5월 17일 10시,수요일,대전광역시 서구 둔산동,경상사고,0,0,1,0,차대차 - 측면충돌,안전거리미확보,건조,맑음,단일로 - 기타,승용,여,24세,상해없음,승합,남,34세,경상
2023051700100232,2023년 5월 17일 10시,수요일,대전광역시 서구 월평동,경상사고,0,0,1,1,차대차 - 측면충돌,안전운전불이행,건조,맑음,단일로 - 기타,승용,남,69세,부상신고,승용,남,45세,경상
2023051700100267,2023년 5월 17일 11시,수요일,대전광역시 서구 둔산동,경상사고,0,0,1,0,차대사람 - 기타,안전운전불이행,건조,맑음,교차로 - 교차로부근,승용,여,55세,기타불명,보행자,여,28세,경상
2023051700100303,2023년 5월 17일 12시,수요일,대전광역시 중구 유천동,경상사고,0,0,1,0,차대차 - 기타,기타,건조,맑음,교차로 - 교차로부근,승용,남,88세,상해없음,승용,남,47세,경상
2023051700100355,2023년 5월 17일 13시,수요일,대전광역시 중구 호동,경상사고,0,0,1,0,차대차 - 기타,직진우회전진행방해,건조,맑음,교차로 - 교차로안,화물,남,35세,상해없음,원동기,남,21세,경상
2023051700100398,2023년 5월 17일 14시,수요일,대전광역시 서구 가수원동,경상사고,0,0,1,0,차대차 - 기타,안전운전불이행,건조,맑음,교차로 - 교차로안,승합,남,74세,상해없음,승용,남,38세,경상
2023051700100399,2023년 5월 17일 14시,수요일,대전광역시 서구 도마동,경상사고,0,0,1,0,차대사람 - 기타,안전운전불이행,기타,맑음,기타 - 기타,승합,남,51세,상해없음,보행자,여,65세,경상
2023051700100476,2023년 5월 17일 16시,수요일,대전광역시 서구 용문동,경상사고,0,0,1,0,차대차 - 기타,안전운전불이행,건조,맑음,교차로 - 교차로횡단보도내,승용,여,42세,상해없음,자전거,남,61세,경상
2023051700100593,2023년 5월 17일 18시,수요일,대전광역시 중구 대흥동,경상사고,0,0,1,0,차대차 - 측면충돌,안전운전불이행,건조,맑음,단일로 - 기타,이륜,남,29세,상해없음,승용,남,60세,경상
2023051700100594,2023년 5월 17일 18시,수요일,대전광역시 중구 문화동,경상사고,0,0,1,0,차대차 - 측면충돌,신호위반,건조,맑음,교차로 - 교차로안,승용,여,56세,상해없음,승용,남,46세,경상
2023051700100595,2023년 5월 17일 18시,수요일,대전광역시 서구 탄방동,중상사고,0,2,0,0,차대차 - 측면충돌,신호위반,건조,맑음,교차로 - 교차로부근,승용,여,50세,상해없음,승용,남,78세,중상
2023051700100692,2023년 5월 17일 22시,수요일,대전광역시 대덕구 법동,중상사고,0,1,0,0,차대차 - 기타,안전운전불이행,건조,맑음,단일로 - 기타,이륜,남,41세,중상,화물,남,45세,상해없음
2023051800100010,2023년 5월 18일 00시,목요일,대전광역시 서구 탄방동,경상사고,0,0,1,0,차대차 - 측면충돌,중앙선침범,건조,맑음,교차로 - 교차로횡단보도내,승용,여,53세,기타불명,자전거,남,15세,경상
2023051800100022,2023년 5월 18일 01시,목요일,대전광역시 대덕구 덕암동,중상사고,0,1,0,0,차대차 - 추돌,안전운전불이행,기타,흐림,교차로 - 교차로부근,화물,남,53세,상해없음,승용,남,25세,중상
2023051800100023,2023년 5월 18일 01시,목요일,대전광역시 유성구 봉명동,경상사고,0,0,1,0,차대차 - 기타,신호위반,건조,맑음,교차로 - 교차로안,승용,남,70세,상해없음,승용,남,37세,경상
2023051800100048,2023년 5월 18일 05시,목요일,대전광역시 서구 갈마동,경상사고,0,0,1,0,차대차 - 측면충돌,신호위반,건조,맑음,단일로 - 기타,화물,남,55세,상해없음,승용,남,45세,경상
2023051800100132,2023년 5월 18일 08시,목요일,대전광역시 유성구 도룡동,경상사고,0,0,1,0,차대차 - 기타,안전운전불이행,젖음/습기,흐림,교차로 - 교차로안,승용,남,59세,기타불명,승용,여,46세,경상
2023051800100182,2023년 5월 18일 09시,목요일,대전광역시 중구 선화동,경상사고,0,0,1,0,차대차 - 기타,신호위반,건조,맑음,교차로 - 교차로안,승용,여,56세,상해없음,이륜,남,69세,경상
2023051800100183,2023년 5월 18일 09시,목요일,대전광역시 서구 관저동,중상사고,0,1,2,0,차대차 - 추돌,안전운전불이행,건조,맑음,단일로 - 기타,승용,여,55세,상해없음,이륜,남,56세,중상
2023051800100203,2023년 5월 18일 10시,목요일,대전광역시 동구 판암동,경상사고,0,0,1,0,차대차 - 측면충돌,안전운전불이행,건조,맑음,단일로 - 기타,화물,남,63세,상해없음,승용,남,34세,경상
2023051800100231,2023년 5월 18일 11시,목요일,대전광역시 유성구 원신흥동,경상사고,0,0,1,0,차대차 - 기타,안전운전불이행,건조,맑음,교차로 - 교차로횡단보도내,승용,남,74세,상해없음,자전거,남,65세,경상
2023051800100261,2023년 5월 18일 12시,목요일,대전광역시 동구 판암동,경상사고,0,0,2,0,차대차 - 추돌,안전운전불이행,건조,맑음,교차로 - 교차로부근,화물,남,75세,상해없음,승용,남,29세,경상
2023051800100336,2023년 5월 18일 14시,목요일,대전광역시 대덕구 송촌동,경상사고,0,0,1,0,차대차 - 측면충돌,안전운전불이행,건조,맑음,교차로 - 교차로부근,승용,여,70세,상해없음,이륜,남,62세,경상
2023051800100464,2023년 5월 18일 17시,목요일,대전광역시 서구 도마동,경상사고,0,0,1,0,차대사람 - 기타,안전운전불이행,건조,맑음,단일로 - 기타,승용,남,69세,상해없음,보행자,남,37세,경상
2023051800100517,2023년 5월 18일 18시,목요일,대전광역시 유성구 장대동,경상사고,0,0,2,0,차대차 - 추돌,안전운전불이행,건조,맑음,교차로 - 교차로부근,승용,여,28세,상해없음,승용,남,22세,경상
2023051800100546,2023년 5월 18일 19시,목요일,대전광역시 유성구 도룡동,경상사고,0,0,1,0,차대차 - 측면충돌,교차로운행방법위반,건조,맑음,단일로 - 기타,승용,남,69세,상해없음,승용,남,42세,경상
2023051800100571,2023년 5월 18일 20시,목요일,대전광역시 유성구 관평동,경상사고,0,0,1,0,차대차 - 기타,안전운전불이행,건조,맑음,기타 - 기타,화물,남,67세,기타불명,승용,여,49세,경상
2023051800100614,2023년 5월 18일 22시,목요일,대전광역시 대덕구 오정동,중상사고,0,1,0,0,차대사람 - 기타,안전운전불이행,건조,맑음,단일로 - 기타,승합,남,49세,상해없음,보행자,여,21세,중상
2023051900100007,2023년 5월 19일 00시,금요일,대전광역시 서구 둔산동,경상사고,0,0,2,0,차대차 - 측면충돌,안전운전불이행,건조,맑음,단일로 - 기타,승용,남,33세,상해없음,승용,남,23세,경상
2023051900100139,2023년 5월 19일 08시,금요일,대전광역시 중구 태평동,중상사고,0,1,0,0,차대차 - 기타,신호위반,건조,맑음,교차로 - 교차로안,승용,여,62세,기타불명,자전거,남,77세,중상
2023051900100140,2023년 5월 19일 08시,금요일,대전광역시 유성구 원내동,경상사고,0,0,1,0,차대사람 - 횡단중,안전운전불이행,건조,맑음,단일로 - 기타,승용,여,43세,상해없음,보행자,남,60세,경상
2023051900100176,2023년 5월 19일 09시,금요일,대전광역시 서구 월평동,경상사고,0,0,1,0,차대사람 - 기타,안전운전불이행,건조,맑음,교차로 - 교차로부근,승용,남,56세,상해없음,보행자,남,26세,경상
2023051900100177,2023년 5월 19일 09시,금요일,대전광역시 서구 둔산동,경상사고,0,0,2,0,차대차 - 측면충돌,교차로운행방법위반,건조,맑음,교차로 - 교차로안,승용,여,51세,상해없음,승용,남,71세,경상
2023051900100268,2023년 5월 19일 11시,금요일,대전광역시 중구 은행동,중상사고,0,1,0,0,차대차 - 기타,신호위반,건조,맑음,교차로 - 교차로안,승용,남,52세,상해없음,승용,남,66세,중상
2023051900100358,2023년 5월 19일 13시,금요일,대전광역시 유성구 봉명동,경상사고,0,0,1,0,차대차 - 측면충돌,안전운전불이행,건조,맑음,단일로 - 기타,화물,남,56세,상해없음,승용,여,36세,경상
2023051900100394,2023년 5월 19일 14시,금요일,대전광역시 서구 탄방동,경상사고,0,0,2,0,차대차 - 기타,안전운전불이행,건조,맑음,교차로 - 교차로안,승용,남,75세,상해없음,승용,남,46세,경상
2023051900100427,2023년 5월 19일 15시,금요일,대전광역시 서구 만년동,경상사고,0,0,3,0,차대차 - 측면충돌,신호위반,건조,맑음,단일로 - 교량,승용,남,38세,상해없음,승용,여,46세,경상
2023051900100429,2023년 5월 19일 15시,금요일,대전광역시 유성구 장대동,경상사고,0,0,3,0,차대차 - 측면충돌,안전운전불이행,건조,맑음,단일로 - 기타,승용,남,33세,기타불명,승용,남,66세,경상
2023051900100470,2023년 5월 19일 16시,금요일,대전광역시 중구 문화동,중상사고,0,2,0,0,차량단독 - 기타,안전운전불이행,건조,맑음,기타 - 기타,승용,남,80세,기타불명,,,,
2023051900100530,2023년 5월 19일 17시,금요일,대전광역시 동구 가양동,경상사고,0,0,1,0,차대사람 - 기타,안전운전불이행,건조,맑음,단일로 - 기타,개인형이동수단(PM),남,20세,상해없음,보행자,남,22세,경상
2023051900100531,2023년 5월 19일 17시,금요일,대전광역시 유성구 관평동,중상사고,0,1,0,0,차대차 - 측면충돌,안전운전불이행,건조,맑음,단일로 - 기타,승용,여,46세,상해없음,이륜,남,52세,중상
2023051900100586,2023년 5월 19일 18시,금요일,대전광역시 서구 만년동,경상사고,0,0,1,0,차대차 - 기타,안전운전불이행,건조,맑음,교차로 - 교차로부근,이륜,남,68세,기타불명,승용,남,45세,경상
2023051900100587,2023년 5월 19일 18시,금요일,대전광역시 유성구 학하동,경상사고,0,0,2,0,차대차 - 기타,신호위반,건조,맑음,교차로 - 교차로부근,승용,여,61세,상해없음,승용,남,40세,경상
2023051900100588,2023년 5월 19일 18시,금요일,대전광역시 유성구 봉산동,경상사고,0,0,1,0,차대차 - 추돌,안전운전불이행,건조,맑음,단일로 - 기타,승용,남,23세,상해없음,승용,여,41세,경상
2023051900100653,2023년 5월 19일 20시,금요일,대전광역시 동구 인동,경상사고,0,0,1,0,차량단독 - 기타,기타,건조,맑음,단일로 - 기타,승용,남,43세,상해없음,,,,
2023051900100682,2023년 5월 19일 21시,금요일,대전광역시 서구 만년동,경상사고,0,0,1,0,차대사람 - 기타,안전운전불이행,건조,맑음,단일로 - 기타,이륜,남,49세,상해없음,보행자,여,62세,경상
2023051900100713,2023년 5월 19일 22시,금요일,대전광역시 중구 유천동,경상사고,0,0,1,0,차대사람 - 횡단중,안전운전불이행,건조,맑음,교차로 - 교차로부근,승용,남,76세,상해없음,보행자,여,12세,경상
2023051900100714,2023년 5월 19일 22시,금요일,대전광역시 서구 갈마동,경상사고,0,0,2,0,차대차 - 기타,안전거리미확보,건조,맑음,단일로 - 기타,승용,남,30세,상해없음,승용,여,19세,경상
2023051900100715,2023년 5월 19일 22시,금요일,대전광역시 서구 만년동,경상사고,0,0,1,0,차대사람 - 기타,보행자보호의무위반,건조,맑음,교차로 - 교차로횡단보도내,승용,여,28세,상해없음,보행자,여,50세,경상
2023051900100716,2023년 5월 19일 22시,금요일,대전광역시 서구 둔산동,경상사고,0,0,1,0,차대차 - 기타,안전운전불이행,건조,맑음,교차로 - 교차로부근,승용,남,26세,상해없음,승용,여,37세,경상
2023051900100732,2023년 5월 19일 23시,금요일,대전광역시 서구 도마동,경상사고,0,0,2,0,차대차 - 후진중충돌,안전운전불이행,건조,맑음,단일로 - 기타,승용,남,20세,상해없음,승용,남,64세,경상
2023052000100013,2023년 5월 20일 00시,토요일,대전광역시 서구 갈마동,경상사고,0,0,1,0,차대사람 - 기타,안전운전불이행,건조,맑음,교차로 - 교차로횡단보도내,승용,남,22세,상해없음,보행자,남,24세,경상
2023052000100023,2023년 5월 20일 01시,토요일,대전광역시 중구 은행동,경상사고,0,0,2,0,차대차 - 추돌,안전거리미확보,건조,맑음,단일로 - 기타,승용,남,27세,상해없음,승용,남,32세,경상
2023052000100032,2023년 5월 20일 02시,토요일,대전광역시 중구 문창동,중상사고,0,1,0,0,차대사람 - 횡단중,안전운전불이행,건조,맑음,단일로 - 기타,승용,여,59세,상해없음,보행자,남,23세,중상
2023052000100058,2023년 5월 20일 05시,토요일,대전광역시 서구 갈마동,경상사고,0,0,1,0,차대차 - 측면충돌,안전운전불이행,건조,맑음,교차로 - 교차로안,승용,여,23세,상해없음,승용,남,59세,경상
2023052000100071,2023년 5월 20일 06시,토요일,대전광역시 유성구 노은동,경상사고,0,0,5,0,차대차 - 추돌,안전운전불이행,건조,맑음,교차로 - 교차로부근,승용,남,30세,상해없음,승용,여,43세,경상
2023052000100080,2023년 5월 20일 07시,토요일,대전광역시 서구 도안동,경상사고,0,0,2,0,차대차 - 측면충돌,신호위반,건조,맑음,교차로 - 교차로안,승용,여,60세,기타불명,승용,남,51세,경상
2023052000100171,2023년 5월 20일 10시,토요일,대전광역시 서구 갈마동,중상사고,0,1,0,0,차대사람 - 기타,안전운전불이행,건조,맑음,교차로 - 교차로부근,승용,여,66세,상해없음,보행자,남,75세,중상
2023052000100268,2023년 5월 20일 12시,토요일,대전광역시 유성구 구암동,경상사고,0,0,1,0,차대차 - 기타,안전운전불이행,건조,맑음,교차로 - 교차로부근,승용,남,37세,상해없음,승용,남,39세,경상
2023052000100318,2023년 5월 20일 13시,토요일,대전광역시 중구 목동,경상사고,0,0,1,0,차대차 - 추돌,안전거리미확보,건조,맑음,단일로 - 기타,승용,남,70세,상해없음,승용,남,61세,경상
2023052000100364,2023년 5월 20일 14시,토요일,대전광역시 중구 문화동,경상사고,0,0,1,0,차대차 - 기타,안전운전불이행,건조,맑음,단일로 - 기타,승용,여,60세,상해없음,승용,남,52세,경상
2023052000100365,2023년 5월 20일 14시,토요일,대전광역시 동구 소제동,경상사고,0,0,2,0,차대차 - 추돌,안전거리미확보,건조,맑음,단일로 - 기타,승용,여,29세,상해없음,승용,남,29세,경상
2023052000100366,2023년 5월 20일 14시,토요일,대전광역시 유성구 둔곡동,경상사고,0,0,1,0,차대차 - 추돌,안전거리미확보,건조,맑음,단일로 - 기타,승용,남,32세,상해없음,승용,여,48세,경상
2023052000100408,2023년 5월 20일 15시,토요일,대전광역시 서구 둔산동,경상사고,0,0,1,0,차대차 - 기타,안전운전불이행,건조,맑음,기타 - 기타,승용,여,25세,상해없음,승용,여,26세,경상
2023052000100444,2023년 5월 20일 16시,토요일,대전광역시 중구 산성동,경상사고,0,0,1,0,차대차 - 추돌,안전거리미확보,건조,맑음,교차로 - 교차로부근,승용,남,31세,상해없음,승용,여,42세,경상
2023052000100505,2023년 5월 20일 18시,토요일,대전광역시 중구 부사동,경상사고,0,0,1,0,차대차 - 기타,안전운전불이행,건조,맑음,단일로 - 기타,승용,남,49세,상해없음,자전거,남,12세,경상
2023052000100506,2023년 5월 20일 18시,토요일,대전광역시 중구 오류동,경상사고,0,0,2,0,차대차 - 기타,안전운전불이행,건조,맑음,기타 - 기타,승용,여,26세,상해없음,승용,남,37세,경상
2023052000100507,2023년 5월 20일 18시,토요일,대전광역시 유성구 전민동,경상사고,0,0,1,0,차대사람 - 기타,안전운전불이행,건조,맑음,단일로 - 기타,개인형이동수단(PM),남,15세,기타불명,보행자,여,65세,경상
2023052000100531,2023년 5월 20일 19시,토요일,대전광역시 대덕구 중리동,경상사고,0,0,1,1,차대차 - 기타,안전운전불이행,건조,맑음,교차로 - 교차로안,승용,남,64세,상해없음,승용,남,50세,부상신고
2023052000100532,2023년 5월 20일 19시,토요일,대전광역시 서구 갈마동,경상사고,0,0,7,0,차대차 - 추돌,안전운전불이행,건조,맑음,단일로 - 기타,승용,남,64세,상해없음,승용,남,37세,경상
2023052000100533,2023년 5월 20일 19시,토요일,대전광역시 유성구 용계동,중상사고,0,3,1,0,차대차 - 기타,신호위반,건조,맑음,단일로 - 기타,승용,남,65세,상해없음,승용,남,39세,중상
2023052000100568,2023년 5월 20일 20시,토요일,대전광역시 중구 유천동,중상사고,0,1,0,0,차량단독 - 기타,안전운전불이행,건조,맑음,단일로 - 고가도로위,승합,남,57세,상해없음,,,,
2023052000100569,2023년 5월 20일 20시,토요일,대전광역시 서구 월평동,경상사고,0,0,1,0,차대차 - 기타,안전운전불이행,건조,맑음,단일로 - 기타,자전거,여,22세,경상,승용,남,58세,상해없음
2023052000100570,2023년 5월 20일 20시,토요일,대전광역시 유성구 봉명동,경상사고,0,0,1,0,차대차 - 추돌,안전거리미확보,건조,맑음,단일로 - 기타,이륜,남,21세,기타불명,승용,여,52세,경상
2023052000100625,2023년 5월 20일 23시,토요일,대전광역시 유성구 장대동,경상사고,0,0,2,0,차대차 - 기타,안전운전불이행,건조,맑음,단일로 - 기타,승용,남,77세,상해없음,승용,남,25세,경상
2023052100100021,2023년 5월 21일 01시,일요일,대전광역시 대덕구 상서동,경상사고,0,0,2,0,차대차 - 추돌,안전운전불이행,건조,맑음,교차로 - 교차로부근,승용,남,52세,상해없음,승용,남,63세,경상
2023052100100028,2023년 5월 21일 02시,일요일,대전광역시 서구 탄방동,경상사고,0,0,2,0,차대차 - 측면충돌,안전운전불이행,건조,맑음,교차로 - 교차로안,승용,남,58세,상해없음,승용,남,39세,경상
2023052100100083,2023년 5월 21일 09시,일요일,대전광역시 중구 사정동,경상사고,0,0,2,0,차대차 - 기타,안전거리미확보,건조,맑음,교차로 - 교차로부근,화물,남,60세,상해없음,승용,남,29세,경상
2023052100100084,2023년 5월 21일 09시,일요일,대전광역시 서구 변동,경상사고,0,0,1,0,차대사람 - 횡단중,보행자보호의무위반,건조,맑음,교차로 - 교차로안,승용,여,53세,상해없음,보행자,남,76세,경상
2023052100100104,2023년 5월 21일 10시,일요일,대전광역시 유성구 하기동,경상사고,0,0,1,0,차대차 - 기타,안전운전불이행,건조,맑음,교차로 - 교차로부근,승합,남,71세,상해없음,승용,남,45세,경상
2023052100100254,2023년 5월 21일 15시,일요일,대전광역시 동구 삼성동,경상사고,0,0,1,0,차대차 - 기타,안전운전불이행,건조,맑음,단일로 - 기타,이륜,남,55세,상해없음,자전거,남,80세,경상
2023052100100346,2023년 5월 21일 18시,일요일,대전광역시 중구 석교동,경상사고,0,0,5,0,차대차 - 추돌,안전운전불이행,건조,맑음,단일로 - 기타,승용,남,28세,상해없음,승용,남,53세,경상
2023052100100347,2023년 5월 21일 18시,일요일,대전광역시 대덕구 오정동,중상사고,0,1,1,0,차대차 - 기타,교차로운행방법위반,건조,맑음,교차로 - 교차로부근,자전거,남,66세,경상,자전거,남,50세,중상
2023052100100371,2023년 5월 21일 19시,일요일,대전광역시 대덕구 법동,경상사고,0,0,1,0,차대차 - 기타,안전운전불이행,건조,맑음,교차로 - 교차로안,승용,남,69세,상해없음,자전거,여,70세,경상
2023052100100398,2023년 5월 21일 20시,일요일,대전광역시 서구 탄방동,경상사고,0,0,1,0,차대차 - 기타,신호위반,건조,맑음,교차로 - 교차로안,이륜,남,29세,기타불명,승용,남,66세,경상
2023052100100438,2023년 5월 21일 21시,일요일,대전광역시 중구 태평동,경상사고,0,0,2,0,차대차 - 측면충돌,차로위반,건조,맑음,단일로 - 교량,승합,남,60세,상해없음,승용,남,52세,경상
2023052200100005,2023년 5월 22일 00시,월요일,대전광역시 동구 용전동,경상사고,0,0,3,0,차대차 - 측면충돌,직진우회전진행방해,건조,맑음,교차로 - 교차로안,승용,남,28세,경상,승용,여,52세,경상
2023052200100029,2023년 5월 22일 05시,월요일,대전광역시 대덕구 오정동,중상사고,0,1,0,0,차대차 - 기타,안전운전불이행,건조,맑음,교차로 - 교차로부근,승용,남,52세,상해없음,자전거,남,66세,중상
2023052200100080,2023년 5월 22일 08시,월요일,대전광역시 유성구 안산동,경상사고,0,0,1,0,차대차 - 측면충돌,안전거리미확보,건조,맑음,단일로 - 기타,승합,남,37세,상해없음,승용,여,44세,경상
2023052200100099,2023년 5월 22일 08시,월요일,대전광역시 유성구 궁동,경상사고,0,0,4,0,차대차 - 기타,안전거리미확보,건조,맑음,기타 - 기타,승용,남,31세,상해없음,승용,남,44세,경상
2023052200100129,2023년 5월 22일 09시,월요일,대전광역시 동구 용전동,경상사고,0,0,1,0,차대차 - 추돌,안전운전불이행,건조,맑음,교차로 - 교차로부근,승용,여,46세,상해없음,승용,남,58세,경상
2023052200100130,2023년 5월 22일 09시,월요일,대전광역시 대덕구 읍내동,경상사고,0,0,1,0,차대차 - 기타,중앙선침범,젖음/습기,흐림,교차로 - 교차로안,승용,여,43세,상해없음,승용,남,48세,경상
2023052200100132,2023년 5월 22일 09시,월요일,대전광역시 유성구 봉명동,경상사고,0,0,1,0,차대사람 - 횡단중,보행자보호의무위반,건조,맑음,교차로 - 교차로안,승용,여,62세,상해없음,보행자,여,65세,경상
2023052200100192,2023년 5월 22일 11시,월요일,대전광역시 중구 유천동,경상사고,0,0,2,0,차대차 - 기타,교차로운행방법위반,건조,맑음,교차로 - 교차로안,승용,여,65세,상해없음,승용,남,38세,경상
2023052200100193,2023년 5월 22일 11시,월요일,대전광역시 대덕구 대화동,경상사고,0,0,1,0,차대차 - 측면충돌,직진우회전진행방해,건조,맑음,교차로 - 교차로안,승용,여,46세,상해없음,화물,남,58세,경상
2023052200100194,2023년 5월 22일 11시,월요일,대전광역시 서구 월평동,경상사고,0,0,1,0,차대사람 - 기타,안전운전불이행,건조,맑음,교차로 - 교차로안,승용,남,41세,상해없음,보행자,여,34세,경상
2023052200100261,2023년 5월 22일 13시,월요일,대전광역시 유성구 반석동,경상사고,0,0,3,0,차대차 - 기타,안전운전불이행,건조,맑음,교차로 - 교차로부근,승용,여,49세,상해없음,승용,남,47세,경상
2023052200100262,2023년 5월 22일 13시,월요일,대전광역시 유성구 안산동,중상사고,0,1,0,0,차대차 - 기타,안전운전불이행,건조,맑음,기타 - 기타,건설기계,남,60세,상해없음,승용,남,68세,중상
2023052200100263,2023년 5월 22일 13시,월요일,대전광역시 유성구 궁동,경상사고,0,0,2,0,차대사람 - 보도통행중,안전운전불이행,건조,맑음,단일로 - 기타,자전거,남,59세,경상,보행자,남,19세,경상
2023052200100303,2023년 5월 22일 14시,월요일,대전광역시 대덕구 목상동,경상사고,0,0,1,0,차대차 - 추돌,신호위반,건조,맑음,단일로 - 기타,승용,남,54세,상해없음,승용,여,61세,경상
2023052200100346,2023년 5월 22일 15시,월요일,대전광역시 동구 성남동,경상사고,0,0,1,0,차대차 - 측면충돌,안전운전불이행,건조,맑음,단일로 - 기타,승용,여,63세,상해없음,승합,남,47세,경상
2023052200100347,2023년 5월 22일 15시,월요일,대전광역시 대덕구 평촌동,경상사고,0,0,1,0,차대사람 - 기타,안전운전불이행,건조,맑음,단일로 - 기타,승용,여,62세,상해없음,보행자,여,13세,경상
2023052200100349,2023년 5월 22일 15시,월요일,대전광역시 서구 만년동,중상사고,0,1,0,0,차대차 - 측면충돌,안전운전불이행,건조,맑음,단일로 - 교량,승용,남,29세,기타불명,승용,남,54세,중상
2023052200100350,2023년 5월 22일 15시,월요일,대전광역시 유성구 봉명동,경상사고,0,0,3,1,차대차 - 기타,안전거리미확보,건조,맑음,단일로 - 기타,승용,남,35세,상해없음,승용,남,34세,경상
2023052200100433,2023년 5월 22일 17시,월요일,대전광역시 대덕구 신대동,중상사고,0,2,2,0,차대차 - 추돌,안전운전불이행,건조,맑음,단일로 - 기타,화물,남,60세,상해없음,화물,여,43세,중상
2023052200100434,2023년 5월 22일 17시,월요일,대전광역시 유성구 노은동,중상사고,0,1,0,0,차대사람 - 보도통행중,안전운전불이행,건조,맑음,기타 - 기타,승용,여,41세,상해없음,보행자,남,6세,중상
2023052200100435,2023년 5월 22일 17시,월요일,대전광역시 유성구 도룡동,경상사고,0,0,4,0,차대차 - 기타,안전거리미확보,건조,맑음,교차로 - 교차로부근,승용,여,53세,상해없음,승용,남,24세,경상
2023052200100482,2023년 5월 22일 18시,월요일,대전광역시 중구 은행동,경상사고,0,0,1,0,차대차 - 기타,불법유턴,건조,맑음,단일로 - 기타,개인형이동수단(PM),여,30세,경상,승용,남,24세,상해없음
2023052200100483,2023년 5월 22일 18시,월요일,대전광역시 유성구 지족동,경상사고,0,0,1,0,차대차 - 기타,안전운전불이행,건조,맑음,기타 - 기타,승용,여,76세,상해없음,이륜,남,40세,경상
2023052200100515,2023년 5월 22일 19시,월요일,대전광역시 동구 원동,경상사고,0,0,1,0,차대차 - 추돌,안전운전불이행,건조,맑음,교차로 - 교차로부근,승용,여,28세,상해없음,승용,남,67세,경상
2023052200100545,2023년 5월 22일 20시,월요일,대전광역시 동구 중동,경상사고,0,0,2,0,차대차 - 기타,교차로운행방법위반,건조,맑음,교차로 - 교차로안,승용,남,49세,상해없음,승합,남,43세,경상
2023052200100579,2023년 5월 22일 21시,월요일,대전광역시 서구 갈마동,중상사고,0,1,0,0,차대사람 - 차도통행중,안전운전불이행,건조,맑음,교차로 - 교차로안,승용,남,66세,상해없음,보행자,남,64세,중상
2023052200100612,2023년 5월 22일 23시,월요일,대전광역시 대덕구 와동,경상사고,0,0,1,0,차대차 - 측면충돌,안전거리미확보,젖음/습기,비,단일로 - 기타,승용,남,37세,상해없음,승용,남,63세,경상
2023052200100619,2023년 5월 22일 23시,월요일,대전광역시 동구 자양동,경상사고,0,0,1,0,차대차 - 측면충돌,안전운전불이행,건조,맑음,단일로 - 기타,승용,남,71세,상해없음,이륜,남,44세,경상
2023052200100620,2023년 5월 22일 23시,월요일,대전광역시 동구 용운동,경상사고,0,0,1,0,차대차 - 기타,안전운전불이행,젖음/습기,비,교차로 - 교차로안,기타불명,기타불명,미분류,기타불명,승용,남,46세,경상
2023052200100621,2023년 5월 22일 23시,월요일,대전광역시 서구 갈마동,경상사고,0,0,2,0,차대차 - 기타,안전운전불이행,젖음/습기,비,교차로 - 교차로부근,승용,남,47세,상해없음,승용,남,23세,경상
2023052200100622,2023년 5월 22일 23시,월요일,대전광역시 유성구 봉명동,경상사고,0,0,1,0,차대차 - 기타,신호위반,젖음/습기,비,단일로 - 터널,승용,남,65세,상해없음,자전거,여,53세,경상
2023052300100019,2023년 5월 23일 03시,화요일,대전광역시 서구 도마동,경상사고,0,0,1,0,차대차 - 기타,중앙선침범,건조,맑음,기타 - 기타,승용,남,44세,상해없음,승용,남,73세,경상
2023052300100115,2023년 5월 23일 08시,화요일,대전광역시 중구 유천동,경상사고,0,0,1,0,차대차 - 기타,안전운전불이행,건조,맑음,교차로 - 교차로부근,승용,남,75세,상해없음,화물,남,62세,경상
2023052300100117,2023년 5월 23일 08시,화요일,대전광역시 대덕구 송촌동,중상사고,0,1,0,0,차대사람 - 횡단중,보행자보호의무위반,건조,맑음,기타 - 기타,승용,여,46세,상해없음,보행자,남,82세,중상
2023052300100165,2023년 5월 23일 09시,화요일,대전광역시 서구 정림동,경상사고,0,0,4,0,차대차 - 기타,안전거리미확보,건조,맑음,단일로 - 기타,승용,남,63세,상해없음,화물,여,63세,경상
2023052300100166,2023년 5월 23일 09시,화요일,대전광역시 서구 갈마동,경상사고,0,0,1,0,차대차 - 기타,안전운전불이행,건조,맑음,단일로 - 기타,승용,남,48세,상해없음,승용,남,39세,경상
2023052300100243,2023년 5월 23일 11시,화요일,대전광역시 유성구 송강동,경상사고,0,0,1,0,차대사람 - 차도통행중,안전운전불이행,건조,맑음,교차로 - 교차로안,승용,남,36세,상해없음,보행자,남,63세,경상
2023052300100276,2023년 5월 23일 12시,화요일,대전광역시 대덕구 중리동,경상사고,0,0,1,0,차대사람 - 차도통행중,안전운전불이행,건조,맑음,교차로 - 교차로안,자전거,남,71세,기타불명,보행자,여,66세,경상