사고번호,사고일시,요일,시군구,사고내용,사망자수,중상자수,경상자수,부상신고자수,사고유형,법규위반,노면상태,기상상태,도로형태,가해운전자 차종,가해운전자 성별,가해운전자 연령,가해운전자 상해정도,피해운전자 차종,피해운전자 성별,피해운전자 연령,피해운전자 상해정도
2023052900100134,2023년 5월 29일 11시,월요일,대전광역시 중구 유천동,경상사고,0,0,2,0,차대차 - 기타,안전운전불이행,젖음/습기,비,단일로 - 기타,승용,여,77세,상해없음,승용,남,39세,경상
2023052900100180,2023년 5월 29일 13시,월요일,대전광역시 유성구 구암동,경상사고,0,0,1,0,차대차 - 기타,신호위반,건조,맑음,교차로 - 교차로안,화물,남,62세,상해없음,승용,남,48세,경상
2023052900100223,2023년 5월 29일 14시,월요일,대전광역시 유성구 교촌동,경상사고,0,0,1,0,차대차 - 기타,신호위반,건조,맑음,교차로 - 교차로안,화물,남,70세,상해없음,승용,남,30세,경상
2023052900100254,2023년 5월 29일 15시,월요일,대전광역시 중구 오류동,경상사고,0,0,1,0,차대사람 - 횡단중,보행자보호의무위반,건조,맑음,교차로 - 교차로횡단보도내,승용,여,51세,상해없음,보행자,여,78세,경상
2023052900100331,2023년 5월 29일 17시,월요일,대전광역시 서구 둔산동,중상사고,0,1,0,0,차대사람 - 기타,안전운전불이행,건조,맑음,단일로 - 기타,자전거,남,55세,상해없음,보행자,여,56세,중상
2023052900100424,2023년 5월 29일 20시,월요일,대전광역시 서구 가수원동,경상사고,0,0,1,0,차대차 - 측면충돌,안전운전불이행,건조,맑음,단일로 - 기타,승용,여,33세,상해없음,승용,남,50세,경상
2023052900100442,2023년 5월 29일 21시,월요일,대전광역시 서구 가장동,경상사고,0,0,1,0,차대차 - 측면충돌,안전운전불이행,건조,맑음,단일로 - 기타,자전거,남,15세,경상,승용,남,56세,상해없음
2023053000100024,2023년 5월 30일 05시,화요일,대전광역시 대덕구 연축동,경상사고,0,0,1,0,차대차 - 추돌,안전운전불이행,건조,맑음,단일로 - 기타,화물,남,61세,상해없음,승용,남,28세,경상
2023053000100056,2023년 5월 30일 07시,화요일,대전광역시 유성구 봉산동,경상사고,0,0,1,0,차대차 - 측면충돌,안전거리미확보,건조,맑음,단일로 - 기타,승용,남,72세,상해없음,승합,남,51세,경상
2023053000100109,2023년 5월 30일 08시,화요일,대전광역시 대덕구 신대동,경상사고,0,0,4,0,차대차 - 추돌,안전운전불이행,건조,맑음,단일로 - 기타,화물,남,36세,상해없음,승용,남,32세,경상
2023053000100153,2023년 5월 30일 09시,화요일,대전광역시 대덕구 대화동,경상사고,0,0,1,0,차대차 - 후진중충돌,안전운전불이행,건조,맑음,교차로 - 교차로안,화물,남,57세,상해없음,화물,남,48세,경상
2023053000100154,2023년 5월 30일 09시,화요일,대전광역시 서구 갈마동,경상사고,0,0,1,0,차대차 - 기타,신호위반,건조,맑음,교차로 - 교차로안,이륜,남,31세,상해없음,승용,여,56세,경상
2023053000100178,2023년 5월 30일 10시,화요일,대전광역시 서구 둔산동,경상사고,0,0,1,0,차대차 - 기타,안전운전불이행,건조,맑음,기타 - 기타,승용,여,34세,기타불명,승용,남,49세,경상
2023053000100218,2023년 5월 30일 11시,화요일,대전광역시 서구 둔산동,부상신고사고,0,0,0,1,차대차 - 기타,안전운전불이행,건조,맑음,교차로 - 교차로부근,승용,여,75세,상해없음,이륜,남,22세,부상신고
2023053000100259,2023년 5월 30일 12시,화요일,대전광역시 중구 유천동,중상사고,0,1,0,0,차대사람 - 기타,안전운전불이행,건조,맑음,단일로 - 기타,자전거,기타불명,미분류,기타불명,보행자,여,81세,중상
2023053000100260,2023년 5월 30일 12시,화요일,대전광역시 중구 유천동,경상사고,0,0,1,0,차대사람 - 차도통행중,안전운전불이행,건조,맑음,단일로 - 기타,화물,여,53세,상해없음,보행자,남,22세,경상
2023053000100300,2023년 5월 30일 13시,화요일,대전광역시 중구 중촌동,경상사고,0,0,2,0,차대차 - 기타,신호위반,건조,맑음,교차로 - 교차로안,승용,여,57세,기타불명,승용,여,22세,경상
2023053000100333,2023년 5월 30일 14시,화요일,대전광역시 서구 관저동,중상사고,0,1,0,0,차대차 - 정면충돌,안전운전불이행,건조,맑음,교차로 - 교차로안,승용,여,45세,기타불명,이륜,남,43세,중상
2023053000100366,2023년 5월 30일 15시,화요일,대전광역시 동구 삼성동,경상사고,0,0,1,0,차대차 - 측면충돌,중앙선침범,건조,맑음,교차로 - 교차로부근,이륜,남,19세,상해없음,승용,남,46세,경상
2023053000100367,2023년 5월 30일 15시,화요일,대전광역시 서구 둔산동,경상사고,0,0,3,0,차대차 - 추돌,안전운전불이행,건조,맑음,교차로 - 교차로부근,승합,남,53세,상해없음,승용,남,42세,경상
2023053000100406,2023년 5월 30일 16시,화요일,대전광역시 서구 월평동,경상사고,0,0,1,0,차대차 - 측면충돌,신호위반,건조,맑음,교차로 - 교차로안,승용,남,74세,상해없음,이륜,남,33세,경상
2023053000100407,2023년 5월 30일 16시,화요일,대전광역시 유성구 원촌동,경상사고,0,0,2,0,차대차 - 기타,안전운전불이행,건조,맑음,단일로 - 기타,승용,여,62세,상해없음,승용,남,50세,경상
2023053000100449,2023년 5월 30일 17시,화요일,대전광역시 서구 도마동,경상사고,0,0,1,0,차대차 - 기타,중앙선침범,건조,맑음,교차로 - 교차로부근,승용,남,64세,상해없음,이륜,남,51세,경상
2023053000100450,2023년 5월 30일 17시,화요일,대전광역시 서구 가수원동,경상사고,0,0,1,1,차대차 - 추돌,안전거리미확보,건조,맑음,교차로 - 교차로안,승합,남,56세,상해없음,승용,남,63세,경상
2023053000100451,2023년 5월 30일 17시,화요일,대전광역시 대덕구 신탄진동,경상사고,0,0,1,0,차대차 - 측면충돌,직진우회전진행방해,건조,맑음,교차로 - 교차로안,승용,남,66세,상해없음,자전거,남,48세,경상
2023053000100544,2023년 5월 30일 20시,화요일,대전광역시 유성구 둔곡동,중상사고,0,1,0,0,차량단독 - 기타,안전운전불이행,건조,맑음,기타 - 기타,승용,남,69세,기타불명,,,,
2023053000100545,2023년 5월 30일 20시,화요일,대전광역시 유성구 봉명동,중상사고,0,1,0,0,차대사람 - 기타,안전운전불이행,건조,맑음,교차로 - 교차로부근,승용,여,61세,상해없음,보행자,여,45세,중상
2023053000100585,2023년 5월 30일 22시,화요일,대전광역시 유성구 지족동,경상사고,0,0,1,0,차대차 - 기타,안전운전불이행,건조,맑음,단일로 - 기타,승용,남,61세,상해없음,승용,여,36세,경상
2023053000100598,2023년 5월 30일 23시,화요일,대전광역시 유성구 외삼동,경상사고,0,0,1,0,차대차 - 기타,안전운전불이행,건조,맑음,기타 - 기타,승용,남,52세,상해없음,화물,남,52세,경상
2023053100100067,2023년 5월 31일 07시,수요일,대전광역시 대덕구 목상동,경상사고,0,0,1,0,차대차 - 기타,신호위반,건조,맑음,교차로 - 교차로안,화물,남,50세,기타불명,자전거,여,62세,경상
2023053100100068,2023년 5월 31일 07시,수요일,대전광역시 서구 둔산동,부상신고사고,0,0,0,1,차대차 - 기타,안전운전불이행,건조,맑음,단일로 - 기타,승용,남,34세,상해없음,자전거,남,52세,부상신고
2023053100100105,2023년 5월 31일 08시,수요일,대전광역시 유성구 원신흥동,경상사고,0,0,3,0,차대차 - 측면충돌,안전거리미확보,건조,맑음,단일로 - 기타,승용,여,54세,경상,승용,남,30세,경상
2023053100100138,2023년 5월 31일 09시,수요일,대전광역시 중구 중촌동,경상사고,0,0,2,0,차대차 - 추돌,안전거리미확보,건조,맑음,단일로 - 기타,원동기,남,27세,상해없음,승용,남,62세,경상
2023053100100139,2023년 5월 31일 09시,수요일,대전광역시 서구 관저동,경상사고,0,0,1,0,차대차 - 기타,불법유턴,건조,맑음,교차로 - 교차로부근,승합,여,47세,상해없음,승용,여,37세,경상
2023053100100196,2023년 5월 31일 11시,수요일,대전광역시 동구 용전동,경상사고,0,0,1,0,차대차 - 측면충돌,안전거리미확보,건조,맑음,단일로 - 기타,화물,남,51세,상해없음,승용,남,40세,경상
2023053100100197,2023년 5월 31일 11시,수요일,대전광역시 서구 둔산동,중상사고,0,1,1,0,차대차 - 측면충돌,신호위반,건조,맑음,교차로 - 교차로안,승용,여,42세,상해없음,승용,여,57세,중상
2023053100100304,2023년 5월 31일 14시,수요일,대전광역시 유성구 봉명동,경상사고,0,0,1,0,차대차 - 측면충돌,중앙선침범,건조,맑음,교차로 - 교차로안,승용,여,55세,상해없음,승용,여,28세,경상
2023053100100343,2023년 5월 31일 15시,수요일,대전광역시 동구 중동,경상사고,0,0,3,0,차대차 - 추돌,안전운전불이행,건조,맑음,교차로 - 교차로부근,이륜,남,76세,기타불명,화물,남,45세,상해없음
2023053100100344,2023년 5월 31일 15시,수요일,대전광역시 유성구 구성동,중상사고,0,1,0,0,차대차 - 기타,안전거리미확보,건조,맑음,기타 - 기타,승용,남,53세,상해없음,승합,남,30세,상해없음
2023053100100380,2023년 5월 31일 16시,수요일,대전광역시 중구 대흥동,중상사고,0,1,0,0,차대차 - 기타,신호위반,건조,맑음,교차로 - 교차로안,승합,남,31세,상해없음,승용,여,66세,중상
2023053100100381,2023년 5월 31일 16시,수요일,대전광역시 동구 판암동,경상사고,0,0,1,0,차대차 - 기타,직진우회전진행방해,건조,맑음,교차로 - 교차로안,승합,남,26세,상해없음,자전거,남,13세,경상
2023053100100382,2023년 5월 31일 16시,수요일,대전광역시 서구 도마동,경상사고,0,0,1,0,차대사람 - 기타,안전운전불이행,건조,맑음,단일로 - 기타,승용,남,43세,상해없음,보행자,남,6세,경상
2023053100100435,2023년 5월 31일 17시,수요일,대전광역시 중구 부사동,경상사고,0,0,2,0,차대차 - 기타,안전운전불이행,건조,맑음,교차로 - 교차로안,승용,여,63세,상해없음,승용,여,50세,경상
2023053100100436,2023년 5월 31일 17시,수요일,대전광역시 유성구 도룡동,경상사고,0,0,2,0,차대차 - 기타,교차로운행방법위반,건조,맑음,교차로 - 교차로안,승용,남,64세,상해없음,승용,여,54세,경상
2023053100100437,2023년 5월 31일 17시,수요일,대전광역시 유성구 학하동,경상사고,0,0,1,0,차대차 - 기타,안전운전불이행,건조,맑음,교차로 - 교차로부근,승용,여,56세,상해없음,승용,남,31세,경상
2023053100100488,2023년 5월 31일 18시,수요일,대전광역시 동구 신안동,경상사고,0,0,1,0,차대차 - 측면충돌,안전운전불이행,건조,맑음,교차로 - 교차로안,승용,남,60세,상해없음,이륜,남,80세,경상
2023053100100489,2023년 5월 31일 18시,수요일,대전광역시 대덕구 송촌동,경상사고,0,0,1,0,차대차 - 기타,안전거리미확보,건조,맑음,단일로 - 기타,승용,여,60세,상해없음,화물,남,60세,경상
2023053100100490,2023년 5월 31일 18시,수요일,대전광역시 서구 둔산동,중상사고,0,1,1,0,차대차 - 추돌,안전운전불이행,건조,맑음,단일로 - 기타,승용,남,62세,상해없음,승용,여,24세,경상
2023053100100491,2023년 5월 31일 18시,수요일,대전광역시 유성구 가정동,경상사고,0,0,1,0,차대차 - 측면충돌,안전거리미확보,건조,맑음,단일로 - 기타,이륜,남,34세,기타불명,승용,여,42세,경상
2023053100100515,2023년 5월 31일 19시,수요일,대전광역시 대덕구 비래동,경상사고,0,0,1,0,차대사람 - 기타,안전운전불이행,건조,맑음,단일로 - 기타,승용,여,53세,상해없음,보행자,여,31세,경상
2023053100100537,2023년 5월 31일 20시,수요일,대전광역시 동구 홍도동,경상사고,0,0,1,0,차대사람 - 기타,기타,건조,맑음,기타 - 기타,개인형이동수단(PM),남,15세,상해없음,보행자,남,26세,경상
2023053100100538,2023년 5월 31일 20시,수요일,대전광역시 서구 둔산동,경상사고,0,0,2,0,차대차 - 기타,안전운전불이행,건조,맑음,교차로 - 교차로안,승용,여,54세,상해없음,승용,남,31세,경상
2023053100100539,2023년 5월 31일 20시,수요일,대전광역시 유성구 관평동,경상사고,0,0,1,0,차대차 - 기타,안전운전불이행,건조,맑음,단일로 - 기타,승용,남,28세,상해없음,원동기,남,26세,경상
2023053100100557,2023년 5월 31일 21시,수요일,대전광역시 유성구 용산동,경상사고,0,0,1,0,차대차 - 측면충돌,안전거리미확보,건조,맑음,단일로 - 기타,승합,남,51세,상해없음,특수,남,59세,경상
2023053100100565,2023년 5월 31일 21시,수요일,대전광역시 서구 도안동,중상사고,0,1,1,0,차대차 - 정면충돌,안전운전불이행,건조,맑음,단일로 - 기타,개인형이동수단(PM),남,17세,중상,이륜,남,31세,경상
2023053100100566,2023년 5월 31일 21시,수요일,대전광역시 유성구 봉명동,경상사고,0,0,2,0,차대차 - 기타,안전운전불이행,건조,맑음,단일로 - 기타,이륜,남,37세,상해없음,승용,여,42세,경상
2023053100100605,2023년 5월 31일 23시,수요일,대전광역시 서구 갈마동,경상사고,0,0,1,0,차대차 - 기타,신호위반,건조,맑음,교차로 - 교차로안,승용,남,71세,상해없음,자전거,남,19세,경상
2023060100100016,2023년 6월 1일 01시,목요일,대전광역시 서구 갈마동,경상사고,0,0,1,0,차대차 - 기타,안전운전불이행,건조,맑음,교차로 - 교차로안,승용,남,26세,기타불명,승용,남,48세,상해없음
2023060100100057,2023년 6월 1일 07시,목요일,대전광역시 동구 가양동,경상사고,0,0,1,0,차대사람 - 길가장자리구역통행중,안전운전불이행,건조,맑음,기타 - 기타,승용,남,38세,상해없음,보행자,여,13세,경상
2023060100100197,2023년 6월 1일 12시,목요일,대전광역시 동구 가양동,경상사고,0,0,1,0,차대차 - 기타,안전운전불이행,건조,맑음,교차로 - 교차로부근,승용,여,50세,상해없음,이륜,남,50세,경상
2023060100100255,2023년 6월 1일 14시,목요일,대전광역시 중구 태평동,경상사고,0,0,1,0,차대사람 - 보도통행중,안전운전불이행,건조,맑음,단일로 - 기타,승합,남,42세,상해없음,보행자,여,79세,경상
2023060100100294,2023년 6월 1일 15시,목요일,대전광역시 동구 가오동,경상사고,0,0,1,0,차대차 - 측면충돌,안전운전불이행,건조,맑음,교차로 - 교차로안,화물,남,66세,상해없음,이륜,남,52세,경상
2023060100100371,2023년 6월 1일 17시,목요일,대전광역시 서구 월평동,경상사고,0,0,1,0,차대차 - 기타,안전운전불이행,건조,맑음,교차로 - 교차로부근,승용,여,61세,상해없음,승용,남,27세,경상
2023060100100372,2023년 6월 1일 17시,목요일,대전광역시 서구 월평동,경상사고,0,0,1,0,차대차 - 기타,안전운전불이행,건조,맑음,교차로 - 교차로부근,승용,남,61세,상해없음,승용,남,25세,경상
2023060100100409,2023년 6월 1일 18시,목요일,대전광역시 서구 갈마동,경상사고,0,0,1,0,차대차 - 후진중충돌,안전운전불이행,건조,맑음,단일로 - 기타,승용,남,60세,상해없음,이륜,남,40세,경상
2023060100100434,2023년 6월 1일 19시,목요일,대전광역시 중구 태평동,경상사고,0,0,1,0,차대차 - 측면충돌,안전운전불이행,건조,맑음,교차로 - 교차로안,승용,남,36세,상해없음,승용,남,37세,경상
2023060100100486,2023년 6월 1일 21시,목요일,대전광역시 서구 도마동,경상사고,0,0,1,0,차대사람 - 기타,안전운전불이행,건조,기타,단일로 - 기타,승용,여,20세,상해없음,보행자,여,21세,경상
2023060100100487,2023년 6월 1일 21시,목요일,대전광역시 서구 둔산동,경상사고,0,0,1,0,차대사람 - 횡단중,보행자보호의무위반,건조,맑음,교차로 - 교차로횡단보도내,승용,여,46세,상해없음,보행자,남,17세,경상
2023060100100507,2023년 6월 1일 22시,목요일,대전광역시 서구 도안동,경상사고,0,0,1,0,차대차 - 기타,안전운전불이행,건조,맑음,단일로 - 기타,승용,남,41세,상해없음,승용,남,47세,경상
2023060100100508,2023년 6월 1일 22시,목요일,대전광역시 유성구 죽동,경상사고,0,0,1,0,차대사람 - 기타,안전운전불이행,건조,맑음,교차로 - 교차로안,승용,남,41세,상해없음,보행자,남,25세,경상
2023060200100023,2023년 6월 2일 01시,금요일,대전광역시 대덕구 중리동,중상사고,0,1,0,0,차대사람 - 차도통행중,안전운전불이행,건조,맑음,교차로 - 교차로부근,승용,남,63세,상해없음,보행자,남,66세,중상
2023060200100074,2023년 6월 2일 07시,금요일,대전광역시 서구 월평동,경상사고,0,0,1,0,차대차 - 기타,안전거리미확보,건조,맑음,단일로 - 기타,승용,여,55세,상해없음,승용,여,53세,경상
2023060200100075,2023년 6월 2일 07시,금요일,대전광역시 유성구 노은동,경상사고,0,0,1,0,차대차 - 기타,안전운전불이행,건조,맑음,단일로 - 기타,이륜,남,23세,상해없음,승용,여,60세,경상
2023060200100076,2023년 6월 2일 07시,금요일,대전광역시 유성구 봉산동,경상사고,0,0,1,0,차대차 - 측면충돌,안전운전불이행,건조,맑음,교차로 - 교차로안,승용,남,64세,상해없음,승용,남,27세,경상
2023060200100144,2023년 6월 2일 09시,금요일,대전광역시 중구 문화동,경상사고,0,0,1,0,차대차 - 측면충돌,안전거리미확보,건조,맑음,단일로 - 기타,승용,남,43세,상해없음,승합,남,50세,경상
2023060200100145,2023년 6월 2일 09시,금요일,대전광역시 동구 용전동,경상사고,0,0,1,0,차대차 - 기타,안전운전불이행,건조,맑음,단일로 - 기타,승용,여,58세,상해없음,승용,여,31세,경상
2023060200100146,2023년 6월 2일 09시,금요일,대전광역시 서구 둔산동,경상사고,0,0,1,0,차대차 - 측면충돌,안전운전불이행,건조,맑음,교차로 - 교차로부근,승용,여,39세,상해없음,자전거,남,61세,경상
2023060200100147,2023년 6월 2일 09시,금요일,대전광역시 유성구 봉명동,경상사고,0,0,1,0,차대차 - 기타,안전운전불이행,건조,맑음,교차로 - 교차로부근,화물,남,46세,상해없음,승용,남,39세,경상
2023060200100182,2023년 6월 2일 10시,금요일,대전광역시 중구 문화동,경상사고,0,0,3,0,차대차 - 기타,안전운전불이행,건조,맑음,교차로 - 교차로부근,승용,여,45세,상해없음,승용,남,37세,경상
2023060200100183,2023년 6월 2일 10시,금요일,대전광역시 동구 용운동,경상사고,0,0,1,0,차대차 - 기타,신호위반,건조,맑음,교차로 - 교차로안,이륜,남,25세,상해없음,승용,남,64세,경상
2023060200100208,2023년 6월 2일 11시,금요일,대전광역시 서구 갈마동,경상사고,0,0,1,0,차대사람 - 기타,안전운전불이행,건조,맑음,단일로 - 기타,승용,남,27세,상해없음,보행자,여,68세,경상
2023060200100273,2023년 6월 2일 13시,금요일,대전광역시 대덕구 오정동,경상사고,0,0,1,0,차대차 - 측면충돌,신호위반,건조,맑음,교차로 - 교차로안,승용,남,31세,상해없음,승용,남,54세,경상
2023060200100274,2023년 6월 2일 13시,금요일,대전광역시 유성구 구성동,중상사고,0,1,1,0,차대차 - 기타,안전운전불이행,건조,맑음,교차로 - 교차로안,승용,여,37세,상해없음,화물,남,62세,중상
2023060200100361,2023년 6월 2일 15시,금요일,대전광역시 서구 둔산동,중상사고,0,1,0,0,차대사람 - 횡단중,안전운전불이행,건조,맑음,교차로 - 교차로횡단보도내,개인형이동수단(PM),남,14세,상해없음,보행자,남,42세,중상
2023060200100362,2023년 6월 2일 15시,금요일,대전광역시 유성구 장대동,경상사고,0,0,2,0,차대차 - 측면충돌,안전거리미확보,건조,맑음,교차로 - 교차로부근,승용,남,77세,상해없음,승용,남,34세,경상
2023060200100412,2023년 6월 2일 16시,금요일,대전광역시 서구 가수원동,경상사고,0,0,1,0,차대차 - 기타,안전운전불이행,건조,맑음,교차로 - 교차로부근,승용,여,48세,상해없음,승용,남,32세,경상
2023060200100413,2023년 6월 2일 16시,금요일,대전광역시 유성구 도룡동,경상사고,0,0,1,0,차대차 - 추돌,안전운전불이행,건조,맑음,교차로 - 교차로부근,승용,남,58세,상해없음,승용,남,43세,경상
2023060200100472,2023년 6월 2일 17시,금요일,대전광역시 유성구 관평동,경상사고,0,0,1,0,차대차 - 측면충돌,교차로운행방법위반,건조,맑음,교차로 - 교차로안,승용,남,80세,기타불명,화물,남,40세,경상
2023060200100528,2023년 6월 2일 18시,금요일,대전광역시 대덕구 오정동,경상사고,0,0,1,0,차대사람 - 횡단중,보행자보호의무위반,건조,맑음,교차로 - 교차로안,화물,남,57세,상해없음,보행자,남,32세,경상
2023060200100557,2023년 6월 2일 19시,금요일,대전광역시 서구 관저동,중상사고,0,1,0,0,차대사람 - 횡단중,안전운전불이행,건조,맑음,단일로 - 기타,이륜,남,32세,상해없음,보행자,남,66세,중상
2023060200100592,2023년 6월 2일 20시,금요일,대전광역시 유성구 상대동,경상사고,0,0,1,0,차대사람 - 기타,기타,건조,맑음,기타 - 기타,자전거,남,49세,기타불명,보행자,남,49세,경상
2023060200100622,2023년 6월 2일 21시,금요일,대전광역시 대덕구 비래동,경상사고,0,0,1,0,차대차 - 후진중충돌,안전운전불이행,건조,맑음,교차로 - 교차로횡단보도내,승용,여,55세,상해없음,이륜,남,66세,경상
2023060200100659,2023년 6월 2일 23시,금요일,대전광역시 동구 성남동,경상사고,0,0,1,0,차대사람 - 횡단중,보행자보호의무위반,건조,맑음,기타 - 기타,승용,남,27세,상해없음,보행자,남,33세,경상
2023060200100660,2023년 6월 2일 23시,금요일,대전광역시 서구 탄방동,중상사고,0,1,0,0,차대차 - 측면충돌,신호위반,건조,맑음,교차로 - 교차로부근,승용,남,66세,기타불명,이륜,남,59세,중상
2023060300100023,2023년 6월 3일 02시,토요일,대전광역시 유성구 어은동,경상사고,0,0,1,0,차대차 - 기타,안전운전불이행,건조,기타,교차로 - 교차로부근,승용,남,27세,상해없음,이륜,남,30세,기타불명
2023060300100045,2023년 6월 3일 05시,토요일,대전광역시 동구 삼성동,경상사고,0,0,3,0,차대사람 - 기타,안전운전불이행,건조,맑음,기타 - 기타,승용,남,32세,상해없음,보행자,남,42세,경상
2023060300100071,2023년 6월 3일 07시,토요일,대전광역시 동구 용전동,중상사고,0,1,1,0,차대사람 - 차도통행중,안전운전불이행,건조,맑음,단일로 - 기타,개인형이동수단(PM),남,35세,중상,보행자,여,21세,경상
2023060300100072,2023년 6월 3일 07시,토요일,대전광역시 대덕구 신탄진동,경상사고,0,0,1,0,차대차 - 측면충돌,신호위반,건조,맑음,교차로 - 교차로안,화물,남,59세,상해없음,승용,남,59세,경상
2023060300100117,2023년 6월 3일 09시,토요일,대전광역시 중구 대흥동,중상사고,0,1,0,0,차대차 - 추돌,안전거리미확보,건조,맑음,교차로 - 교차로부근,승용,여,64세,상해없음,승용,남,31세,중상
2023060300100118,2023년 6월 3일 09시,토요일,대전광역시 유성구 궁동,경상사고,0,0,1,0,차대차 - 기타,안전운전불이행,건조,맑음,기타 - 기타,승용,남,26세,상해없음,이륜,남,36세,경상
2023060300100177,2023년 6월 3일 11시,토요일,대전광역시 서구 변동,경상사고,0,0,3,0,차대차 - 추돌,안전운전불이행,건조,맑음,기타 - 기타,승용,여,44세,기타불명,승용,남,23세,경상
2023060300100178,2023년 6월 3일 11시,토요일,대전광역시 대덕구 법동,경상사고,0,0,1,0,차대사람 - 기타,안전운전불이행,건조,맑음,단일로 - 기타,승용,남,55세,상해없음,보행자,남,45세,경상
2023060300100234,2023년 6월 3일 12시,토요일,대전광역시 동구 용전동,경상사고,0,0,1,0,차대차 - 측면충돌,직진우회전진행방해,건조,맑음,교차로 - 교차로안,승용,남,53세,상해없음,이륜,남,49세,경상
2023060300100235,2023년 6월 3일 12시,토요일,대전광역시 대덕구 오정동,경상사고,0,0,1,0,차대차 - 측면충돌,안전운전불이행,건조,맑음,단일로 - 교량,자전거,남,61세,상해없음,자전거,남,67세,경상
2023060300100236,2023년 6월 3일 12시,토요일,대전광역시 서구 월평동,경상사고,0,0,1,0,차대차 - 기타,안전운전불이행,건조,맑음,단일로 - 기타,승용,남,41세,상해없음,승용,남,30세,경상
2023060300100237,2023년 6월 3일 12시,토요일,대전광역시 유성구 지족동,경상사고,0,0,3,0,차대차 - 정면충돌,안전운전불이행,건조,맑음,단일로 - 기타,승용,남,48세,상해없음,승용,여,65세,경상
2023060300100271,2023년 6월 3일 13시,토요일,대전광역시 대덕구 신탄진동,경상사고,0,0,1,0,차대차 - 기타,신호위반,건조,맑음,교차로 - 교차로안,승용,여,28세,상해없음,이륜,남,47세,경상
2023060300100272,2023년 6월 3일 13시,토요일,대전광역시 대덕구 석봉동,경상사고,0,0,1,0,차대사람 - 기타,안전운전불이행,건조,맑음,단일로 - 기타,승용,여,62세,상해없음,보행자,여,24세,경상
2023060300100299,2023년 6월 3일 14시,토요일,대전광역시 중구 태평동,경상사고,0,0,1,0,차대차 - 측면충돌,신호위반,건조,맑음,교차로 - 교차로안,승용,남,50세,상해없음,이륜,남,37세,경상
2023060300100301,2023년 6월 3일 14시,토요일,대전광역시 유성구 전민동,경상사고,0,0,1,0,차대차 - 기타,안전운전불이행,건조,맑음,단일로 - 기타,승용,여,60세,상해없음,승용,남,30세,경상
2023060300100348,2023년 6월 3일 15시,토요일,대전광역시 동구 판암동,경상사고,0,0,1,0,차대사람 - 기타,안전운전불이행,건조,맑음,단일로 - 기타,승용,여,60세,상해없음,보행자,남,51세,경상
2023060300100373,2023년 6월 3일 16시,토요일,대전광역시 동구 중동,경상사고,0,0,1,0,차대차 - 기타,기타,건조,맑음,단일로 - 기타,승용,남,70세,상해없음,자전거,남,27세,경상
2023060300100418,2023년 6월 3일 17시,토요일,대전광역시 유성구 노은동,부상신고사고,0,0,0,1,차대차 - 기타,신호위반,건조,맑음,기타 - 기타,승용,남,38세,상해없음,승용,남,21세,부상신고
2023060300100457,2023년 6월 3일 18시,토요일,대전광역시 유성구 궁동,경상사고,0,0,1,0,차대차 - 기타,안전거리미확보,건조,맑음,단일로 - 기타,승용,남,35세,상해없음,이륜,남,45세,경상
2023060300100480,2023년 6월 3일 19시,토요일,대전광역시 동구 가오동,경상사고,0,0,3,0,차대차 - 추돌,안전운전불이행,건조,맑음,교차로 - 교차로부근,승용,남,37세,상해없음,승용,여,51세,경상
2023060300100554,2023년 6월 3일 22시,토요일,대전광역시 유성구 전민동,중상사고,0,1,1,0,차량단독 - 기타,안전운전불이행,건조,맑음,교차로 - 교차로안,승용,남,19세,기타불명,,,,
2023060300100571,2023년 6월 3일 23시,토요일,대전광역시 서구 탄방동,경상사고,0,0,2,0,차대차 - 측면충돌,안전운전불이행,건조,맑음,단일로 - 기타,승용,남,26세,상해없음,승용,남,24세,경상
2023060300100572,2023년 6월 3일 23시,토요일,대전광역시 유성구 장대동,경상사고,0,0,1,0,차대차 - 기타,안전운전불이행,건조,맑음,교차로 - 교차로부근,승용,여,53세,상해없음,승용,남,27세,경상
2023060300100573,2023년 6월 3일 23시,토요일,대전광역시 유성구 구성동,경상사고,0,0,1,0,차대차 - 기타,안전운전불이행,건조,맑음,교차로 - 교차로안,승용,남,25세,상해없음,승합,남,51세,경상
2023060400100042,2023년 6월 4일 04시,일요일,대전광역시 유성구 관평동,경상사고,0,0,2,0,차대차 - 측면충돌,신호위반,건조,맑음,교차로 - 교차로안,승용,남,55세,기타불명,승용,남,68세,경상
2023060400100073,2023년 6월 4일 08시,일요일,대전광역시 동구 대동,중상사고,0,1,0,0,차대차 - 정면충돌,안전운전불이행,건조,맑음,단일로 - 기타,개인형이동수단(PM),여,26세,중상,승용,여,59세,상해없음
2023060400100098,2023년 6월 4일 09시,일요일,대전광역시 유성구 봉명동,중상사고,0,1,2,0,차대차 - 기타,교차로운행방법위반,건조,맑음,교차로 - 교차로부근,이륜,남,66세,중상,승용,여,59세,경상
2023060400100125,2023년 6월 4일 10시,일요일,대전광역시 중구 오류동,경상사고,0,0,1,0,차대차 - 기타,안전운전불이행,건조,맑음,교차로 - 교차로안,승용,여,58세,상해없음,승용,여,44세,경상
2023060400100175,2023년 6월 4일 12시,일요일,대전광역시 중구 대사동,경상사고,0,0,1,0,차량단독 - 기타,안전운전불이행,건조,맑음,단일로 - 기타,승합,기타불명,미분류,기타불명,,,,