사고번호,사고일시,요일,시군구,사고내용,사망자수,중상자수,경상자수,부상신고자수,사고유형,법규위반,노면상태,기상상태,도로형태,가해운전자 차종,가해운전자 성별,가해운전자 연령,가해운전자 상해정도,피해운전자 차종,피해운전자 성별,피해운전자 연령,피해운전자 상해정도
2023061600100139,2023년 6월 16일 09시,금요일,대전광역시 중구 대흥동,경상사고,0,0,2,0,차대차 - 추돌,안전운전불이행,건조,맑음,단일로 - 기타,승용,남,33세,상해없음,승용,남,23세,경상
2023061600100140,2023년 6월 16일 09시,금요일,대전광역시 중구 오류동,경상사고,0,0,1,0,차대차 - 기타,안전거리미확보,건조,맑음,단일로 - 기타,승용,여,35세,기타불명,승용,여,31세,경상
2023061600100170,2023년 6월 16일 10시,금요일,대전광역시 유성구 전민동,경상사고,0,0,1,0,차대차 - 추돌,안전운전불이행,건조,맑음,단일로 - 기타,승용,여,32세,상해없음,승용,여,44세,경상
2023061600100214,2023년 6월 16일 11시,금요일,대전광역시 동구 용전동,경상사고,0,0,5,0,차대차 - 측면충돌,안전운전불이행,건조,맑음,교차로 - 교차로안,승합,남,48세,경상,승용,여,57세,경상
2023061600100253,2023년 6월 16일 12시,금요일,대전광역시 서구 정림동,중상사고,0,1,0,0,차대사람 - 기타,안전운전불이행,건조,맑음,단일로 - 기타,승용,남,46세,상해없음,보행자,남,62세,중상
2023061600100336,2023년 6월 16일 14시,금요일,대전광역시 유성구 봉명동,경상사고,0,0,1,0,차대차 - 기타,안전운전불이행,건조,맑음,단일로 - 기타,승용,남,49세,기타불명,화물,남,33세,경상
2023061600100379,2023년 6월 16일 15시,금요일,대전광역시 서구 둔산동,경상사고,0,0,2,0,차대차 - 기타,신호위반,건조,맑음,교차로 - 교차로안,이륜,남,81세,기타불명,승용,여,54세,경상
2023061600100380,2023년 6월 16일 15시,금요일,대전광역시 서구 월평동,경상사고,0,0,1,0,차대차 - 기타,안전운전불이행,건조,맑음,단일로 - 기타,특수,여,37세,상해없음,승용,여,33세,경상
2023061600100381,2023년 6월 16일 15시,금요일,대전광역시 유성구 구암동,중상사고,0,1,2,0,차대차 - 추돌,안전운전불이행,건조,맑음,단일로 - 기타,승용,남,24세,상해없음,승용,남,48세,중상
2023061600100432,2023년 6월 16일 16시,금요일,대전광역시 동구 판암동,경상사고,0,0,1,0,차대차 - 정면충돌,신호위반,건조,맑음,교차로 - 교차로안,승용,남,52세,상해없음,승용,여,42세,경상
2023061600100433,2023년 6월 16일 16시,금요일,대전광역시 서구 도마동,경상사고,0,0,1,0,차대차 - 측면충돌,안전운전불이행,건조,맑음,단일로 - 기타,승용,남,61세,상해없음,승용,남,47세,상해없음
2023061600100434,2023년 6월 16일 16시,금요일,대전광역시 서구 갈마동,경상사고,0,0,1,0,차대차 - 측면충돌,교차로운행방법위반,건조,맑음,교차로 - 교차로부근,승용,남,74세,상해없음,승합,남,21세,경상
2023061600100435,2023년 6월 16일 16시,금요일,대전광역시 유성구 장대동,경상사고,0,0,2,0,차대차 - 측면충돌,안전거리미확보,건조,맑음,단일로 - 기타,승용,여,31세,기타불명,승용,여,28세,경상
2023061600100499,2023년 6월 16일 17시,금요일,대전광역시 중구 대흥동,경상사고,0,0,1,0,차대차 - 기타,교차로운행방법위반,건조,맑음,교차로 - 교차로안,승용,남,39세,상해없음,승용,남,46세,경상
2023061600100596,2023년 6월 16일 19시,금요일,대전광역시 동구 삼성동,경상사고,0,0,1,0,차대사람 - 기타,안전운전불이행,건조,맑음,단일로 - 기타,자전거,기타불명,미분류,기타불명,보행자,남,74세,경상
2023061600100618,2023년 6월 16일 20시,금요일,대전광역시 대덕구 비래동,경상사고,0,0,4,0,차대차 - 측면충돌,안전거리미확보,건조,맑음,단일로 - 기타,승용,남,46세,경상,승용,남,43세,경상
2023061600100633,2023년 6월 16일 20시,금요일,대전광역시 서구 둔산동,경상사고,0,0,4,0,차대차 - 기타,안전운전불이행,건조,맑음,교차로 - 교차로안,승용,남,70세,기타불명,승합,남,37세,경상
2023061600100655,2023년 6월 16일 21시,금요일,대전광역시 중구 대흥동,경상사고,0,0,1,0,차대차 - 추돌,신호위반,건조,맑음,교차로 - 교차로안,승용,남,41세,상해없음,이륜,남,28세,경상
2023061600100656,2023년 6월 16일 21시,금요일,대전광역시 동구 자양동,중상사고,0,1,1,0,차대차 - 측면충돌,중앙선침범,건조,맑음,교차로 - 교차로부근,이륜,남,37세,중상,이륜,남,21세,경상
2023061600100677,2023년 6월 16일 22시,금요일,대전광역시 동구 자양동,경상사고,0,0,1,0,차대사람 - 횡단중,보행자보호의무위반,건조,맑음,교차로 - 교차로횡단보도내,이륜,남,43세,상해없음,보행자,남,59세,경상
2023061600100678,2023년 6월 16일 22시,금요일,대전광역시 서구 탄방동,중상사고,0,1,0,0,차대차 - 기타,신호위반,건조,맑음,교차로 - 교차로횡단보도내,승용,남,64세,상해없음,자전거,여,59세,중상
2023061600100702,2023년 6월 16일 23시,금요일,대전광역시 서구 도마동,중상사고,0,1,0,0,차대사람 - 기타,안전운전불이행,건조,맑음,단일로 - 기타,승용,여,57세,상해없음,보행자,남,54세,중상
2023061600100703,2023년 6월 16일 23시,금요일,대전광역시 대덕구 오정동,경상사고,0,0,1,0,차대차 - 기타,안전거리미확보,건조,흐림,단일로 - 기타,화물,남,46세,상해없음,승용,남,30세,경상
2023061700100094,2023년 6월 17일 07시,토요일,대전광역시 중구 대흥동,경상사고,0,0,1,0,차대사람 - 기타,기타,건조,맑음,단일로 - 기타,승용,남,54세,상해없음,보행자,남,11세,경상
2023061700100107,2023년 6월 17일 08시,토요일,대전광역시 대덕구 송촌동,경상사고,0,0,1,0,차대차 - 기타,안전운전불이행,건조,맑음,기타 - 기타,기타불명,기타불명,미분류,기타불명,승용,남,50세,상해없음
2023061700100147,2023년 6월 17일 09시,토요일,대전광역시 동구 삼성동,경상사고,0,0,1,0,차대차 - 측면충돌,신호위반,건조,맑음,교차로 - 교차로안,자전거,남,88세,경상,승용,남,58세,상해없음
2023061700100148,2023년 6월 17일 09시,토요일,대전광역시 서구 괴정동,경상사고,0,0,1,0,차대차 - 기타,안전거리미확보,건조,맑음,단일로 - 기타,승용,여,66세,상해없음,승용,남,34세,경상
2023061700100149,2023년 6월 17일 09시,토요일,대전광역시 대덕구 오정동,경상사고,0,0,1,0,차대차 - 측면충돌,안전운전불이행,건조,맑음,단일로 - 기타,화물,남,66세,상해없음,승용,남,59세,경상
2023061700100188,2023년 6월 17일 10시,토요일,대전광역시 동구 신흥동,경상사고,0,0,1,0,차대사람 - 기타,신호위반,건조,맑음,교차로 - 교차로안,승용,남,56세,상해없음,보행자,여,49세,경상
2023061700100189,2023년 6월 17일 10시,토요일,대전광역시 서구 둔산동,경상사고,0,0,1,0,차대차 - 추돌,안전운전불이행,건조,맑음,단일로 - 기타,화물,남,57세,상해없음,승용,남,51세,경상
2023061700100324,2023년 6월 17일 13시,토요일,대전광역시 중구 은행동,경상사고,0,0,1,0,차대사람 - 기타,안전운전불이행,건조,맑음,교차로 - 교차로안,승용,남,26세,상해없음,보행자,남,19세,경상
2023061700100325,2023년 6월 17일 13시,토요일,대전광역시 서구 용문동,경상사고,0,0,2,0,차대차 - 기타,안전거리미확보,건조,맑음,단일로 - 기타,승용,남,73세,상해없음,특수,남,50세,경상
2023061700100401,2023년 6월 17일 15시,토요일,대전광역시 동구 홍도동,경상사고,0,0,1,0,차대차 - 정면충돌,안전운전불이행,건조,맑음,단일로 - 기타,이륜,남,28세,상해없음,승용,남,26세,경상
2023061700100486,2023년 6월 17일 17시,토요일,대전광역시 중구 오류동,경상사고,0,0,3,0,차대차 - 기타,안전운전불이행,건조,맑음,교차로 - 교차로부근,화물,남,66세,상해없음,승용,남,55세,경상
2023061700100521,2023년 6월 17일 18시,토요일,대전광역시 대덕구 중리동,경상사고,0,0,1,0,차대차 - 기타,안전거리미확보,건조,맑음,단일로 - 기타,승용,남,62세,상해없음,원동기,남,43세,경상
2023061700100560,2023년 6월 17일 20시,토요일,대전광역시 중구 선화동,경상사고,0,0,1,0,차대차 - 추돌,안전운전불이행,건조,맑음,교차로 - 교차로부근,이륜,남,59세,상해없음,승용,남,35세,경상
2023061700100561,2023년 6월 17일 20시,토요일,대전광역시 대덕구 오정동,경상사고,0,0,1,0,차대차 - 기타,안전운전불이행,건조,맑음,단일로 - 기타,승용,남,73세,상해없음,이륜,남,47세,경상
2023061700100623,2023년 6월 17일 23시,토요일,대전광역시 서구 둔산동,경상사고,0,0,1,0,차대차 - 측면충돌,안전거리미확보,건조,맑음,단일로 - 기타,승용,남,71세,상해없음,원동기,남,32세,경상
2023061800100013,2023년 6월 18일 00시,일요일,대전광역시 대덕구 중리동,경상사고,0,0,1,0,차대차 - 기타,중앙선침범,건조,맑음,교차로 - 교차로안,승용,남,28세,상해없음,이륜,남,37세,경상
2023061800100024,2023년 6월 18일 01시,일요일,대전광역시 동구 성남동,경상사고,0,0,1,0,차대차 - 기타,안전운전불이행,건조,맑음,교차로 - 교차로횡단보도내,승용,남,61세,상해없음,승용,여,28세,경상
2023061800100082,2023년 6월 18일 08시,일요일,대전광역시 중구 태평동,경상사고,0,0,1,0,차대차 - 기타,안전거리미확보,건조,맑음,교차로 - 교차로부근,승용,여,55세,상해없음,승용,여,52세,경상
2023061800100095,2023년 6월 18일 09시,일요일,대전광역시 대덕구 중리동,경상사고,0,0,1,0,차대사람 - 기타,안전운전불이행,건조,맑음,교차로 - 교차로안,승용,남,61세,상해없음,보행자,남,9세,경상
2023061800100164,2023년 6월 18일 12시,일요일,대전광역시 서구 둔산동,경상사고,0,0,1,0,차대차 - 기타,신호위반,건조,맑음,단일로 - 기타,이륜,남,33세,상해없음,이륜,남,26세,경상
2023061800100165,2023년 6월 18일 12시,일요일,대전광역시 유성구 장대동,부상신고사고,0,0,0,1,차대차 - 기타,안전운전불이행,건조,맑음,단일로 - 기타,승용,남,74세,상해없음,승용,남,34세,부상신고
2023061800100166,2023년 6월 18일 12시,일요일,대전광역시 유성구 장대동,경상사고,0,0,3,0,차대차 - 기타,안전운전불이행,건조,맑음,교차로 - 교차로부근,이륜,남,34세,상해없음,승용,여,49세,경상
2023061800100229,2023년 6월 18일 14시,일요일,대전광역시 중구 대흥동,중상사고,0,1,0,0,차대차 - 기타,안전거리미확보,건조,맑음,단일로 - 기타,승용,남,28세,상해없음,이륜,남,18세,중상
2023061800100230,2023년 6월 18일 14시,일요일,대전광역시 서구 정림동,경상사고,0,0,1,0,차대차 - 측면충돌,안전운전불이행,건조,맑음,기타 - 기타,승용,여,61세,상해없음,승용,남,40세,경상
2023061800100231,2023년 6월 18일 14시,일요일,대전광역시 대덕구 법동,경상사고,0,0,2,0,차대차 - 정면충돌,교차로운행방법위반,건조,맑음,단일로 - 기타,승용,여,68세,상해없음,승용,남,28세,경상
2023061800100323,2023년 6월 18일 17시,일요일,대전광역시 서구 도마동,사망사고,1,0,0,0,차대사람 - 기타,안전운전불이행,건조,맑음,단일로 - 기타,승용,여,65세,상해없음,보행자,여,84세,사망
2023061800100350,2023년 6월 18일 18시,일요일,대전광역시 대덕구 법동,경상사고,0,0,1,0,차대차 - 측면충돌,안전운전불이행,건조,맑음,단일로 - 기타,이륜,남,25세,상해없음,이륜,여,62세,경상
2023061800100377,2023년 6월 18일 19시,일요일,대전광역시 중구 부사동,경상사고,0,0,1,0,차대차 - 측면충돌,안전운전불이행,건조,맑음,교차로 - 교차로횡단보도내,승용,남,74세,상해없음,자전거,남,73세,경상
2023061800100378,2023년 6월 18일 19시,일요일,대전광역시 서구 용문동,경상사고,0,0,1,0,차대차 - 기타,안전거리미확보,건조,맑음,교차로 - 교차로부근,승용,남,79세,상해없음,승용,남,29세,경상
2023061800100406,2023년 6월 18일 20시,일요일,대전광역시 서구 월평동,중상사고,0,1,0,0,차대차 - 기타,신호위반,건조,맑음,교차로 - 교차로횡단보도내,이륜,남,50세,기타불명,자전거,남,69세,중상
2023061800100432,2023년 6월 18일 22시,일요일,대전광역시 동구 자양동,경상사고,0,0,1,0,차대차 - 측면충돌,안전운전불이행,건조,맑음,교차로 - 교차로안,원동기,남,48세,상해없음,승용,여,42세,경상
2023061800100445,2023년 6월 18일 23시,일요일,대전광역시 유성구 궁동,경상사고,0,0,1,0,차대차 - 측면충돌,안전거리미확보,건조,맑음,교차로 - 교차로부근,승용,남,54세,상해없음,승용,남,43세,경상
2023061900100009,2023년 6월 19일 00시,월요일,대전광역시 서구 괴정동,경상사고,0,0,2,0,차대차 - 기타,안전운전불이행,건조,맑음,교차로 - 교차로안,승용,남,24세,상해없음,승용,남,19세,경상
2023061900100050,2023년 6월 19일 06시,월요일,대전광역시 서구 괴정동,중상사고,0,1,0,0,차대사람 - 기타,안전운전불이행,건조,맑음,교차로 - 교차로안,화물,남,55세,상해없음,보행자,여,27세,중상
2023061900100078,2023년 6월 19일 07시,월요일,대전광역시 유성구 덕명동,경상사고,0,0,2,0,차대차 - 기타,안전운전불이행,건조,맑음,단일로 - 기타,화물,남,51세,상해없음,화물,남,66세,경상
2023061900100128,2023년 6월 19일 08시,월요일,대전광역시 중구 오류동,경상사고,0,0,1,0,차대차 - 기타,안전거리미확보,건조,맑음,단일로 - 기타,승용,여,35세,상해없음,승용,여,31세,경상
2023061900100129,2023년 6월 19일 08시,월요일,대전광역시 동구 천동,경상사고,0,0,1,0,차대차 - 추돌,안전거리미확보,건조,맑음,교차로 - 교차로부근,승용,남,50세,상해없음,승용,여,36세,경상
2023061900100130,2023년 6월 19일 08시,월요일,대전광역시 대덕구 송촌동,경상사고,0,0,1,0,차대차 - 정면충돌,중앙선침범,건조,맑음,단일로 - 기타,승용,남,30세,상해없음,승용,여,33세,경상
2023061900100131,2023년 6월 19일 08시,월요일,대전광역시 유성구 관평동,중상사고,0,1,0,0,차대사람 - 횡단중,안전운전불이행,건조,맑음,교차로 - 교차로부근,승용,여,27세,상해없음,보행자,남,14세,중상
2023061900100247,2023년 6월 19일 11시,월요일,대전광역시 중구 대흥동,중상사고,0,1,0,0,차대사람 - 기타,안전운전불이행,건조,맑음,단일로 - 기타,원동기,남,58세,상해없음,보행자,여,58세,중상
2023061900100248,2023년 6월 19일 11시,월요일,대전광역시 서구 변동,중상사고,0,1,0,0,차대차 - 기타,안전거리미확보,건조,맑음,교차로 - 교차로부근,승용,여,65세,기타불명,이륜,남,33세,중상
2023061900100249,2023년 6월 19일 11시,월요일,대전광역시 서구 둔산동,경상사고,0,0,1,0,차대차 - 기타,안전운전불이행,건조,맑음,교차로 - 교차로안,화물,남,77세,기타불명,승용,여,38세,경상
2023061900100417,2023년 6월 19일 15시,월요일,대전광역시 대덕구 송촌동,경상사고,0,0,1,0,차대차 - 후진중충돌,안전운전불이행,건조,맑음,단일로 - 기타,승용,남,59세,상해없음,승용,남,61세,경상
2023061900100418,2023년 6월 19일 15시,월요일,대전광역시 대덕구 대화동,경상사고,0,0,1,0,차대차 - 기타,안전거리미확보,건조,맑음,교차로 - 교차로안,승용,남,70세,기타불명,승용,남,26세,경상
2023061900100554,2023년 6월 19일 18시,월요일,대전광역시 유성구 상대동,경상사고,0,0,3,0,차대차 - 추돌,안전운전불이행,건조,맑음,단일로 - 기타,승용,남,40세,상해없음,승용,여,55세,경상
2023061900100586,2023년 6월 19일 19시,월요일,대전광역시 동구 판암동,경상사고,0,0,1,0,차대차 - 기타,신호위반,건조,맑음,교차로 - 교차로횡단보도내,승용,여,30세,상해없음,승용,여,24세,경상
2023061900100645,2023년 6월 19일 21시,월요일,대전광역시 서구 가수원동,경상사고,0,0,1,0,차대차 - 기타,안전거리미확보,건조,맑음,단일로 - 기타,승용,남,42세,상해없음,승합,남,31세,경상
2023062000100006,2023년 6월 20일 00시,화요일,대전광역시 서구 둔산동,경상사고,0,0,1,0,차대차 - 측면충돌,신호위반,건조,맑음,교차로 - 교차로안,승용,남,52세,상해없음,승용,남,25세,경상
2023062000100042,2023년 6월 20일 06시,화요일,대전광역시 대덕구 오정동,경상사고,0,0,3,0,차대차 - 기타,신호위반,건조,맑음,교차로 - 교차로부근,승용,남,69세,상해없음,승합,남,44세,경상
2023062000100059,2023년 6월 20일 07시,화요일,대전광역시 동구 대성동,경상사고,0,0,1,0,차대차 - 추돌,안전운전불이행,건조,맑음,교차로 - 교차로부근,승용,남,24세,상해없음,승용,남,76세,경상
2023062000100104,2023년 6월 20일 08시,화요일,대전광역시 동구 대동,경상사고,0,0,1,0,차대차 - 측면충돌,안전운전불이행,건조,맑음,단일로 - 기타,화물,여,43세,상해없음,승용,남,60세,경상
2023062000100139,2023년 6월 20일 09시,화요일,대전광역시 유성구 덕명동,경상사고,0,0,1,0,차대차 - 측면충돌,신호위반,건조,맑음,단일로 - 기타,승용,남,48세,상해없음,승용,여,28세,경상
2023062000100170,2023년 6월 20일 10시,화요일,대전광역시 서구 변동,중상사고,0,1,0,0,차대사람 - 횡단중,보행자보호의무위반,건조,맑음,교차로 - 교차로횡단보도내,승용,여,79세,상해없음,보행자,여,74세,중상
2023062000100202,2023년 6월 20일 11시,화요일,대전광역시 중구 은행동,중상사고,0,1,0,0,차대차 - 기타,교차로운행방법위반,건조,맑음,교차로 - 교차로부근,승용,남,30세,상해없음,승합,남,49세,상해없음
2023062000100238,2023년 6월 20일 12시,화요일,대전광역시 중구 산성동,중상사고,0,1,2,0,차대차 - 기타,안전운전불이행,건조,맑음,교차로 - 교차로안,승용,남,74세,상해없음,승용,남,41세,중상
2023062000100239,2023년 6월 20일 12시,화요일,대전광역시 서구 갈마동,경상사고,0,0,1,0,차대사람 - 기타,안전운전불이행,건조,맑음,단일로 - 기타,승용,여,64세,상해없음,보행자,여,54세,경상
2023062000100240,2023년 6월 20일 12시,화요일,대전광역시 유성구 장대동,경상사고,0,0,3,0,차대차 - 측면충돌,신호위반,건조,맑음,교차로 - 교차로부근,승용,여,51세,상해없음,승용,남,70세,경상
2023062000100304,2023년 6월 20일 14시,화요일,대전광역시 동구 인동,경상사고,0,0,1,0,차대차 - 측면충돌,안전운전불이행,건조,맑음,단일로 - 기타,건설기계,남,65세,상해없음,승용,남,48세,경상
2023062000100305,2023년 6월 20일 14시,화요일,대전광역시 유성구 용계동,중상사고,0,1,0,0,차대차 - 측면충돌,안전거리미확보,건조,맑음,단일로 - 기타,건설기계,남,59세,기타불명,승용,여,40세,중상
2023062000100341,2023년 6월 20일 15시,화요일,대전광역시 유성구 봉명동,경상사고,0,0,1,0,차대차 - 측면충돌,안전운전불이행,건조,맑음,교차로 - 교차로안,화물,남,55세,상해없음,승용,여,40세,경상
2023062000100382,2023년 6월 20일 16시,화요일,대전광역시 유성구 방현동,경상사고,0,0,1,0,차대차 - 기타,안전거리미확보,건조,맑음,교차로 - 교차로부근,승용,남,49세,상해없음,이륜,남,51세,경상
2023062000100424,2023년 6월 20일 17시,화요일,대전광역시 유성구 구암동,경상사고,0,0,3,0,차대차 - 추돌,안전운전불이행,건조,맑음,단일로 - 기타,화물,남,48세,상해없음,화물,남,54세,경상
2023062000100459,2023년 6월 20일 18시,화요일,대전광역시 유성구 구암동,경상사고,0,0,1,0,차대차 - 기타,안전운전불이행,건조,맑음,교차로 - 교차로부근,승합,남,69세,상해없음,승용,남,41세,경상
2023062000100467,2023년 6월 20일 18시,화요일,대전광역시 동구 천동,부상신고사고,0,0,0,1,차대차 - 기타,안전운전불이행,건조,맑음,교차로 - 교차로부근,자전거,남,12세,부상신고,승용,남,35세,상해없음
2023062000100468,2023년 6월 20일 18시,화요일,대전광역시 대덕구 법동,경상사고,0,0,1,0,차대차 - 추돌,안전운전불이행,건조,맑음,단일로 - 기타,승용,여,54세,상해없음,승용,남,65세,경상
2023062000100469,2023년 6월 20일 18시,화요일,대전광역시 서구 둔산동,경상사고,0,0,1,0,차대차 - 후진중충돌,안전운전불이행,건조,맑음,교차로 - 교차로안,승용,여,32세,기타불명,승용,남,50세,경상
2023062000100488,2023년 6월 20일 19시,화요일,대전광역시 중구 안영동,경상사고,0,0,2,0,차대차 - 기타,안전운전불이행,건조,맑음,단일로 - 기타,승용,여,31세,상해없음,승용,여,62세,경상
2023062000100498,2023년 6월 20일 19시,화요일,대전광역시 동구 가오동,경상사고,0,0,1,0,차대차 - 기타,안전운전불이행,건조,맑음,단일로 - 기타,승용,남,32세,상해없음,이륜,남,51세,경상
2023062000100579,2023년 6월 20일 22시,화요일,대전광역시 서구 둔산동,경상사고,0,0,1,0,차대차 - 기타,신호위반,건조,맑음,교차로 - 교차로안,승용,남,25세,상해없음,승용,여,48세,경상
2023062000100580,2023년 6월 20일 22시,화요일,대전광역시 유성구 노은동,경상사고,0,0,2,0,차대차 - 기타,안전운전불이행,건조,맑음,단일로 - 기타,승용,남,30세,경상,승용,남,31세,경상
2023062100100015,2023년 6월 21일 00시,수요일,대전광역시 서구 월평동,중상사고,0,1,0,0,차대사람 - 보도통행중,안전운전불이행,젖음/습기,비,교차로 - 교차로횡단보도내,승용,남,62세,상해없음,보행자,남,46세,중상
2023062100100124,2023년 6월 21일 08시,수요일,대전광역시 중구 문화동,경상사고,0,0,1,0,차대차 - 기타,교차로운행방법위반,건조,맑음,교차로 - 교차로부근,승용,남,54세,상해없음,승합,남,57세,상해없음
2023062100100125,2023년 6월 21일 08시,수요일,대전광역시 서구 만년동,경상사고,0,0,1,0,차대차 - 측면충돌,안전운전불이행,건조,맑음,단일로 - 기타,승용,남,33세,상해없음,승용,남,40세,경상
2023062100100126,2023년 6월 21일 08시,수요일,대전광역시 유성구 둔곡동,경상사고,0,0,2,0,차대차 - 기타,안전운전불이행,젖음/습기,비,교차로 - 교차로부근,승용,여,28세,상해없음,승용,여,52세,경상
2023062100100156,2023년 6월 21일 09시,수요일,대전광역시 동구 중동,경상사고,0,0,1,0,차대차 - 측면충돌,신호위반,건조,맑음,교차로 - 교차로안,승용,남,40세,상해없음,승용,여,31세,경상
2023062100100157,2023년 6월 21일 09시,수요일,대전광역시 대덕구 법동,경상사고,0,0,1,0,차대차 - 기타,안전운전불이행,건조,맑음,교차로 - 교차로부근,승용,여,42세,상해없음,승용,여,54세,경상
2023062100100180,2023년 6월 21일 10시,수요일,대전광역시 동구 가양동,경상사고,0,0,1,0,차대차 - 정면충돌,직진우회전진행방해,건조,맑음,교차로 - 교차로횡단보도내,화물,남,42세,상해없음,자전거,남,53세,경상
2023062100100181,2023년 6월 21일 10시,수요일,대전광역시 서구 탄방동,경상사고,0,0,1,0,차대사람 - 기타,안전운전불이행,건조,맑음,단일로 - 기타,승용,남,43세,상해없음,보행자,남,83세,경상
2023062100100205,2023년 6월 21일 11시,수요일,대전광역시 동구 소제동,경상사고,0,0,1,0,차대사람 - 보도통행중,기타,젖음/습기,비,기타 - 기타,화물,여,56세,상해없음,보행자,여,63세,경상
2023062100100301,2023년 6월 21일 14시,수요일,대전광역시 동구 삼성동,중상사고,0,1,1,0,차대차 - 측면충돌,안전운전불이행,건조,맑음,기타 - 기타,화물,남,67세,상해없음,이륜,남,78세,중상
2023062100100303,2023년 6월 21일 14시,수요일,대전광역시 유성구 장대동,부상신고사고,0,0,0,1,차대사람 - 기타,안전운전불이행,건조,맑음,단일로 - 기타,승용,여,62세,상해없음,보행자,남,26세,부상신고
2023062100100333,2023년 6월 21일 15시,수요일,대전광역시 서구 복수동,경상사고,0,0,4,0,차대차 - 기타,교차로운행방법위반,건조,흐림,교차로 - 교차로안,승용,남,57세,경상,승용,남,53세,경상
2023062100100334,2023년 6월 21일 15시,수요일,대전광역시 유성구 봉명동,경상사고,0,0,2,0,차대차 - 기타,안전운전불이행,건조,맑음,단일로 - 기타,승용,남,60세,상해없음,승용,남,68세,경상
2023062100100396,2023년 6월 21일 17시,수요일,대전광역시 중구 부사동,경상사고,0,0,1,0,차대차 - 측면충돌,안전거리미확보,건조,맑음,단일로 - 기타,승용,남,29세,상해없음,승용,여,29세,경상
2023062100100397,2023년 6월 21일 17시,수요일,대전광역시 동구 가양동,중상사고,0,1,0,0,차대사람 - 기타,안전운전불이행,건조,맑음,단일로 - 기타,승용,여,50세,상해없음,보행자,여,59세,중상
2023062100100398,2023년 6월 21일 17시,수요일,대전광역시 유성구 구암동,경상사고,0,0,2,0,차대차 - 측면충돌,교차로운행방법위반,건조,맑음,교차로 - 교차로안,이륜,남,23세,경상,승용,여,47세,경상
2023062100100439,2023년 6월 21일 18시,수요일,대전광역시 서구 도안동,경상사고,0,0,1,0,차대차 - 측면충돌,안전운전불이행,건조,맑음,기타 - 기타,승용,남,30세,기타불명,승용,남,37세,경상
2023062100100440,2023년 6월 21일 18시,수요일,대전광역시 유성구 화암동,경상사고,0,0,1,0,차대차 - 측면충돌,교차로운행방법위반,건조,흐림,교차로 - 교차로안,승용,남,59세,상해없음,승용,여,26세,경상
2023062100100441,2023년 6월 21일 18시,수요일,대전광역시 유성구 봉명동,경상사고,0,0,1,0,차대차 - 정면충돌,안전운전불이행,건조,맑음,단일로 - 기타,승용,여,72세,상해없음,승용,여,39세,경상
2023062100100483,2023년 6월 21일 20시,수요일,대전광역시 대덕구 오정동,경상사고,0,0,1,0,차대차 - 기타,교차로운행방법위반,건조,맑음,교차로 - 교차로안,승용,여,41세,상해없음,승용,남,30세,경상
2023062100100484,2023년 6월 21일 20시,수요일,대전광역시 서구 갈마동,경상사고,0,0,1,0,차대차 - 기타,안전운전불이행,건조,맑음,교차로 - 교차로안,승용,남,60세,상해없음,이륜,남,23세,경상
2023062100100485,2023년 6월 21일 20시,수요일,대전광역시 유성구 노은동,중상사고,0,1,0,0,차대사람 - 횡단중,안전운전불이행,건조,맑음,단일로 - 기타,승용,남,36세,기타불명,보행자,남,54세,중상
2023062100100486,2023년 6월 21일 20시,수요일,대전광역시 유성구 봉명동,경상사고,0,0,1,2,차대차 - 측면충돌,교차로운행방법위반,건조,맑음,교차로 - 교차로안,이륜,남,51세,경상,승용,남,28세,부상신고
2023062100100511,2023년 6월 21일 21시,수요일,대전광역시 유성구 궁동,경상사고,0,0,2,0,차대차 - 추돌,중앙선침범,건조,맑음,단일로 - 기타,승용,남,66세,상해없음,승용,남,25세,경상
2023062100100529,2023년 6월 21일 22시,수요일,대전광역시 유성구 외삼동,경상사고,0,0,1,0,차대차 - 측면충돌,안전거리미확보,건조,맑음,단일로 - 기타,승용,여,30세,경상,승용,남,72세,상해없음
2023062200100010,2023년 6월 22일 00시,목요일,대전광역시 서구 갈마동,경상사고,0,0,1,0,차대차 - 측면충돌,교차로운행방법위반,건조,맑음,교차로 - 교차로안,승용,남,66세,상해없음,개인형이동수단(PM),여,19세,경상
2023062200100079,2023년 6월 22일 07시,목요일,대전광역시 동구 중동,경상사고,0,0,1,0,차대사람 - 기타,안전운전불이행,건조,맑음,단일로 - 기타,승합,남,55세,상해없음,보행자,여,84세,경상
2023062200100126,2023년 6월 22일 08시,목요일,대전광역시 유성구 구암동,경상사고,0,0,1,0,차대차 - 기타,안전운전불이행,건조,맑음,단일로 - 터널,승용,남,28세,기타불명,승용,여,56세,경상
2023062200100160,2023년 6월 22일 09시,목요일,대전광역시 서구 둔산동,경상사고,0,0,1,0,차대차 - 기타,안전운전불이행,건조,맑음,교차로 - 교차로횡단보도내,개인형이동수단(PM),여,23세,상해없음,이륜,남,60세,경상
2023062200100212,2023년 6월 22일 11시,목요일,대전광역시 동구 소제동,부상신고사고,0,0,0,4,차대차 - 측면충돌,안전운전불이행,건조,맑음,단일로 - 기타,승용,남,66세,상해없음,승용,남,37세,부상신고