사고번호,사고일시,요일,시군구,사고내용,사망자수,중상자수,경상자수,부상신고자수,사고유형,법규위반,노면상태,기상상태,도로형태,가해운전자 차종,가해운전자 성별,가해운전자 연령,가해운전자 상해정도,피해운전자 차종,피해운전자 성별,피해운전자 연령,피해운전자 상해정도
2023062200100213,2023년 6월 22일 11시,목요일,대전광역시 서구 둔산동,경상사고,0,0,2,0,차대차 - 추돌,안전운전불이행,건조,맑음,단일로 - 기타,건설기계,남,68세,상해없음,승용,남,48세,경상
2023062200100214,2023년 6월 22일 11시,목요일,대전광역시 유성구 갑동,경상사고,0,0,1,0,차대차 - 측면충돌,안전운전불이행,건조,맑음,교차로 - 교차로안,화물,남,43세,상해없음,승용,여,59세,경상
2023062200100269,2023년 6월 22일 13시,목요일,대전광역시 서구 괴정동,경상사고,0,0,1,0,차대차 - 기타,안전운전불이행,건조,맑음,교차로 - 교차로안,이륜,남,33세,상해없음,이륜,여,41세,경상
2023062200100270,2023년 6월 22일 13시,목요일,대전광역시 서구 관저동,경상사고,0,0,1,0,차대차 - 기타,안전운전불이행,건조,맑음,단일로 - 기타,승용,여,52세,상해없음,승용,남,21세,경상
2023062200100271,2023년 6월 22일 13시,목요일,대전광역시 대덕구 오정동,경상사고,0,0,1,0,차대차 - 측면충돌,교차로운행방법위반,건조,맑음,교차로 - 교차로횡단보도내,승용,남,80세,상해없음,승용,남,46세,경상
2023062200100272,2023년 6월 22일 13시,목요일,대전광역시 유성구 자운동,경상사고,0,0,1,0,차대차 - 기타,안전운전불이행,건조,맑음,교차로 - 교차로부근,승용,남,77세,상해없음,승용,남,48세,경상
2023062200100306,2023년 6월 22일 14시,목요일,대전광역시 중구 중촌동,중상사고,0,1,0,0,차대차 - 기타,안전운전불이행,건조,맑음,교차로 - 교차로안,화물,남,48세,상해없음,승용,남,68세,중상
2023062200100307,2023년 6월 22일 14시,목요일,대전광역시 동구 성남동,경상사고,0,0,1,0,차대차 - 기타,안전운전불이행,건조,맑음,교차로 - 교차로부근,승용,여,65세,상해없음,이륜,남,20세,경상
2023062200100308,2023년 6월 22일 14시,목요일,대전광역시 서구 괴정동,경상사고,0,0,1,0,차대차 - 기타,안전운전불이행,건조,맑음,교차로 - 교차로횡단보도내,승용,여,47세,상해없음,자전거,남,53세,경상
2023062200100374,2023년 6월 22일 16시,목요일,대전광역시 대덕구 법동,경상사고,0,0,2,0,차대차 - 추돌,안전거리미확보,건조,맑음,단일로 - 지하차도(도로)내,승용,남,70세,상해없음,승용,여,54세,경상
2023062200100423,2023년 6월 22일 17시,목요일,대전광역시 중구 유천동,경상사고,0,0,1,0,차대차 - 기타,안전운전불이행,건조,맑음,단일로 - 기타,승용,남,31세,상해없음,자전거,남,12세,경상
2023062200100424,2023년 6월 22일 17시,목요일,대전광역시 대덕구 문평동,중상사고,0,1,0,0,차대차 - 기타,안전운전불이행,건조,맑음,교차로 - 교차로안,승용,여,53세,상해없음,자전거,남,63세,중상
2023062200100425,2023년 6월 22일 17시,목요일,대전광역시 대덕구 문평동,경상사고,0,0,1,0,차대차 - 기타,안전운전불이행,건조,맑음,교차로 - 교차로안,승용,남,49세,상해없음,자전거,남,42세,경상
2023062200100426,2023년 6월 22일 17시,목요일,대전광역시 서구 둔산동,경상사고,0,0,2,0,차대차 - 기타,안전운전불이행,건조,맑음,교차로 - 교차로부근,승용,여,30세,기타불명,승용,여,28세,경상
2023062200100427,2023년 6월 22일 17시,목요일,대전광역시 유성구 외삼동,경상사고,0,0,1,0,차대차 - 추돌,안전운전불이행,건조,맑음,기타 - 기타,승용,남,35세,상해없음,승용,여,29세,경상
2023062200100428,2023년 6월 22일 17시,목요일,대전광역시 유성구 구암동,중상사고,0,1,0,0,차대사람 - 보도통행중,신호위반,건조,맑음,교차로 - 교차로횡단보도내,원동기,남,88세,상해없음,보행자,여,69세,중상
2023062200100513,2023년 6월 22일 19시,목요일,대전광역시 유성구 봉명동,경상사고,0,0,2,0,차대차 - 측면충돌,신호위반,건조,맑음,교차로 - 교차로안,승용,여,69세,상해없음,이륜,남,26세,경상
2023062200100537,2023년 6월 22일 20시,목요일,대전광역시 동구 용전동,경상사고,0,0,1,0,차대차 - 기타,안전운전불이행,건조,맑음,교차로 - 교차로부근,승합,남,56세,상해없음,승용,남,54세,경상
2023062200100538,2023년 6월 22일 20시,목요일,대전광역시 서구 월평동,경상사고,0,0,2,0,차대차 - 기타,안전운전불이행,건조,맑음,단일로 - 기타,승용,남,64세,상해없음,승용,남,30세,경상
2023062200100562,2023년 6월 22일 21시,목요일,대전광역시 대덕구 송촌동,경상사고,0,0,1,0,차대차 - 추돌,안전운전불이행,건조,맑음,단일로 - 기타,이륜,남,31세,상해없음,승용,여,48세,경상
2023062200100581,2023년 6월 22일 22시,목요일,대전광역시 서구 괴정동,경상사고,0,0,1,0,차대사람 - 기타,안전운전불이행,건조,맑음,단일로 - 기타,승용,남,47세,상해없음,보행자,남,32세,경상
2023062200100601,2023년 6월 22일 23시,목요일,대전광역시 서구 둔산동,경상사고,0,0,1,0,차대차 - 기타,신호위반,건조,맑음,교차로 - 교차로부근,이륜,남,30세,기타불명,승용,여,38세,경상
2023062300100070,2023년 6월 23일 07시,금요일,대전광역시 동구 대성동,경상사고,0,0,1,0,차대차 - 기타,안전거리미확보,건조,맑음,교차로 - 교차로부근,승용,남,34세,상해없음,승용,남,41세,경상
2023062300100116,2023년 6월 23일 08시,금요일,대전광역시 유성구 구암동,중상사고,0,1,0,0,차대차 - 기타,안전운전불이행,건조,맑음,교차로 - 교차로횡단보도내,승용,남,41세,상해없음,자전거,남,62세,중상
2023062300100171,2023년 6월 23일 10시,금요일,대전광역시 대덕구 비래동,경상사고,0,0,1,0,차대차 - 측면충돌,안전운전불이행,건조,맑음,단일로 - 기타,화물,남,66세,기타불명,승합,남,40세,경상
2023062300100188,2023년 6월 23일 10시,금요일,대전광역시 유성구 계산동,중상사고,0,1,2,0,차대차 - 기타,안전거리미확보,건조,맑음,기타 - 기타,건설기계,남,62세,기타불명,승용,여,60세,중상
2023062300100228,2023년 6월 23일 11시,금요일,대전광역시 동구 용전동,경상사고,0,0,1,0,차대차 - 측면충돌,안전거리미확보,건조,맑음,단일로 - 기타,승용,남,75세,상해없음,승용,여,62세,경상
2023062300100229,2023년 6월 23일 11시,금요일,대전광역시 서구 갈마동,부상신고사고,0,0,0,1,차대차 - 기타,안전운전불이행,건조,맑음,단일로 - 기타,승용,여,43세,상해없음,승용,여,40세,부상신고
2023062300100377,2023년 6월 23일 15시,금요일,대전광역시 중구 부사동,경상사고,0,0,1,0,차대사람 - 보도통행중,기타,건조,맑음,기타 - 기타,이륜,여,66세,상해없음,보행자,여,23세,경상
2023062300100378,2023년 6월 23일 15시,금요일,대전광역시 중구 오류동,경상사고,0,0,1,0,차대사람 - 횡단중,보행자보호의무위반,건조,맑음,단일로 - 기타,승용,남,62세,상해없음,보행자,여,98세 이상,경상
2023062300100379,2023년 6월 23일 15시,금요일,대전광역시 서구 괴정동,경상사고,0,0,3,0,차대차 - 기타,안전거리미확보,건조,맑음,단일로 - 기타,승용,남,45세,상해없음,승용,남,19세,경상
2023062300100380,2023년 6월 23일 15시,금요일,대전광역시 유성구 방동,경상사고,0,0,2,0,차대차 - 기타,안전거리미확보,건조,맑음,단일로 - 기타,승용,남,66세,상해없음,승용,여,28세,경상
2023062300100418,2023년 6월 23일 16시,금요일,대전광역시 중구 옥계동,중상사고,0,2,0,0,차대차 - 정면충돌,신호위반,건조,맑음,교차로 - 교차로안,승용,남,51세,기타불명,승용,남,80세,중상
2023062300100419,2023년 6월 23일 16시,금요일,대전광역시 대덕구 평촌동,경상사고,0,0,2,0,차대차 - 추돌,안전운전불이행,건조,맑음,교차로 - 교차로부근,승용,남,37세,상해없음,승용,남,23세,경상
2023062300100420,2023년 6월 23일 16시,금요일,대전광역시 서구 둔산동,경상사고,0,0,1,0,차대차 - 기타,안전운전불이행,건조,맑음,단일로 - 기타,승용,여,39세,상해없음,승용,남,54세,경상
2023062300100421,2023년 6월 23일 16시,금요일,대전광역시 유성구 죽동,중상사고,0,1,0,0,차대사람 - 횡단중,보행자보호의무위반,건조,맑음,교차로 - 교차로횡단보도내,승용,남,28세,상해없음,보행자,여,67세,중상
2023062300100471,2023년 6월 23일 17시,금요일,대전광역시 중구 중촌동,중상사고,0,1,1,0,차대차 - 추돌,안전거리미확보,건조,맑음,교차로 - 교차로안,승용,남,68세,상해없음,화물,남,35세,경상
2023062300100472,2023년 6월 23일 17시,금요일,대전광역시 중구 대흥동,경상사고,0,0,2,0,차대차 - 기타,안전거리미확보,건조,맑음,단일로 - 기타,승용,남,55세,기타불명,승용,남,36세,경상
2023062300100473,2023년 6월 23일 17시,금요일,대전광역시 동구 대동,경상사고,0,0,1,0,차대차 - 측면충돌,안전운전불이행,건조,맑음,교차로 - 교차로안,승용,남,52세,상해없음,승합,남,38세,상해없음
2023062300100474,2023년 6월 23일 17시,금요일,대전광역시 서구 복수동,중상사고,0,1,0,0,차대사람 - 기타,안전운전불이행,건조,맑음,단일로 - 기타,자전거,남,17세,상해없음,보행자,남,14세,중상
2023062300100475,2023년 6월 23일 17시,금요일,대전광역시 서구 괴정동,중상사고,0,1,0,0,차대차 - 정면충돌,안전운전불이행,건조,맑음,단일로 - 기타,이륜,남,32세,상해없음,기타불명,남,82세,중상
2023062300100476,2023년 6월 23일 17시,금요일,대전광역시 서구 용문동,경상사고,0,0,1,0,차대차 - 측면충돌,안전운전불이행,건조,맑음,교차로 - 교차로횡단보도내,승용,여,65세,상해없음,자전거,남,15세,경상
2023062300100477,2023년 6월 23일 17시,금요일,대전광역시 서구 복수동,경상사고,0,0,1,0,차대사람 - 기타,안전운전불이행,건조,맑음,교차로 - 교차로안,승용,여,39세,상해없음,보행자,여,67세,경상
2023062300100478,2023년 6월 23일 17시,금요일,대전광역시 대덕구 오정동,중상사고,0,2,0,0,차대차 - 측면충돌,안전운전불이행,건조,맑음,단일로 - 고가도로위,승용,남,31세,상해없음,승용,여,54세,중상
2023062300100479,2023년 6월 23일 17시,금요일,대전광역시 유성구 장대동,경상사고,0,0,1,0,차대차 - 기타,안전거리미확보,건조,맑음,단일로 - 기타,화물,남,26세,기타불명,승용,여,50세,경상
2023062300100536,2023년 6월 23일 18시,금요일,대전광역시 동구 판암동,경상사고,0,0,1,0,차대차 - 측면충돌,안전운전불이행,건조,맑음,단일로 - 기타,승용,남,62세,상해없음,자전거,남,14세,경상
2023062300100537,2023년 6월 23일 18시,금요일,대전광역시 대덕구 오정동,경상사고,0,0,1,0,차대차 - 기타,안전거리미확보,건조,맑음,기타 - 기타,승용,여,34세,상해없음,승용,남,29세,경상
2023062300100538,2023년 6월 23일 18시,금요일,대전광역시 서구 둔산동,경상사고,0,0,1,0,차대차 - 측면충돌,안전거리미확보,건조,맑음,기타 - 기타,승용,남,52세,기타불명,승용,남,29세,경상
2023062300100575,2023년 6월 23일 19시,금요일,대전광역시 중구 문화동,부상신고사고,0,0,0,1,차대차 - 기타,직진우회전진행방해,건조,맑음,교차로 - 교차로부근,이륜,남,25세,부상신고,승용,남,53세,상해없음
2023062300100608,2023년 6월 23일 20시,금요일,대전광역시 서구 변동,경상사고,0,0,1,0,차대사람 - 기타,안전운전불이행,건조,맑음,단일로 - 기타,화물,남,66세,상해없음,보행자,여,17세,경상
2023062300100631,2023년 6월 23일 21시,금요일,대전광역시 서구 관저동,경상사고,0,0,2,0,차대차 - 추돌,안전운전불이행,건조,맑음,교차로 - 교차로안,승용,남,50세,상해없음,승용,여,48세,경상
2023062300100651,2023년 6월 23일 22시,금요일,대전광역시 서구 복수동,경상사고,0,0,1,0,차대사람 - 기타,보행자보호의무위반,건조,맑음,단일로 - 기타,승합,남,49세,상해없음,보행자,여,51세,경상
2023062300100652,2023년 6월 23일 22시,금요일,대전광역시 서구 용문동,경상사고,0,0,1,0,차대사람 - 기타,기타,건조,맑음,단일로 - 기타,개인형이동수단(PM),남,14세,상해없음,보행자,남,44세,경상
2023062300100653,2023년 6월 23일 22시,금요일,대전광역시 서구 정림동,부상신고사고,0,0,0,1,차대차 - 측면충돌,안전운전불이행,건조,맑음,교차로 - 교차로안,승용,남,65세,기타불명,승용,남,32세,부상신고
2023062300100654,2023년 6월 23일 22시,금요일,대전광역시 서구 탄방동,경상사고,0,0,1,0,차대차 - 측면충돌,안전거리미확보,건조,맑음,교차로 - 교차로부근,승용,남,50세,상해없음,승용,남,51세,경상
2023062400100022,2023년 6월 24일 02시,토요일,대전광역시 서구 정림동,경상사고,0,0,1,0,차대차 - 추돌,기타,건조,맑음,단일로 - 교량,승용,남,41세,상해없음,승용,남,25세,경상
2023062400100023,2023년 6월 24일 02시,토요일,대전광역시 서구 만년동,경상사고,0,0,1,0,차대차 - 기타,신호위반,건조,맑음,교차로 - 교차로안,화물,남,55세,상해없음,승용,여,42세,경상
2023062400100228,2023년 6월 24일 12시,토요일,대전광역시 동구 천동,경상사고,0,0,1,0,차대사람 - 횡단중,안전운전불이행,건조,맑음,단일로 - 기타,화물,남,80세,상해없음,보행자,남,72세,경상
2023062400100275,2023년 6월 24일 13시,토요일,대전광역시 서구 탄방동,경상사고,0,0,7,0,차대차 - 측면충돌,안전거리미확보,건조,맑음,단일로 - 기타,승용,남,66세,상해없음,승용,남,37세,경상
2023062400100316,2023년 6월 24일 14시,토요일,대전광역시 동구 가양동,경상사고,0,0,1,0,차대차 - 측면충돌,안전거리미확보,건조,맑음,교차로 - 교차로부근,승용,남,25세,상해없음,이륜,남,66세,경상
2023062400100317,2023년 6월 24일 14시,토요일,대전광역시 유성구 구암동,경상사고,0,0,2,0,차대차 - 측면충돌,안전운전불이행,건조,맑음,교차로 - 교차로안,승용,여,24세,기타불명,승용,여,51세,경상
2023062400100358,2023년 6월 24일 15시,토요일,대전광역시 유성구 학하동,경상사고,0,0,1,0,차대차 - 기타,안전운전불이행,건조,맑음,교차로 - 교차로안,승용,남,69세,상해없음,자전거,남,59세,경상
2023062400100398,2023년 6월 24일 16시,토요일,대전광역시 대덕구 읍내동,경상사고,0,0,2,0,차대차 - 측면충돌,안전거리미확보,건조,맑음,단일로 - 기타,화물,남,75세,상해없음,승용,남,60세,경상
2023062400100399,2023년 6월 24일 16시,토요일,대전광역시 서구 갈마동,경상사고,0,0,1,0,차대차 - 측면충돌,교차로운행방법위반,건조,맑음,교차로 - 교차로안,자전거,남,18세,상해없음,승용,남,59세,경상
2023062400100400,2023년 6월 24일 16시,토요일,대전광역시 서구 둔산동,경상사고,0,0,2,0,차대차 - 기타,안전운전불이행,건조,맑음,교차로 - 교차로안,승용,여,43세,기타불명,승용,남,71세,경상
2023062400100438,2023년 6월 24일 17시,토요일,대전광역시 대덕구 송촌동,경상사고,0,0,1,0,차대사람 - 기타,안전운전불이행,건조,맑음,교차로 - 교차로부근,승용,남,53세,상해없음,보행자,여,17세,경상
2023062400100439,2023년 6월 24일 17시,토요일,대전광역시 대덕구 신대동,경상사고,0,0,5,0,차대차 - 측면충돌,안전운전불이행,건조,맑음,단일로 - 고가도로위,화물,남,22세,경상,승용,남,24세,경상
2023062400100468,2023년 6월 24일 18시,토요일,대전광역시 서구 만년동,경상사고,0,0,1,0,차대차 - 기타,신호위반,건조,맑음,교차로 - 교차로안,승용,여,49세,기타불명,승용,여,61세,경상
2023062400100550,2023년 6월 24일 21시,토요일,대전광역시 유성구 봉산동,경상사고,0,0,1,0,차대차 - 기타,안전운전불이행,건조,맑음,교차로 - 교차로부근,승용,여,43세,상해없음,화물,남,38세,경상
2023062400100551,2023년 6월 24일 21시,토요일,대전광역시 유성구 도룡동,경상사고,0,0,3,0,차대차 - 기타,안전거리미확보,건조,맑음,단일로 - 터널,승용,남,46세,상해없음,승용,남,48세,경상
2023062500100060,2023년 6월 25일 06시,일요일,대전광역시 서구 월평동,경상사고,0,0,1,0,차대차 - 기타,안전운전불이행,건조,맑음,단일로 - 기타,화물,남,76세,상해없음,화물,남,33세,경상
2023062500100128,2023년 6월 25일 11시,일요일,대전광역시 중구 안영동,경상사고,0,0,1,0,차대차 - 측면충돌,안전운전불이행,건조,맑음,교차로 - 교차로안,승용,남,65세,상해없음,승용,남,21세,경상
2023062500100154,2023년 6월 25일 12시,일요일,대전광역시 유성구 봉명동,경상사고,0,0,1,0,차대차 - 측면충돌,신호위반,건조,맑음,교차로 - 교차로안,승용,남,79세,상해없음,승용,여,29세,경상
2023062500100155,2023년 6월 25일 12시,일요일,대전광역시 유성구 송강동,중상사고,0,1,0,0,차대차 - 추돌,안전운전불이행,건조,맑음,교차로 - 교차로안,이륜,남,45세,기타불명,승용,여,70세,중상
2023062500100198,2023년 6월 25일 14시,일요일,대전광역시 서구 변동,경상사고,0,0,1,0,차대차 - 기타,교차로운행방법위반,건조,맑음,교차로 - 교차로안,승용,여,65세,상해없음,이륜,남,43세,경상
2023062500100199,2023년 6월 25일 14시,일요일,대전광역시 대덕구 오정동,중상사고,0,1,0,0,차대차 - 측면충돌,안전거리미확보,건조,맑음,단일로 - 기타,승용,여,53세,상해없음,이륜,남,36세,중상
2023062500100200,2023년 6월 25일 14시,일요일,대전광역시 유성구 덕명동,경상사고,0,0,2,0,차대차 - 기타,안전거리미확보,건조,맑음,단일로 - 터널,승용,남,25세,상해없음,승용,남,42세,경상
2023062500100235,2023년 6월 25일 15시,일요일,대전광역시 유성구 안산동,경상사고,0,0,1,0,차대사람 - 기타,안전운전불이행,건조,맑음,단일로 - 기타,자전거,남,18세,기타불명,보행자,남,62세,경상
2023062500100375,2023년 6월 25일 20시,일요일,대전광역시 대덕구 송촌동,경상사고,0,0,1,0,차대사람 - 기타,보행자보호의무위반,건조,맑음,단일로 - 기타,승용,여,49세,기타불명,보행자,여,26세,경상
2023062500100428,2023년 6월 25일 23시,일요일,대전광역시 중구 부사동,중상사고,0,1,1,0,차대차 - 기타,차로위반,젖음/습기,맑음,단일로 - 기타,화물,남,60세,상해없음,승용,여,30세,중상
2023062500100429,2023년 6월 25일 23시,일요일,대전광역시 서구 갈마동,경상사고,0,0,1,0,차대사람 - 기타,안전운전불이행,젖음/습기,비,단일로 - 기타,기타불명,기타불명,미분류,기타불명,보행자,남,28세,경상
2023062600100016,2023년 6월 26일 02시,월요일,대전광역시 서구 갈마동,부상신고사고,0,0,0,1,차량단독 - 기타,안전운전불이행,젖음/습기,비,교차로 - 교차로안,승용,남,70세,상해없음,,,,
2023062600100029,2023년 6월 26일 05시,월요일,대전광역시 서구 갈마동,경상사고,0,0,1,0,차대차 - 기타,교차로운행방법위반,젖음/습기,비,교차로 - 교차로안,승용,남,30세,상해없음,이륜,남,45세,경상
2023062600100039,2023년 6월 26일 06시,월요일,대전광역시 동구 대동,경상사고,0,0,1,0,차대사람 - 횡단중,보행자보호의무위반,젖음/습기,비,교차로 - 교차로횡단보도내,승용,여,23세,상해없음,보행자,남,64세,경상
2023062600100068,2023년 6월 26일 07시,월요일,대전광역시 중구 부사동,경상사고,0,0,1,0,차대차 - 기타,안전운전불이행,건조,맑음,교차로 - 교차로안,이륜,남,73세,경상,승합,여,48세,상해없음
2023062600100114,2023년 6월 26일 08시,월요일,대전광역시 서구 복수동,경상사고,0,0,1,0,차대차 - 추돌,안전거리미확보,건조,맑음,단일로 - 기타,승용,여,22세,상해없음,승합,남,49세,경상
2023062600100146,2023년 6월 26일 09시,월요일,대전광역시 중구 용두동,경상사고,0,0,1,0,차대차 - 기타,신호위반,젖음/습기,비,교차로 - 교차로부근,승용,여,62세,상해없음,이륜,남,29세,경상
2023062600100147,2023년 6월 26일 09시,월요일,대전광역시 대덕구 덕암동,경상사고,0,0,1,0,차대차 - 기타,안전운전불이행,건조,맑음,교차로 - 교차로안,화물,남,54세,상해없음,특수,남,22세,경상
2023062600100148,2023년 6월 26일 09시,월요일,대전광역시 유성구 송강동,경상사고,0,0,1,0,차대차 - 기타,안전운전불이행,건조,맑음,단일로 - 터널,승용,여,42세,기타불명,승용,여,44세,경상
2023062600100177,2023년 6월 26일 10시,월요일,대전광역시 동구 정동,경상사고,0,0,1,0,차대차 - 기타,안전운전불이행,젖음/습기,비,단일로 - 기타,화물,남,58세,상해없음,승합,남,52세,상해없음
2023062600100199,2023년 6월 26일 11시,월요일,대전광역시 서구 갈마동,경상사고,0,0,1,0,차대차 - 측면충돌,신호위반,젖음/습기,비,교차로 - 교차로안,승용,여,44세,상해없음,이륜,남,31세,경상
2023062600100235,2023년 6월 26일 12시,월요일,대전광역시 중구 태평동,중상사고,0,1,3,0,차대차 - 기타,안전거리미확보,젖음/습기,비,단일로 - 기타,승용,남,55세,상해없음,승용,여,28세,경상
2023062600100236,2023년 6월 26일 12시,월요일,대전광역시 중구 부사동,경상사고,0,0,1,0,차대차 - 기타,안전거리미확보,젖음/습기,비,단일로 - 기타,승용,여,34세,상해없음,승용,남,50세,경상
2023062600100271,2023년 6월 26일 13시,월요일,대전광역시 동구 가오동,경상사고,0,0,1,0,차대차 - 측면충돌,안전운전불이행,젖음/습기,비,단일로 - 기타,승용,남,67세,상해없음,승용,여,49세,경상
2023062600100332,2023년 6월 26일 15시,월요일,대전광역시 서구 갈마동,경상사고,0,0,1,0,차대사람 - 횡단중,보행자보호의무위반,젖음/습기,비,교차로 - 교차로횡단보도내,승용,여,40세,상해없음,보행자,여,30세,경상
2023062600100367,2023년 6월 26일 16시,월요일,대전광역시 서구 괴정동,중상사고,0,1,0,0,차대차 - 측면충돌,기타,건조,맑음,단일로 - 기타,승용,남,73세,상해없음,이륜,남,47세,중상
2023062600100368,2023년 6월 26일 16시,월요일,대전광역시 유성구 구암동,경상사고,0,0,1,0,차대사람 - 기타,안전운전불이행,젖음/습기,흐림,단일로 - 기타,승용,여,63세,상해없음,보행자,남,65세,경상
2023062600100407,2023년 6월 26일 17시,월요일,대전광역시 동구 성남동,경상사고,0,0,3,0,차대차 - 측면충돌,안전운전불이행,건조,맑음,교차로 - 교차로안,이륜,남,49세,경상,화물,남,42세,경상
2023062600100408,2023년 6월 26일 17시,월요일,대전광역시 서구 갈마동,경상사고,0,0,1,0,차량단독 - 기타,안전운전불이행,젖음/습기,흐림,단일로 - 기타,승용,남,71세,상해없음,,,,
2023062600100409,2023년 6월 26일 17시,월요일,대전광역시 유성구 계산동,경상사고,0,0,3,0,차대차 - 측면충돌,중앙선침범,젖음/습기,비,교차로 - 교차로부근,승용,남,35세,기타불명,승용,여,42세,경상
2023062600100448,2023년 6월 26일 18시,월요일,대전광역시 서구 둔산동,경상사고,0,0,1,0,차대차 - 정면충돌,안전거리미확보,젖음/습기,비,교차로 - 교차로부근,승용,여,63세,상해없음,승용,남,21세,경상
2023062600100449,2023년 6월 26일 18시,월요일,대전광역시 서구 둔산동,경상사고,0,0,1,0,차대차 - 후진중충돌,안전운전불이행,젖음/습기,비,단일로 - 기타,승용,남,27세,상해없음,승용,여,38세,경상
2023062600100566,2023년 6월 26일 23시,월요일,대전광역시 대덕구 상서동,중상사고,0,1,1,0,차대차 - 정면충돌,안전운전불이행,젖음/습기,비,교차로 - 교차로부근,승용,남,54세,상해없음,승용,남,41세,경상
2023062700100009,2023년 6월 27일 00시,화요일,대전광역시 서구 둔산동,경상사고,0,0,2,0,차대차 - 기타,안전운전불이행,젖음/습기,비,교차로 - 교차로안,승용,남,68세,기타불명,승용,남,24세,경상
2023062700100104,2023년 6월 27일 08시,화요일,대전광역시 중구 대사동,경상사고,0,0,1,0,차대차 - 측면충돌,신호위반,건조,맑음,교차로 - 교차로안,승용,여,42세,상해없음,승용,남,37세,경상
2023062700100105,2023년 6월 27일 08시,화요일,대전광역시 중구 대사동,경상사고,0,0,1,0,차대사람 - 차도통행중,안전운전불이행,건조,맑음,단일로 - 기타,승용,여,27세,상해없음,보행자,여,30세,경상
2023062700100231,2023년 6월 27일 12시,화요일,대전광역시 유성구 대정동,중상사고,0,1,0,0,차대차 - 기타,안전거리미확보,건조,맑음,단일로 - 기타,승용,남,60세,상해없음,이륜,남,62세,중상
2023062700100262,2023년 6월 27일 13시,화요일,대전광역시 중구 문화동,중상사고,0,1,0,0,차대사람 - 기타,보행자보호의무위반,건조,맑음,교차로 - 교차로안,승용,남,49세,상해없음,보행자,여,69세,중상
2023062700100263,2023년 6월 27일 13시,화요일,대전광역시 동구 용운동,경상사고,0,0,1,0,차대차 - 측면충돌,불법유턴,건조,맑음,교차로 - 교차로부근,승용,여,40세,상해없음,이륜,남,60세,경상
2023062700100306,2023년 6월 27일 14시,화요일,대전광역시 서구 용문동,경상사고,0,0,1,0,차대차 - 기타,안전운전불이행,건조,맑음,단일로 - 기타,승용,남,27세,상해없음,승용,여,63세,경상
2023062700100344,2023년 6월 27일 15시,화요일,대전광역시 서구 가수원동,경상사고,0,0,1,0,차대차 - 기타,안전거리미확보,건조,맑음,기타 - 기타,승용,남,41세,기타불명,승용,남,35세,경상
2023062700100372,2023년 6월 27일 16시,화요일,대전광역시 중구 선화동,경상사고,0,0,1,0,차대차 - 측면충돌,기타,건조,맑음,단일로 - 기타,승합,남,43세,상해없음,자전거,남,66세,경상
2023062700100373,2023년 6월 27일 16시,화요일,대전광역시 동구 판암동,경상사고,0,0,2,0,차대차 - 기타,안전운전불이행,건조,맑음,단일로 - 기타,승용,남,61세,상해없음,승용,남,52세,경상
2023062700100430,2023년 6월 27일 17시,화요일,대전광역시 중구 문화동,경상사고,0,0,1,0,차대차 - 기타,신호위반,건조,맑음,교차로 - 교차로안,이륜,남,54세,상해없음,승용,여,62세,경상
2023062700100432,2023년 6월 27일 17시,화요일,대전광역시 서구 갈마동,경상사고,0,0,1,0,차대차 - 측면충돌,안전운전불이행,건조,맑음,단일로 - 기타,승용,여,30세,상해없음,승용,남,31세,경상
2023062700100479,2023년 6월 27일 18시,화요일,대전광역시 중구 석교동,경상사고,0,0,1,0,차대차 - 추돌,안전거리미확보,건조,맑음,단일로 - 기타,승용,여,66세,상해없음,승용,남,33세,경상
2023062700100511,2023년 6월 27일 19시,화요일,대전광역시 대덕구 대화동,경상사고,0,0,1,0,차대차 - 측면충돌,안전거리미확보,건조,맑음,단일로 - 기타,승용,남,57세,상해없음,승용,여,42세,경상
2023062700100512,2023년 6월 27일 19시,화요일,대전광역시 유성구 봉명동,경상사고,0,0,1,0,차대차 - 기타,안전운전불이행,건조,맑음,교차로 - 교차로부근,승용,남,58세,기타불명,승용,남,51세,경상
2023062700100540,2023년 6월 27일 20시,화요일,대전광역시 중구 선화동,경상사고,0,0,1,0,차대차 - 기타,안전거리미확보,건조,맑음,단일로 - 기타,승용,남,23세,상해없음,승용,남,30세,경상
2023062700100541,2023년 6월 27일 20시,화요일,대전광역시 서구 둔산동,경상사고,0,0,1,0,차대차 - 추돌,안전운전불이행,건조,맑음,교차로 - 교차로부근,승용,여,54세,상해없음,승용,남,39세,경상
2023062700100568,2023년 6월 27일 21시,화요일,대전광역시 유성구 장대동,경상사고,0,0,1,0,차대차 - 기타,신호위반,건조,맑음,교차로 - 교차로안,승용,여,76세,상해없음,승용,남,56세,경상
2023062800100019,2023년 6월 28일 00시,수요일,대전광역시 서구 둔산동,경상사고,0,0,1,0,차대사람 - 횡단중,보행자보호의무위반,건조,맑음,교차로 - 교차로횡단보도내,승용,남,54세,상해없음,보행자,남,30세,경상
2023062800100020,2023년 6월 28일 00시,수요일,대전광역시 유성구 노은동,경상사고,0,0,1,0,차대차 - 측면충돌,신호위반,건조,흐림,교차로 - 교차로안,승용,여,52세,상해없음,승용,여,35세,경상