사고번호,사고일시,요일,시군구,사고내용,사망자수,중상자수,경상자수,부상신고자수,사고유형,법규위반,노면상태,기상상태,도로형태,가해운전자 차종,가해운전자 성별,가해운전자 연령,가해운전자 상해정도,피해운전자 차종,피해운전자 성별,피해운전자 연령,피해운전자 상해정도
2023062800100026,2023년 6월 28일 01시,수요일,대전광역시 동구 가오동,중상사고,0,1,0,0,차대차 - 기타,안전운전불이행,젖음/습기,비,교차로 - 교차로안,승용,남,23세,상해없음,자전거,남,18세,중상
2023062800100033,2023년 6월 28일 02시,수요일,대전광역시 서구 둔산동,경상사고,0,0,1,0,차대차 - 기타,안전운전불이행,젖음/습기,비,교차로 - 교차로부근,기타불명,기타불명,미분류,기타불명,승용,남,25세,경상
2023062800100037,2023년 6월 28일 03시,수요일,대전광역시 서구 변동,사망사고,1,0,0,0,차대차 - 측면충돌,불법유턴,젖음/습기,맑음,기타 - 기타,자전거,남,65세,사망,승용,여,49세,상해없음
2023062800100059,2023년 6월 28일 06시,수요일,대전광역시 서구 갈마동,중상사고,0,1,0,0,차대차 - 기타,안전운전불이행,건조,맑음,단일로 - 기타,자전거,여,29세,중상,화물,남,62세,상해없음
2023062800100110,2023년 6월 28일 08시,수요일,대전광역시 대덕구 석봉동,부상신고사고,0,0,0,1,차대차 - 측면충돌,안전운전불이행,젖음/습기,비,단일로 - 기타,승용,남,39세,상해없음,승용,남,34세,부상신고
2023062800100111,2023년 6월 28일 08시,수요일,대전광역시 유성구 구암동,중상사고,0,1,0,0,차대차 - 기타,안전운전불이행,건조,맑음,교차로 - 교차로부근,승합,남,58세,상해없음,자전거,남,61세,중상
2023062800100112,2023년 6월 28일 08시,수요일,대전광역시 유성구 봉명동,중상사고,0,1,0,0,차대차 - 측면충돌,안전운전불이행,건조,맑음,단일로 - 기타,승용,남,33세,상해없음,개인형이동수단(PM),여,23세,중상
2023062800100147,2023년 6월 28일 09시,수요일,대전광역시 동구 삼성동,부상신고사고,0,0,0,1,차대차 - 기타,직진우회전진행방해,건조,맑음,교차로 - 교차로안,이륜,남,80세,부상신고,승합,남,51세,상해없음
2023062800100148,2023년 6월 28일 09시,수요일,대전광역시 서구 둔산동,경상사고,0,0,1,0,차대차 - 측면충돌,불법유턴,건조,맑음,교차로 - 교차로횡단보도내,자전거,남,29세,상해없음,승용,남,28세,경상
2023062800100149,2023년 6월 28일 09시,수요일,대전광역시 서구 갈마동,경상사고,0,0,1,0,차대차 - 추돌,안전운전불이행,건조,맑음,교차로 - 교차로부근,승용,남,67세,상해없음,승용,여,42세,경상
2023062800100178,2023년 6월 28일 10시,수요일,대전광역시 유성구 계산동,경상사고,0,0,1,0,차대차 - 측면충돌,교차로운행방법위반,건조,맑음,교차로 - 교차로안,승용,남,60세,상해없음,승용,여,29세,경상
2023062800100205,2023년 6월 28일 11시,수요일,대전광역시 유성구 봉산동,중상사고,0,1,0,0,차대차 - 측면충돌,신호위반,건조,맑음,단일로 - 기타,이륜,남,39세,상해없음,화물,남,27세,중상
2023062800100206,2023년 6월 28일 11시,수요일,대전광역시 유성구 봉명동,경상사고,0,0,1,0,차대차 - 측면충돌,안전거리미확보,건조,맑음,교차로 - 교차로부근,승용,남,71세,기타불명,승용,여,35세,경상
2023062800100237,2023년 6월 28일 12시,수요일,대전광역시 유성구 상대동,경상사고,0,0,1,0,차대차 - 측면충돌,안전운전불이행,건조,맑음,기타 - 기타,승용,여,52세,상해없음,화물,남,35세,경상
2023062800100238,2023년 6월 28일 12시,수요일,대전광역시 유성구 전민동,경상사고,0,0,1,0,차대차 - 기타,안전거리미확보,건조,맑음,단일로 - 기타,승용,여,51세,상해없음,승용,남,36세,경상
2023062800100263,2023년 6월 28일 13시,수요일,대전광역시 중구 용두동,경상사고,0,0,2,0,차대차 - 측면충돌,기타,건조,맑음,교차로 - 교차로부근,승용,남,62세,경상,승합,남,52세,경상
2023062800100372,2023년 6월 28일 16시,수요일,대전광역시 중구 오류동,경상사고,0,0,2,0,차대차 - 측면충돌,신호위반,건조,맑음,교차로 - 교차로안,승용,여,63세,상해없음,승용,남,28세,경상
2023062800100373,2023년 6월 28일 16시,수요일,대전광역시 대덕구 덕암동,부상신고사고,0,0,0,1,차대차 - 측면충돌,안전운전불이행,건조,맑음,교차로 - 교차로안,자전거,여,58세,부상신고,승용,여,48세,상해없음
2023062800100374,2023년 6월 28일 16시,수요일,대전광역시 유성구 구암동,부상신고사고,0,0,0,1,차대차 - 기타,안전운전불이행,건조,맑음,교차로 - 교차로부근,승용,남,44세,상해없음,이륜,남,31세,부상신고
2023062800100375,2023년 6월 28일 16시,수요일,대전광역시 유성구 화암동,경상사고,0,0,1,0,차대차 - 기타,안전거리미확보,건조,맑음,교차로 - 교차로부근,승용,남,64세,기타불명,승용,남,39세,경상
2023062800100413,2023년 6월 28일 17시,수요일,대전광역시 동구 용전동,경상사고,0,0,1,0,차대차 - 측면충돌,안전운전불이행,건조,맑음,단일로 - 기타,승용,여,58세,상해없음,승용,여,56세,경상
2023062800100414,2023년 6월 28일 17시,수요일,대전광역시 서구 둔산동,중상사고,0,1,0,0,차대차 - 기타,안전운전불이행,건조,맑음,교차로 - 교차로부근,기타불명,기타불명,미분류,기타불명,이륜,남,81세,중상
2023062800100415,2023년 6월 28일 17시,수요일,대전광역시 유성구 구암동,경상사고,0,0,1,0,차대차 - 기타,안전운전불이행,건조,맑음,단일로 - 터널,이륜,남,40세,상해없음,이륜,남,45세,경상
2023062800100464,2023년 6월 28일 18시,수요일,대전광역시 동구 용전동,경상사고,0,0,1,0,차대차 - 측면충돌,안전운전불이행,건조,맑음,단일로 - 기타,승용,남,44세,상해없음,승용,남,42세,경상
2023062800100465,2023년 6월 28일 18시,수요일,대전광역시 대덕구 송촌동,경상사고,0,0,1,0,차대사람 - 기타,보행자보호의무위반,건조,맑음,교차로 - 교차로횡단보도내,승용,남,65세,기타불명,보행자,여,32세,경상
2023062800100492,2023년 6월 28일 19시,수요일,대전광역시 중구 태평동,중상사고,0,2,0,0,차대차 - 기타,안전운전불이행,건조,맑음,단일로 - 기타,개인형이동수단(PM),남,13세,중상,자전거,여,44세,중상
2023062800100493,2023년 6월 28일 19시,수요일,대전광역시 서구 가장동,중상사고,0,1,0,0,차대차 - 측면충돌,안전운전불이행,건조,맑음,기타 - 기타,승용,남,49세,기타불명,이륜,남,52세,중상
2023062800100494,2023년 6월 28일 19시,수요일,대전광역시 서구 복수동,경상사고,0,0,2,0,차대차 - 측면충돌,안전운전불이행,건조,맑음,단일로 - 기타,승용,남,35세,상해없음,승용,남,26세,경상
2023062800100525,2023년 6월 28일 20시,수요일,대전광역시 중구 산성동,경상사고,0,0,1,0,차대차 - 측면충돌,안전운전불이행,건조,맑음,단일로 - 기타,승용,여,34세,상해없음,이륜,남,46세,경상
2023062800100526,2023년 6월 28일 20시,수요일,대전광역시 동구 가양동,경상사고,0,0,1,0,차대사람 - 횡단중,보행자보호의무위반,건조,맑음,교차로 - 교차로부근,화물,남,70세,상해없음,보행자,여,19세,경상
2023062800100551,2023년 6월 28일 21시,수요일,대전광역시 서구 둔산동,경상사고,0,0,1,0,차대차 - 기타,안전운전불이행,기타,기타,교차로 - 교차로부근,승용,여,40세,기타불명,승용,남,31세,경상
2023062800100552,2023년 6월 28일 21시,수요일,대전광역시 유성구 봉명동,중상사고,0,1,1,0,차대차 - 기타,신호위반,건조,맑음,단일로 - 터널,승용,남,46세,상해없음,승용,남,62세,경상
2023062800100587,2023년 6월 28일 23시,수요일,대전광역시 서구 괴정동,중상사고,0,1,0,0,차대사람 - 차도통행중,안전운전불이행,건조,맑음,단일로 - 기타,이륜,남,24세,상해없음,보행자,남,43세,중상
2023062900100024,2023년 6월 29일 02시,목요일,대전광역시 대덕구 중리동,경상사고,0,0,1,0,차량단독 - 공작물충돌,안전운전불이행,건조,맑음,교차로 - 교차로부근,승용,남,67세,상해없음,,,,
2023062900100113,2023년 6월 29일 08시,목요일,대전광역시 유성구 관평동,경상사고,0,0,1,0,차대차 - 기타,안전운전불이행,건조,맑음,교차로 - 교차로안,화물,남,63세,상해없음,승용,남,36세,경상
2023062900100158,2023년 6월 29일 10시,목요일,대전광역시 유성구 화암동,경상사고,0,0,2,0,차대차 - 측면충돌,안전거리미확보,젖음/습기,비,기타 - 기타,화물,남,29세,상해없음,승용,남,69세,경상
2023062900100205,2023년 6월 29일 11시,목요일,대전광역시 중구 중촌동,경상사고,0,0,1,0,차대사람 - 횡단중,안전운전불이행,젖음/습기,비,교차로 - 교차로횡단보도내,승합,여,52세,상해없음,보행자,남,15세,경상
2023062900100245,2023년 6월 29일 12시,목요일,대전광역시 대덕구 송촌동,경상사고,0,0,1,0,차대차 - 후진중충돌,안전운전불이행,건조,맑음,단일로 - 기타,승용,여,47세,상해없음,승용,남,34세,경상
2023062900100246,2023년 6월 29일 12시,목요일,대전광역시 서구 갈마동,경상사고,0,0,1,0,차대차 - 측면충돌,교차로운행방법위반,젖음/습기,비,교차로 - 교차로안,승용,여,58세,상해없음,이륜,남,26세,경상
2023062900100247,2023년 6월 29일 12시,목요일,대전광역시 유성구 궁동,경상사고,0,0,1,0,차대차 - 측면충돌,안전거리미확보,젖음/습기,비,단일로 - 기타,승용,남,52세,상해없음,승용,남,59세,경상
2023062900100291,2023년 6월 29일 13시,목요일,대전광역시 유성구 원신흥동,중상사고,0,1,0,0,차대차 - 측면충돌,안전운전불이행,젖음/습기,비,교차로 - 교차로안,승용,여,42세,상해없음,이륜,남,21세,중상
2023062900100393,2023년 6월 29일 16시,목요일,대전광역시 유성구 구암동,경상사고,0,0,1,0,차대차 - 측면충돌,신호위반,젖음/습기,비,교차로 - 교차로안,승용,남,45세,상해없음,승용,남,40세,경상
2023062900100425,2023년 6월 29일 17시,목요일,대전광역시 유성구 관평동,중상사고,0,1,0,0,차량단독 - 기타,안전운전불이행,건조,맑음,단일로 - 기타,승합,남,55세,상해없음,,,,
2023062900100481,2023년 6월 29일 19시,목요일,대전광역시 동구 신상동,중상사고,0,1,0,0,차대차 - 측면충돌,안전운전불이행,젖음/습기,비,기타 - 기타,승용,남,23세,상해없음,화물,여,61세,중상
2023062900100521,2023년 6월 29일 20시,목요일,대전광역시 중구 대사동,중상사고,0,1,2,0,차대차 - 추돌,안전운전불이행,건조,맑음,단일로 - 기타,승용,남,43세,상해없음,승합,남,41세,경상
2023062900100522,2023년 6월 29일 20시,목요일,대전광역시 동구 홍도동,경상사고,0,0,1,0,차대사람 - 길가장자리구역통행중,안전운전불이행,젖음/습기,비,단일로 - 기타,승용,남,40세,상해없음,보행자,남,51세,경상
2023062900100543,2023년 6월 29일 21시,목요일,대전광역시 서구 갈마동,경상사고,0,0,1,2,차대차 - 추돌,안전운전불이행,젖음/습기,비,단일로 - 기타,승용,남,64세,상해없음,승용,여,52세,경상
2023062900100544,2023년 6월 29일 21시,목요일,대전광역시 유성구 반석동,경상사고,0,0,1,0,차대차 - 추돌,안전운전불이행,건조,맑음,단일로 - 기타,승용,남,40세,상해없음,승용,여,31세,경상
2023062900100564,2023년 6월 29일 22시,목요일,대전광역시 중구 대사동,경상사고,0,0,1,0,차대사람 - 기타,신호위반,젖음/습기,비,단일로 - 기타,승용,남,45세,상해없음,보행자,여,26세,경상
2023062900100565,2023년 6월 29일 22시,목요일,대전광역시 동구 신흥동,경상사고,0,0,2,0,차대차 - 후진중충돌,안전운전불이행,젖음/습기,비,단일로 - 기타,승합,남,32세,상해없음,승용,남,41세,경상
2023063000100020,2023년 6월 30일 00시,금요일,대전광역시 서구 탄방동,중상사고,0,1,0,0,차대사람 - 횡단중,안전운전불이행,젖음/습기,비,단일로 - 기타,이륜,남,20세,상해없음,보행자,여,24세,중상
2023063000100035,2023년 6월 30일 02시,금요일,대전광역시 서구 월평동,중상사고,0,1,0,0,차량단독 - 공작물충돌,안전운전불이행,건조,맑음,단일로 - 기타,승용,남,61세,상해없음,,,,
2023063000100058,2023년 6월 30일 06시,금요일,대전광역시 유성구 탑립동,중상사고,0,2,1,0,차대차 - 측면충돌,신호위반,젖음/습기,비,교차로 - 교차로안,승용,여,29세,상해없음,승용,남,68세,중상
2023063000100076,2023년 6월 30일 07시,금요일,대전광역시 서구 둔산동,경상사고,0,0,1,0,차대차 - 기타,안전거리미확보,젖음/습기,비,단일로 - 기타,화물,남,39세,상해없음,승용,남,73세,경상
2023063000100110,2023년 6월 30일 08시,금요일,대전광역시 중구 태평동,중상사고,0,1,0,0,차대사람 - 기타,신호위반,건조,맑음,교차로 - 교차로부근,승용,여,43세,상해없음,보행자,남,16세,중상
2023063000100111,2023년 6월 30일 08시,금요일,대전광역시 대덕구 신대동,중상사고,0,1,2,0,차대차 - 추돌,안전운전불이행,젖음/습기,비,단일로 - 기타,화물,남,31세,상해없음,승용,남,49세,경상
2023063000100197,2023년 6월 30일 11시,금요일,대전광역시 서구 탄방동,경상사고,0,0,1,0,차대사람 - 기타,안전운전불이행,건조,맑음,교차로 - 교차로안,승용,남,65세,상해없음,보행자,남,31세,경상
2023063000100198,2023년 6월 30일 11시,금요일,대전광역시 유성구 봉명동,경상사고,0,0,1,0,차대차 - 측면충돌,신호위반,젖음/습기,흐림,교차로 - 교차로안,승용,남,71세,상해없음,승용,여,50세,경상
2023063000100259,2023년 6월 30일 13시,금요일,대전광역시 동구 가양동,경상사고,0,0,3,0,차대차 - 측면충돌,안전거리미확보,건조,맑음,교차로 - 교차로횡단보도내,승용,여,52세,상해없음,승용,남,57세,경상
2023063000100260,2023년 6월 30일 13시,금요일,대전광역시 서구 둔산동,경상사고,0,0,1,0,차대차 - 기타,안전운전불이행,건조,맑음,단일로 - 기타,승용,여,62세,기타불명,승용,남,56세,경상
2023063000100288,2023년 6월 30일 14시,금요일,대전광역시 동구 가오동,경상사고,0,0,1,0,차대차 - 기타,중앙선침범,건조,맑음,단일로 - 기타,화물,남,66세,상해없음,화물,여,49세,경상
2023063000100289,2023년 6월 30일 14시,금요일,대전광역시 서구 용문동,경상사고,0,0,1,0,차량단독 - 기타,안전운전불이행,건조,맑음,단일로 - 기타,승합,남,44세,상해없음,,,,
2023063000100290,2023년 6월 30일 14시,금요일,대전광역시 서구 둔산동,경상사고,0,0,2,0,차대차 - 추돌,안전운전불이행,건조,흐림,단일로 - 기타,승용,남,77세,상해없음,승용,남,39세,경상
2023063000100346,2023년 6월 30일 16시,금요일,대전광역시 동구 홍도동,경상사고,0,0,1,0,차대차 - 측면충돌,안전운전불이행,건조,맑음,단일로 - 기타,승용,여,64세,상해없음,승용,남,59세,경상
2023063000100385,2023년 6월 30일 17시,금요일,대전광역시 중구 오류동,경상사고,0,0,1,0,차대차 - 측면충돌,안전운전불이행,건조,맑음,단일로 - 기타,승용,여,30세,상해없음,화물,남,38세,경상
2023063000100428,2023년 6월 30일 18시,금요일,대전광역시 서구 관저동,경상사고,0,0,1,0,차대차 - 기타,안전운전불이행,건조,맑음,단일로 - 기타,승용,남,68세,상해없음,승용,여,53세,경상
2023063000100429,2023년 6월 30일 18시,금요일,대전광역시 서구 탄방동,경상사고,0,0,2,0,차대차 - 측면충돌,안전거리미확보,건조,맑음,교차로 - 교차로부근,승용,남,61세,상해없음,승용,남,44세,경상
2023063000100459,2023년 6월 30일 19시,금요일,대전광역시 중구 오류동,경상사고,0,0,2,0,차대차 - 기타,안전운전불이행,건조,맑음,교차로 - 교차로부근,승용,남,28세,상해없음,승용,남,24세,경상
2023063000100489,2023년 6월 30일 20시,금요일,대전광역시 서구 괴정동,경상사고,0,0,1,0,차대사람 - 기타,안전운전불이행,건조,맑음,단일로 - 기타,자전거,기타불명,미분류,기타불명,보행자,여,38세,경상
2023063000100536,2023년 6월 30일 22시,금요일,대전광역시 동구 인동,경상사고,0,0,2,0,차대차 - 추돌,안전운전불이행,건조,맑음,단일로 - 기타,승용,남,28세,상해없음,자전거,여,38세,경상
2023063000100537,2023년 6월 30일 22시,금요일,대전광역시 서구 도안동,경상사고,0,0,1,0,차대차 - 기타,안전거리미확보,건조,맑음,단일로 - 기타,승용,남,66세,상해없음,승용,남,62세,경상
2023070100100119,2023년 7월 1일 09시,토요일,대전광역시 서구 탄방동,중상사고,0,1,0,0,차대사람 - 기타,안전운전불이행,건조,맑음,기타 - 기타,승용,여,47세,상해없음,보행자,여,69세,중상
2023070100100185,2023년 7월 1일 11시,토요일,대전광역시 중구 산성동,경상사고,0,0,1,0,차대차 - 기타,안전운전불이행,건조,맑음,교차로 - 교차로안,승용,여,54세,상해없음,화물,남,57세,경상
2023070100100218,2023년 7월 1일 12시,토요일,대전광역시 동구 소제동,중상사고,0,1,0,0,차대차 - 측면충돌,신호위반,건조,맑음,교차로 - 교차로안,승용,여,77세,상해없음,화물,남,63세,중상
2023070100100219,2023년 7월 1일 12시,토요일,대전광역시 유성구 봉명동,경상사고,0,0,2,0,차대차 - 추돌,안전운전불이행,건조,맑음,단일로 - 기타,승용,남,65세,상해없음,승용,남,31세,경상
2023070100100252,2023년 7월 1일 13시,토요일,대전광역시 중구 대흥동,경상사고,0,0,1,0,차대차 - 기타,신호위반,건조,맑음,교차로 - 교차로안,승용,남,61세,상해없음,이륜,남,72세,경상
2023070100100253,2023년 7월 1일 13시,토요일,대전광역시 동구 원동,경상사고,0,0,1,0,차량단독 - 기타,안전운전불이행,건조,맑음,단일로 - 기타,승합,남,61세,상해없음,,,,
2023070100100254,2023년 7월 1일 13시,토요일,대전광역시 서구 둔산동,경상사고,0,0,1,0,차대차 - 기타,교차로운행방법위반,건조,맑음,교차로 - 교차로부근,승용,여,65세,상해없음,이륜,남,19세,경상
2023070100100296,2023년 7월 1일 14시,토요일,대전광역시 중구 은행동,경상사고,0,0,1,0,차대사람 - 기타,안전운전불이행,건조,맑음,단일로 - 기타,승용,남,24세,상해없음,보행자,여,41세,경상
2023070100100297,2023년 7월 1일 14시,토요일,대전광역시 서구 월평동,중상사고,0,1,2,0,차대차 - 기타,신호위반,건조,맑음,교차로 - 교차로안,이륜,남,18세,중상,승용,남,58세,경상
2023070100100298,2023년 7월 1일 14시,토요일,대전광역시 서구 월평동,중상사고,0,2,0,0,차대차 - 기타,안전거리미확보,건조,맑음,단일로 - 기타,화물,남,56세,상해없음,승용,남,68세,중상
2023070100100323,2023년 7월 1일 15시,토요일,대전광역시 동구 신상동,경상사고,0,0,1,0,차대차 - 기타,안전운전불이행,건조,맑음,단일로 - 기타,승용,남,42세,상해없음,승용,남,29세,경상
2023070100100342,2023년 7월 1일 15시,토요일,대전광역시 서구 탄방동,중상사고,0,1,0,0,차대차 - 기타,안전운전불이행,건조,맑음,단일로 - 기타,승용,여,50세,상해없음,승용,남,33세,중상
2023070100100343,2023년 7월 1일 15시,토요일,대전광역시 서구 월평동,경상사고,0,0,1,0,차대차 - 기타,안전운전불이행,건조,맑음,교차로 - 교차로안,승용,남,58세,상해없음,원동기,남,22세,경상
2023070100100388,2023년 7월 1일 16시,토요일,대전광역시 중구 대흥동,경상사고,0,0,2,0,차대차 - 측면충돌,안전거리미확보,건조,맑음,단일로 - 기타,승용,남,31세,상해없음,이륜,남,68세,경상
2023070100100389,2023년 7월 1일 16시,토요일,대전광역시 대덕구 오정동,경상사고,0,0,1,0,차대차 - 측면충돌,안전운전불이행,건조,맑음,교차로 - 교차로안,승용,여,64세,상해없음,승용,남,48세,경상
2023070100100390,2023년 7월 1일 16시,토요일,대전광역시 유성구 송강동,경상사고,0,0,1,0,차대차 - 기타,안전운전불이행,건조,맑음,교차로 - 교차로횡단보도내,승용,남,27세,기타불명,자전거,남,11세,경상
2023070100100436,2023년 7월 1일 17시,토요일,대전광역시 중구 중촌동,경상사고,0,0,2,0,차대차 - 기타,안전운전불이행,건조,맑음,단일로 - 기타,승용,남,42세,기타불명,승용,여,54세,경상
2023070100100437,2023년 7월 1일 17시,토요일,대전광역시 동구 용전동,경상사고,0,0,1,0,차대차 - 측면충돌,안전운전불이행,건조,맑음,단일로 - 기타,승용,남,30세,상해없음,승용,남,26세,기타불명
2023070100100438,2023년 7월 1일 17시,토요일,대전광역시 서구 도마동,경상사고,0,0,1,0,차대차 - 기타,안전운전불이행,건조,맑음,교차로 - 교차로부근,승용,남,46세,상해없음,승용,남,63세,경상
2023070100100439,2023년 7월 1일 17시,토요일,대전광역시 대덕구 송촌동,경상사고,0,0,1,0,차대차 - 기타,안전운전불이행,건조,맑음,기타 - 기타,승용,남,28세,기타불명,승용,여,45세,상해없음
2023070100100483,2023년 7월 1일 18시,토요일,대전광역시 서구 흑석동,중상사고,0,1,0,0,차대차 - 기타,안전운전불이행,건조,맑음,교차로 - 교차로안,승용,남,71세,상해없음,이륜,남,48세,중상
2023070100100513,2023년 7월 1일 19시,토요일,대전광역시 동구 용전동,경상사고,0,0,1,0,차대차 - 기타,안전운전불이행,건조,맑음,단일로 - 기타,승용,남,57세,상해없음,이륜,남,44세,경상
2023070100100514,2023년 7월 1일 19시,토요일,대전광역시 서구 정림동,경상사고,0,0,1,0,차대차 - 기타,신호위반,건조,맑음,단일로 - 기타,승용,남,42세,상해없음,이륜,남,54세,경상
2023070100100515,2023년 7월 1일 19시,토요일,대전광역시 대덕구 비래동,경상사고,0,0,1,0,차대사람 - 기타,안전운전불이행,건조,맑음,단일로 - 기타,승합,남,65세,상해없음,보행자,여,14세,경상
2023070100100540,2023년 7월 1일 20시,토요일,대전광역시 대덕구 법동,경상사고,0,0,1,0,차대차 - 측면충돌,안전운전불이행,건조,맑음,교차로 - 교차로안,승용,남,61세,상해없음,이륜,남,25세,경상
2023070100100541,2023년 7월 1일 20시,토요일,대전광역시 유성구 봉명동,경상사고,0,0,1,0,차대사람 - 기타,안전운전불이행,건조,맑음,기타 - 기타,이륜,남,21세,상해없음,보행자,여,55세,경상
2023070100100542,2023년 7월 1일 20시,토요일,대전광역시 유성구 지족동,경상사고,0,0,1,0,차대차 - 추돌,안전운전불이행,건조,맑음,교차로 - 교차로안,승용,남,32세,상해없음,승용,남,31세,경상
2023070100100576,2023년 7월 1일 21시,토요일,대전광역시 서구 관저동,경상사고,0,0,1,0,차대차 - 측면충돌,신호위반,건조,맑음,교차로 - 교차로안,승용,남,41세,상해없음,승용,남,24세,경상
2023070100100577,2023년 7월 1일 21시,토요일,대전광역시 대덕구 오정동,경상사고,0,0,1,0,차대차 - 측면충돌,안전거리미확보,건조,맑음,단일로 - 고가도로위,승용,남,23세,기타불명,승용,남,72세,경상
2023070100100578,2023년 7월 1일 21시,토요일,대전광역시 유성구 봉명동,중상사고,0,1,5,0,차대차 - 기타,안전운전불이행,건조,맑음,기타 - 기타,화물,남,46세,상해없음,승합,남,42세,경상
2023070100100601,2023년 7월 1일 22시,토요일,대전광역시 중구 용두동,경상사고,0,0,2,0,차대차 - 기타,안전운전불이행,건조,맑음,교차로 - 교차로부근,승용,여,48세,상해없음,승용,남,19세,경상
2023070100100602,2023년 7월 1일 22시,토요일,대전광역시 서구 갈마동,경상사고,0,0,2,0,차대차 - 기타,안전운전불이행,건조,맑음,단일로 - 기타,승용,남,66세,상해없음,승용,남,20세,경상
2023070100100610,2023년 7월 1일 23시,토요일,대전광역시 서구 둔산동,경상사고,0,0,1,0,차대차 - 측면충돌,안전거리미확보,건조,맑음,교차로 - 교차로부근,승용,남,20세,상해없음,승용,남,62세,경상
2023070200100010,2023년 7월 2일 00시,일요일,대전광역시 대덕구 문평동,경상사고,0,0,1,0,차대차 - 기타,안전거리미확보,기타,흐림,단일로 - 기타,승용,남,64세,상해없음,승용,남,25세,경상
2023070200100018,2023년 7월 2일 01시,일요일,대전광역시 중구 대흥동,경상사고,0,0,1,0,차대차 - 기타,신호위반,건조,맑음,교차로 - 교차로안,이륜,남,19세,기타불명,이륜,여,35세,경상
2023070200100043,2023년 7월 2일 05시,일요일,대전광역시 유성구 노은동,경상사고,0,0,3,0,차대차 - 추돌,안전운전불이행,건조,맑음,교차로 - 교차로부근,화물,남,46세,상해없음,승용,남,64세,경상
2023070200100057,2023년 7월 2일 07시,일요일,대전광역시 유성구 봉명동,경상사고,0,0,1,0,차대차 - 기타,교차로운행방법위반,건조,맑음,교차로 - 교차로부근,승용,여,63세,기타불명,승용,남,44세,경상
2023070200100058,2023년 7월 2일 07시,일요일,대전광역시 유성구 구룡동,사망사고,1,0,0,0,차량단독 - 전도전복 - 전도,안전운전불이행,건조,맑음,단일로 - 기타,농기계,남,75세,사망,,,,
2023070200100066,2023년 7월 2일 08시,일요일,대전광역시 중구 오류동,경상사고,0,0,1,0,차대사람 - 보도통행중,안전운전불이행,건조,흐림,단일로 - 기타,승용,남,74세,상해없음,보행자,여,26세,경상
2023070200100067,2023년 7월 2일 08시,일요일,대전광역시 유성구 궁동,중상사고,0,1,0,0,차대사람 - 기타,안전운전불이행,건조,맑음,기타 - 기타,자전거,여,45세,기타불명,보행자,여,56세,중상
2023070200100076,2023년 7월 2일 09시,일요일,대전광역시 서구 정림동,경상사고,0,0,1,0,차대차 - 기타,안전운전불이행,건조,맑음,단일로 - 기타,승용,남,72세,상해없음,승용,여,40세,경상
2023070200100077,2023년 7월 2일 09시,일요일,대전광역시 대덕구 평촌동,경상사고,0,0,1,0,차대차 - 추돌,안전운전불이행,건조,맑음,교차로 - 교차로부근,승용,남,72세,상해없음,승용,남,32세,경상
2023070200100089,2023년 7월 2일 10시,일요일,대전광역시 유성구 대정동,중상사고,0,1,1,1,차대차 - 기타,안전운전불이행,건조,맑음,단일로 - 기타,승용,남,32세,상해없음,승용,남,55세,중상
2023070200100150,2023년 7월 2일 12시,일요일,대전광역시 유성구 상대동,경상사고,0,0,1,0,차대차 - 추돌,안전운전불이행,건조,맑음,교차로 - 교차로부근,승용,남,50세,상해없음,승용,남,34세,경상
2023070200100177,2023년 7월 2일 13시,일요일,대전광역시 대덕구 중리동,경상사고,0,0,1,0,차대차 - 정면충돌,신호위반,건조,맑음,단일로 - 기타,승용,남,67세,상해없음,승용,남,22세,경상
2023070200100199,2023년 7월 2일 14시,일요일,대전광역시 동구 주산동,경상사고,0,0,3,0,차대차 - 측면충돌,중앙선침범,건조,맑음,단일로 - 기타,승용,여,56세,상해없음,승용,여,57세,경상
2023070200100200,2023년 7월 2일 14시,일요일,대전광역시 서구 도마동,경상사고,0,0,1,0,차대차 - 측면충돌,안전운전불이행,건조,맑음,단일로 - 기타,승용,남,75세,상해없음,이륜,남,42세,경상
2023070200100241,2023년 7월 2일 16시,일요일,대전광역시 유성구 덕명동,경상사고,0,0,4,0,차대차 - 기타,안전거리미확보,건조,맑음,교차로 - 교차로안,승용,남,20세,상해없음,승용,여,37세,경상
2023070200100268,2023년 7월 2일 17시,일요일,대전광역시 대덕구 와동,경상사고,0,0,1,0,차대차 - 측면충돌,안전거리미확보,건조,맑음,교차로 - 교차로안,승용,여,26세,상해없음,이륜,남,31세,경상
2023070200100269,2023년 7월 2일 17시,일요일,대전광역시 유성구 송강동,경상사고,0,0,1,0,차대차 - 기타,안전운전불이행,건조,맑음,단일로 - 기타,승용,여,52세,상해없음,원동기,남,51세,경상
2023070200100294,2023년 7월 2일 18시,일요일,대전광역시 중구 석교동,경상사고,0,0,1,0,차대사람 - 기타,안전운전불이행,건조,맑음,기타 - 기타,승용,남,26세,상해없음,보행자,남,44세,경상
2023070200100326,2023년 7월 2일 19시,일요일,대전광역시 서구 갈마동,경상사고,0,0,1,0,차대차 - 측면충돌,안전운전불이행,건조,맑음,교차로 - 교차로부근,승용,남,29세,상해없음,이륜,남,27세,경상
2023070200100345,2023년 7월 2일 20시,일요일,대전광역시 유성구 봉명동,중상사고,0,1,0,0,차대차 - 추돌,안전운전불이행,건조,맑음,단일로 - 터널,승용,남,50세,상해없음,이륜,남,27세,중상