사고번호,사고일시,요일,시군구,사고내용,사망자수,중상자수,경상자수,부상신고자수,사고유형,법규위반,노면상태,기상상태,도로형태,가해운전자 차종,가해운전자 성별,가해운전자 연령,가해운전자 상해정도,피해운전자 차종,피해운전자 성별,피해운전자 연령,피해운전자 상해정도
2023070300100072,2023년 7월 3일 07시,월요일,대전광역시 유성구 화암동,경상사고,0,0,1,0,차대차 - 기타,안전운전불이행,건조,맑음,교차로 - 교차로안,화물,남,52세,기타불명,승용,남,54세,경상
2023070300100097,2023년 7월 3일 08시,월요일,대전광역시 유성구 죽동,경상사고,0,0,2,0,차대차 - 추돌,안전운전불이행,건조,맑음,단일로 - 기타,승용,남,20세,상해없음,승용,남,56세,경상
2023070300100122,2023년 7월 3일 08시,월요일,대전광역시 동구 가양동,경상사고,0,0,1,0,차대사람 - 기타,안전운전불이행,건조,맑음,교차로 - 교차로안,승용,남,59세,상해없음,보행자,여,18세,경상
2023070300100123,2023년 7월 3일 08시,월요일,대전광역시 동구 낭월동,중상사고,0,1,0,0,차대차 - 측면충돌,안전운전불이행,건조,맑음,교차로 - 교차로횡단보도내,승용,남,63세,상해없음,자전거,남,54세,중상
2023070300100124,2023년 7월 3일 08시,월요일,대전광역시 서구 도마동,경상사고,0,0,2,0,차대차 - 기타,안전거리미확보,건조,맑음,교차로 - 교차로부근,승용,여,47세,상해없음,승용,남,54세,경상
2023070300100125,2023년 7월 3일 08시,월요일,대전광역시 대덕구 덕암동,경상사고,0,0,1,0,차대차 - 측면충돌,안전운전불이행,건조,맑음,교차로 - 교차로안,승용,남,74세,상해없음,승용,여,44세,경상
2023070300100157,2023년 7월 3일 09시,월요일,대전광역시 서구 둔산동,경상사고,0,0,1,0,차대사람 - 횡단중,보행자보호의무위반,건조,맑음,교차로 - 교차로횡단보도내,승용,여,27세,상해없음,보행자,여,23세,경상
2023070300100194,2023년 7월 3일 10시,월요일,대전광역시 동구 소제동,경상사고,0,0,1,0,차대차 - 측면충돌,안전거리미확보,건조,맑음,교차로 - 교차로안,승용,남,72세,상해없음,승용,남,52세,경상
2023070300100195,2023년 7월 3일 10시,월요일,대전광역시 유성구 용산동,중상사고,0,1,0,1,차대차 - 기타,기타,건조,맑음,교차로 - 교차로안,승용,남,37세,상해없음,승용,남,31세,부상신고
2023070300100196,2023년 7월 3일 10시,월요일,대전광역시 유성구 화암동,경상사고,0,0,5,0,차대차 - 측면충돌,안전거리미확보,건조,맑음,단일로 - 기타,승용,남,64세,기타불명,승용,남,33세,경상
2023070300100231,2023년 7월 3일 11시,월요일,대전광역시 서구 둔산동,중상사고,0,1,1,0,차대차 - 측면충돌,신호위반,건조,맑음,교차로 - 교차로안,승용,남,55세,경상,이륜,남,57세,중상
2023070300100257,2023년 7월 3일 12시,월요일,대전광역시 중구 유천동,경상사고,0,0,1,0,차대사람 - 길가장자리구역통행중,안전운전불이행,건조,맑음,단일로 - 기타,승용,남,68세,상해없음,보행자,여,53세,경상
2023070300100293,2023년 7월 3일 13시,월요일,대전광역시 서구 괴정동,중상사고,0,1,0,0,차대사람 - 기타,안전운전불이행,건조,맑음,단일로 - 기타,화물,남,59세,기타불명,보행자,여,62세,중상
2023070300100294,2023년 7월 3일 13시,월요일,대전광역시 서구 월평동,경상사고,0,0,1,0,차대사람 - 기타,안전운전불이행,건조,맑음,기타 - 기타,화물,남,56세,상해없음,보행자,남,60세,경상
2023070300100295,2023년 7월 3일 13시,월요일,대전광역시 유성구 구암동,경상사고,0,0,1,0,차대차 - 기타,안전운전불이행,건조,맑음,단일로 - 터널,승용,여,55세,기타불명,승용,남,41세,경상
2023070300100337,2023년 7월 3일 14시,월요일,대전광역시 중구 문창동,경상사고,0,0,1,0,차대차 - 측면충돌,안전운전불이행,건조,맑음,교차로 - 교차로부근,승용,남,54세,상해없음,승합,남,65세,경상
2023070300100338,2023년 7월 3일 14시,월요일,대전광역시 동구 삼성동,경상사고,0,0,1,0,차대차 - 추돌,안전운전불이행,건조,맑음,교차로 - 교차로안,승용,남,74세,상해없음,승용,남,54세,경상
2023070300100403,2023년 7월 3일 16시,월요일,대전광역시 동구 가양동,경상사고,0,0,1,0,차대차 - 측면충돌,안전운전불이행,건조,맑음,교차로 - 교차로안,화물,남,54세,상해없음,승용,남,47세,경상
2023070300100404,2023년 7월 3일 16시,월요일,대전광역시 대덕구 읍내동,경상사고,0,0,2,0,차대차 - 기타,안전운전불이행,건조,맑음,교차로 - 교차로부근,승용,여,57세,상해없음,승용,여,38세,경상
2023070300100405,2023년 7월 3일 16시,월요일,대전광역시 서구 둔산동,경상사고,0,0,1,0,차대차 - 측면충돌,신호위반,건조,맑음,단일로 - 기타,화물,여,58세,상해없음,화물,남,60세,경상
2023070300100442,2023년 7월 3일 17시,월요일,대전광역시 유성구 상대동,경상사고,0,0,2,0,차대차 - 기타,안전거리미확보,건조,맑음,기타 - 기타,화물,남,51세,기타불명,승용,남,52세,경상
2023070300100501,2023년 7월 3일 19시,월요일,대전광역시 동구 용전동,경상사고,0,0,2,0,차대차 - 측면충돌,안전운전불이행,건조,맑음,단일로 - 기타,승용,남,39세,상해없음,승용,여,34세,경상
2023070300100539,2023년 7월 3일 21시,월요일,대전광역시 서구 가장동,경상사고,0,0,3,0,차대차 - 기타,안전거리미확보,건조,맑음,단일로 - 기타,화물,남,74세,상해없음,승용,남,30세,경상
2023070300100540,2023년 7월 3일 21시,월요일,대전광역시 대덕구 중리동,중상사고,0,1,2,0,차대차 - 측면충돌,신호위반,건조,맑음,교차로 - 교차로안,이륜,남,18세,중상,승용,남,35세,경상
2023070300100541,2023년 7월 3일 21시,월요일,대전광역시 서구 갈마동,경상사고,0,0,2,0,차대차 - 기타,안전운전불이행,건조,맑음,단일로 - 기타,승용,여,54세,기타불명,승용,남,50세,상해없음
2023070400100012,2023년 7월 4일 00시,화요일,대전광역시 서구 용문동,경상사고,0,0,1,0,차대차 - 추돌,안전운전불이행,건조,맑음,교차로 - 교차로부근,승용,남,29세,상해없음,승용,남,30세,경상
2023070400100013,2023년 7월 4일 00시,화요일,대전광역시 중구 오류동,경상사고,0,0,1,0,차대차 - 측면충돌,신호위반,건조,맑음,교차로 - 교차로횡단보도내,승용,남,57세,상해없음,자전거,남,25세,경상
2023070400100014,2023년 7월 4일 00시,화요일,대전광역시 서구 내동,중상사고,0,1,0,0,차대사람 - 차도통행중,안전운전불이행,건조,맑음,단일로 - 기타,이륜,남,53세,상해없음,보행자,남,45세,중상
2023070400100136,2023년 7월 4일 08시,화요일,대전광역시 서구 복수동,경상사고,0,0,1,0,차대차 - 기타,안전운전불이행,건조,맑음,교차로 - 교차로부근,승용,여,50세,상해없음,승용,남,41세,경상
2023070400100137,2023년 7월 4일 08시,화요일,대전광역시 대덕구 읍내동,중상사고,0,1,0,0,차대차 - 기타,안전운전불이행,건조,맑음,교차로 - 교차로부근,화물,남,56세,상해없음,자전거,남,43세,중상
2023070400100138,2023년 7월 4일 08시,화요일,대전광역시 서구 갈마동,경상사고,0,0,1,0,차대사람 - 보도통행중,보행자보호의무위반,건조,맑음,교차로 - 교차로횡단보도내,화물,남,71세,상해없음,보행자,남,41세,경상
2023070400100170,2023년 7월 4일 09시,화요일,대전광역시 중구 중촌동,중상사고,0,1,0,0,차대차 - 기타,기타,젖음/습기,흐림,교차로 - 교차로안,이륜,남,65세,중상,승용,여,63세,상해없음
2023070400100171,2023년 7월 4일 09시,화요일,대전광역시 서구 둔산동,경상사고,0,0,1,0,차대사람 - 기타,안전운전불이행,건조,맑음,단일로 - 기타,승용,남,53세,상해없음,보행자,여,29세,경상
2023070400100172,2023년 7월 4일 09시,화요일,대전광역시 유성구 장대동,경상사고,0,0,1,0,차대사람 - 차도통행중,안전운전불이행,건조,맑음,교차로 - 교차로안,승용,여,57세,상해없음,보행자,여,71세,경상
2023070400100223,2023년 7월 4일 11시,화요일,대전광역시 대덕구 상서동,경상사고,0,0,1,0,차대차 - 기타,안전운전불이행,건조,맑음,기타 - 기타,화물,남,70세,상해없음,승용,남,56세,경상
2023070400100273,2023년 7월 4일 13시,화요일,대전광역시 서구 도마동,중상사고,0,1,0,0,차대차 - 기타,안전운전불이행,젖음/습기,맑음,단일로 - 기타,승용,여,42세,상해없음,이륜,남,60세,중상
2023070400100274,2023년 7월 4일 13시,화요일,대전광역시 서구 월평동,경상사고,0,0,1,0,차대차 - 후진중충돌,안전운전불이행,젖음/습기,비,단일로 - 기타,화물,남,45세,상해없음,이륜,남,18세,경상
2023070400100341,2023년 7월 4일 15시,화요일,대전광역시 동구 가오동,경상사고,0,0,3,0,차대차 - 기타,안전운전불이행,젖음/습기,비,교차로 - 교차로부근,승합,여,20세,상해없음,승용,남,70세,기타불명
2023070400100342,2023년 7월 4일 15시,화요일,대전광역시 서구 탄방동,경상사고,0,0,2,0,차대차 - 추돌,안전운전불이행,젖음/습기,비,단일로 - 기타,승용,여,44세,상해없음,승용,남,69세,경상
2023070400100382,2023년 7월 4일 16시,화요일,대전광역시 유성구 노은동,경상사고,0,0,2,0,차대차 - 기타,교차로운행방법위반,젖음/습기,비,교차로 - 교차로안,승합,남,53세,상해없음,승용,남,37세,경상
2023070400100414,2023년 7월 4일 17시,화요일,대전광역시 동구 대동,경상사고,0,0,1,0,차대차 - 기타,안전운전불이행,젖음/습기,비,교차로 - 교차로부근,승용,남,62세,상해없음,승용,남,52세,경상
2023070400100459,2023년 7월 4일 18시,화요일,대전광역시 중구 용두동,경상사고,0,0,2,0,차대차 - 추돌,안전거리미확보,젖음/습기,비,단일로 - 기타,이륜,남,54세,상해없음,승용,여,31세,경상
2023070400100461,2023년 7월 4일 18시,화요일,대전광역시 서구 가수원동,경상사고,0,0,1,0,차대차 - 기타,안전운전불이행,젖음/습기,비,단일로 - 기타,승용,남,56세,상해없음,자전거,남,44세,경상
2023070400100463,2023년 7월 4일 18시,화요일,대전광역시 대덕구 법동,경상사고,0,0,1,0,차대차 - 기타,안전운전불이행,건조,흐림,단일로 - 기타,승용,남,32세,상해없음,이륜,남,32세,경상
2023070400100464,2023년 7월 4일 18시,화요일,대전광역시 유성구 송강동,경상사고,0,0,1,0,차대차 - 측면충돌,안전운전불이행,젖음/습기,비,교차로 - 교차로안,승용,남,58세,상해없음,화물,남,57세,경상
2023070400100506,2023년 7월 4일 19시,화요일,대전광역시 대덕구 오정동,경상사고,0,0,1,0,차대차 - 추돌,안전운전불이행,젖음/습기,비,교차로 - 교차로부근,화물,여,63세,상해없음,승용,남,52세,경상
2023070400100507,2023년 7월 4일 19시,화요일,대전광역시 유성구 장대동,중상사고,0,1,1,0,차대사람 - 횡단중,보행자보호의무위반,젖음/습기,비,교차로 - 교차로횡단보도내,승합,남,58세,상해없음,보행자,여,49세,중상
2023070400100549,2023년 7월 4일 20시,화요일,대전광역시 중구 은행동,경상사고,0,0,1,0,차대차 - 추돌,안전운전불이행,젖음/습기,비,교차로 - 교차로부근,승용,남,29세,상해없음,이륜,남,25세,경상
2023070400100600,2023년 7월 4일 22시,화요일,대전광역시 서구 괴정동,경상사고,0,0,1,0,차대차 - 측면충돌,안전운전불이행,젖음/습기,비,단일로 - 기타,승용,여,31세,상해없음,승용,남,70세,경상
2023070400100601,2023년 7월 4일 22시,화요일,대전광역시 대덕구 대화동,경상사고,0,0,1,0,차대차 - 추돌,안전운전불이행,젖음/습기,비,기타 - 기타,승용,남,57세,상해없음,승용,남,37세,경상
2023070400100627,2023년 7월 4일 23시,화요일,대전광역시 대덕구 중리동,경상사고,0,0,1,0,차대사람 - 기타,안전운전불이행,기타,흐림,교차로 - 교차로안,승용,남,63세,상해없음,보행자,여,61세,경상
2023070400100628,2023년 7월 4일 23시,화요일,대전광역시 서구 월평동,경상사고,0,0,2,0,차대차 - 기타,기타,젖음/습기,비,단일로 - 기타,승용,남,57세,상해없음,승용,남,37세,경상
2023070500100023,2023년 7월 5일 02시,수요일,대전광역시 서구 내동,중상사고,0,1,1,1,차대차 - 추돌,안전운전불이행,건조,맑음,단일로 - 기타,승용,남,51세,상해없음,승용,남,48세,부상신고
2023070500100034,2023년 7월 5일 05시,수요일,대전광역시 서구 월평동,경상사고,0,0,1,0,차대차 - 측면충돌,안전운전불이행,건조,맑음,교차로 - 교차로부근,승용,남,68세,상해없음,승용,여,62세,경상
2023070500100047,2023년 7월 5일 06시,수요일,대전광역시 서구 도마동,경상사고,0,0,1,0,차대사람 - 기타,안전운전불이행,건조,맑음,단일로 - 기타,승합,남,57세,상해없음,보행자,여,65세,경상
2023070500100134,2023년 7월 5일 09시,수요일,대전광역시 서구 도마동,경상사고,0,0,1,0,차대차 - 기타,안전운전불이행,건조,맑음,단일로 - 기타,승용,남,72세,상해없음,승용,남,30세,경상
2023070500100135,2023년 7월 5일 09시,수요일,대전광역시 서구 둔산동,경상사고,0,0,2,0,차대차 - 측면충돌,교차로운행방법위반,건조,맑음,교차로 - 교차로안,승용,여,60세,상해없음,승용,남,62세,경상
2023070500100136,2023년 7월 5일 09시,수요일,대전광역시 유성구 상대동,중상사고,0,1,0,0,차대사람 - 횡단중,신호위반,건조,맑음,교차로 - 교차로부근,승용,여,33세,상해없음,보행자,남,11세,중상
2023070500100137,2023년 7월 5일 09시,수요일,대전광역시 유성구 봉명동,중상사고,0,1,0,0,차대차 - 기타,안전운전불이행,건조,맑음,단일로 - 터널,화물,남,56세,상해없음,이륜,남,82세,중상
2023070500100138,2023년 7월 5일 09시,수요일,대전광역시 유성구 장대동,경상사고,0,0,1,0,차대차 - 기타,안전운전불이행,건조,맑음,단일로 - 터널,승용,여,53세,기타불명,승용,남,49세,경상
2023070500100170,2023년 7월 5일 10시,수요일,대전광역시 동구 성남동,경상사고,0,0,1,0,차대사람 - 기타,안전운전불이행,건조,맑음,단일로 - 기타,화물,남,48세,상해없음,보행자,여,43세,경상
2023070500100235,2023년 7월 5일 12시,수요일,대전광역시 서구 둔산동,경상사고,0,0,1,0,차대차 - 기타,안전운전불이행,건조,맑음,기타 - 기타,승용,남,34세,기타불명,승용,여,30세,경상
2023070500100236,2023년 7월 5일 12시,수요일,대전광역시 유성구 원내동,중상사고,0,1,0,0,차대사람 - 기타,기타,건조,맑음,단일로 - 기타,승용,남,74세,상해없음,보행자,여,50세,중상
2023070500100270,2023년 7월 5일 13시,수요일,대전광역시 유성구 장대동,경상사고,0,0,1,0,차량단독 - 기타,안전운전불이행,건조,맑음,교차로 - 교차로횡단보도내,승합,남,59세,상해없음,,,,
2023070500100302,2023년 7월 5일 14시,수요일,대전광역시 유성구 학하동,경상사고,0,0,4,0,차대차 - 기타,안전운전불이행,건조,맑음,교차로 - 교차로부근,승용,여,62세,상해없음,승용,남,69세,경상
2023070500100303,2023년 7월 5일 14시,수요일,대전광역시 유성구 장대동,경상사고,0,0,1,0,차대차 - 기타,안전거리미확보,건조,맑음,기타 - 기타,승용,남,63세,상해없음,승용,여,61세,경상
2023070500100331,2023년 7월 5일 15시,수요일,대전광역시 서구 만년동,중상사고,0,1,1,0,차대차 - 기타,신호위반,건조,맑음,교차로 - 교차로부근,승용,남,64세,상해없음,승합,남,40세,경상
2023070500100373,2023년 7월 5일 16시,수요일,대전광역시 동구 가양동,경상사고,0,0,1,0,차대차 - 측면충돌,안전운전불이행,건조,맑음,교차로 - 교차로부근,승용,여,64세,상해없음,승용,여,65세,경상
2023070500100454,2023년 7월 5일 18시,수요일,대전광역시 동구 인동,경상사고,0,0,1,0,차대차 - 추돌,안전운전불이행,건조,맑음,단일로 - 기타,승용,남,73세,상해없음,승용,남,41세,경상
2023070500100455,2023년 7월 5일 18시,수요일,대전광역시 대덕구 신대동,경상사고,0,0,1,0,차대차 - 기타,안전운전불이행,건조,맑음,기타 - 기타,승용,남,24세,기타불명,승용,남,37세,경상
2023070500100456,2023년 7월 5일 18시,수요일,대전광역시 서구 둔산동,경상사고,0,0,1,0,차대차 - 측면충돌,안전거리미확보,건조,맑음,단일로 - 기타,승용,남,50세,상해없음,승용,여,28세,경상
2023070500100511,2023년 7월 5일 20시,수요일,대전광역시 대덕구 중리동,경상사고,0,0,1,0,차대차 - 기타,안전운전불이행,건조,맑음,교차로 - 교차로횡단보도내,승용,여,63세,상해없음,자전거,남,8세,경상
2023070600100011,2023년 7월 6일 00시,목요일,대전광역시 유성구 원내동,경상사고,0,0,2,0,차대차 - 기타,안전운전불이행,건조,맑음,단일로 - 기타,승용,여,56세,상해없음,승용,여,56세,상해없음
2023070600100020,2023년 7월 6일 01시,목요일,대전광역시 유성구 봉명동,경상사고,0,0,1,0,차대사람 - 횡단중,보행자보호의무위반,건조,흐림,교차로 - 교차로횡단보도내,승용,남,70세,상해없음,보행자,남,33세,경상
2023070600100049,2023년 7월 6일 06시,목요일,대전광역시 동구 대동,중상사고,0,1,0,0,차대사람 - 횡단중,안전운전불이행,건조,맑음,단일로 - 기타,이륜,남,18세,상해없음,보행자,여,71세,중상
2023070600100050,2023년 7월 6일 06시,목요일,대전광역시 대덕구 석봉동,경상사고,0,0,1,0,차대차 - 기타,안전운전불이행,건조,맑음,단일로 - 기타,승용,남,58세,상해없음,자전거,남,68세,경상
2023070600100051,2023년 7월 6일 06시,목요일,대전광역시 대덕구 오정동,중상사고,0,1,0,0,차대차 - 기타,신호위반,건조,맑음,단일로 - 기타,자전거,여,61세,중상,승용,남,53세,상해없음
2023070600100083,2023년 7월 6일 07시,목요일,대전광역시 동구 가양동,경상사고,0,0,1,0,차대차 - 추돌,안전운전불이행,건조,맑음,단일로 - 기타,화물,남,68세,상해없음,승용,남,68세,경상
2023070600100084,2023년 7월 6일 07시,목요일,대전광역시 대덕구 중리동,중상사고,0,2,0,1,차대차 - 기타,기타,건조,맑음,기타 - 기타,승용,남,70세,부상신고,이륜,여,40세,중상
2023070600100085,2023년 7월 6일 07시,목요일,대전광역시 대덕구 문평동,경상사고,0,0,3,0,차대차 - 추돌,안전거리미확보,건조,맑음,단일로 - 교량,승용,남,60세,상해없음,승용,여,56세,경상
2023070600100086,2023년 7월 6일 07시,목요일,대전광역시 서구 월평동,중상사고,0,1,0,0,차대차 - 기타,중앙선침범,건조,맑음,단일로 - 기타,자전거,남,13세,중상,승용,남,54세,상해없음
2023070600100136,2023년 7월 6일 08시,목요일,대전광역시 동구 삼성동,중상사고,0,1,0,0,차대차 - 측면충돌,신호위반,건조,맑음,교차로 - 교차로안,승용,남,66세,상해없음,승용,남,28세,중상
2023070600100137,2023년 7월 6일 08시,목요일,대전광역시 대덕구 오정동,경상사고,0,0,3,0,차대차 - 추돌,안전운전불이행,건조,맑음,교차로 - 교차로안,승용,여,41세,경상,승용,여,57세,경상
2023070600100138,2023년 7월 6일 08시,목요일,대전광역시 유성구 화암동,경상사고,0,0,1,0,차대차 - 추돌,안전운전불이행,건조,맑음,교차로 - 교차로부근,승용,여,35세,기타불명,승용,여,55세,경상
2023070600100178,2023년 7월 6일 09시,목요일,대전광역시 서구 둔산동,경상사고,0,0,1,0,차대차 - 측면충돌,신호위반,건조,맑음,교차로 - 교차로부근,승용,여,56세,상해없음,승용,남,23세,경상
2023070600100179,2023년 7월 6일 09시,목요일,대전광역시 유성구 신성동,경상사고,0,0,1,0,차대차 - 기타,안전운전불이행,건조,맑음,단일로 - 기타,승용,남,40세,상해없음,승용,남,25세,경상
2023070600100206,2023년 7월 6일 10시,목요일,대전광역시 동구 효동,경상사고,0,0,1,0,차대차 - 추돌,안전운전불이행,건조,맑음,교차로 - 교차로부근,승용,여,74세,상해없음,승용,여,75세,경상
2023070600100207,2023년 7월 6일 10시,목요일,대전광역시 유성구 장대동,경상사고,0,0,1,0,차대차 - 측면충돌,안전운전불이행,건조,맑음,교차로 - 교차로안,화물,남,55세,상해없음,화물,남,37세,경상
2023070600100241,2023년 7월 6일 11시,목요일,대전광역시 대덕구 신탄진동,경상사고,0,0,1,0,차대차 - 측면충돌,안전운전불이행,건조,맑음,교차로 - 교차로안,농기계,여,79세,기타불명,승용,여,39세,경상
2023070600100242,2023년 7월 6일 11시,목요일,대전광역시 서구 갈마동,경상사고,0,0,2,0,차대차 - 추돌,안전거리미확보,건조,맑음,단일로 - 기타,승용,남,31세,상해없음,승용,여,55세,경상
2023070600100326,2023년 7월 6일 14시,목요일,대전광역시 동구 판암동,중상사고,0,1,0,0,차대사람 - 횡단중,안전운전불이행,건조,맑음,교차로 - 교차로부근,승용,남,76세,상해없음,보행자,여,71세,중상
2023070600100399,2023년 7월 6일 16시,목요일,대전광역시 대덕구 오정동,경상사고,0,0,1,0,차대차 - 기타,안전운전불이행,건조,맑음,단일로 - 기타,화물,남,72세,상해없음,승용,남,31세,경상
2023070600100400,2023년 7월 6일 16시,목요일,대전광역시 유성구 학하동,경상사고,0,0,1,0,차대사람 - 기타,안전운전불이행,건조,맑음,단일로 - 기타,승용,남,26세,상해없음,보행자,여,63세,경상
2023070600100432,2023년 7월 6일 17시,목요일,대전광역시 유성구 용계동,경상사고,0,0,1,0,차대사람 - 기타,기타,건조,맑음,기타 - 기타,개인형이동수단(PM),여,20세,상해없음,보행자,여,16세,경상
2023070600100477,2023년 7월 6일 18시,목요일,대전광역시 서구 괴정동,경상사고,0,0,2,0,차대차 - 기타,안전거리미확보,건조,맑음,단일로 - 기타,승용,여,60세,상해없음,승용,남,46세,경상
2023070600100478,2023년 7월 6일 18시,목요일,대전광역시 서구 둔산동,중상사고,0,1,0,0,차대차 - 기타,안전운전불이행,건조,맑음,교차로 - 교차로안,승용,여,61세,기타불명,이륜,남,27세,중상
2023070600100568,2023년 7월 6일 22시,목요일,대전광역시 중구 오류동,경상사고,0,0,1,0,차대차 - 기타,안전운전불이행,건조,흐림,단일로 - 기타,승용,여,47세,상해없음,승용,남,24세,기타불명
2023070600100569,2023년 7월 6일 22시,목요일,대전광역시 서구 괴정동,경상사고,0,0,1,0,차대사람 - 횡단중,보행자보호의무위반,건조,맑음,교차로 - 교차로횡단보도내,승용,남,43세,상해없음,보행자,여,63세,경상
2023070600100570,2023년 7월 6일 22시,목요일,대전광역시 서구 복수동,경상사고,0,0,1,0,차대차 - 기타,중앙선침범,건조,맑음,교차로 - 교차로부근,승용,남,65세,상해없음,승용,남,31세,경상
2023070600100571,2023년 7월 6일 22시,목요일,대전광역시 유성구 원신흥동,중상사고,0,1,0,0,차대차 - 기타,안전운전불이행,기타,기타,기타 - 기타,승용,여,28세,기타불명,이륜,남,25세,중상
2023070600100581,2023년 7월 6일 23시,목요일,대전광역시 중구 사정동,경상사고,0,0,1,0,차대차 - 측면충돌,안전운전불이행,건조,맑음,단일로 - 기타,승용,남,32세,상해없음,승용,남,29세,경상
2023070700100118,2023년 7월 7일 08시,금요일,대전광역시 서구 도마동,경상사고,0,0,1,0,차대사람 - 기타,안전운전불이행,건조,맑음,단일로 - 기타,승용,여,51세,상해없음,보행자,여,54세,경상
2023070700100119,2023년 7월 7일 08시,금요일,대전광역시 서구 만년동,경상사고,0,0,1,0,차대차 - 측면충돌,교차로운행방법위반,건조,맑음,교차로 - 교차로안,승용,여,31세,상해없음,승용,여,28세,경상
2023070700100177,2023년 7월 7일 10시,금요일,대전광역시 동구 홍도동,경상사고,0,0,3,0,차대차 - 측면충돌,직진우회전진행방해,건조,맑음,교차로 - 교차로안,승용,남,43세,상해없음,승용,남,42세,경상
2023070700100178,2023년 7월 7일 10시,금요일,대전광역시 유성구 노은동,경상사고,0,0,1,0,차대차 - 추돌,안전거리미확보,건조,맑음,단일로 - 기타,화물,남,59세,상해없음,승합,남,67세,경상
2023070700100220,2023년 7월 7일 11시,금요일,대전광역시 유성구 구암동,경상사고,0,0,1,0,차대차 - 기타,안전운전불이행,젖음/습기,비,단일로 - 기타,승용,남,54세,상해없음,개인형이동수단(PM),남,19세,경상
2023070700100255,2023년 7월 7일 12시,금요일,대전광역시 유성구 구룡동,경상사고,0,0,1,0,차대차 - 추돌,안전운전불이행,젖음/습기,비,단일로 - 기타,승용,남,36세,상해없음,승용,여,46세,경상
2023070700100328,2023년 7월 7일 14시,금요일,대전광역시 동구 가양동,경상사고,0,0,1,0,차대차 - 측면충돌,안전운전불이행,젖음/습기,비,교차로 - 교차로안,화물,남,64세,상해없음,승용,여,52세,경상
2023070700100364,2023년 7월 7일 15시,금요일,대전광역시 중구 선화동,경상사고,0,0,1,0,차대차 - 측면충돌,안전거리미확보,젖음/습기,비,단일로 - 기타,승용,여,25세,상해없음,승용,남,39세,경상
2023070700100365,2023년 7월 7일 15시,금요일,대전광역시 동구 성남동,경상사고,0,0,1,0,차대차 - 추돌,안전운전불이행,젖음/습기,비,교차로 - 교차로부근,승용,여,41세,상해없음,화물,남,30세,경상
2023070700100366,2023년 7월 7일 15시,금요일,대전광역시 대덕구 비래동,경상사고,0,0,1,0,차대차 - 정면충돌,안전운전불이행,젖음/습기,비,교차로 - 교차로안,승용,남,57세,상해없음,승용,남,58세,경상
2023070700100367,2023년 7월 7일 15시,금요일,대전광역시 서구 둔산동,경상사고,0,0,1,0,차대차 - 측면충돌,안전운전불이행,젖음/습기,비,단일로 - 기타,승용,남,79세,상해없음,승용,여,28세,경상
2023070700100479,2023년 7월 7일 17시,금요일,대전광역시 서구 둔산동,중상사고,0,1,0,0,차대사람 - 횡단중,안전운전불이행,젖음/습기,비,교차로 - 교차로횡단보도내,승용,남,24세,상해없음,보행자,여,24세,중상
2023070700100480,2023년 7월 7일 17시,금요일,대전광역시 유성구 계산동,경상사고,0,0,2,0,차대차 - 측면충돌,안전운전불이행,젖음/습기,비,교차로 - 교차로안,승용,여,51세,경상,승용,남,61세,경상
2023070700100525,2023년 7월 7일 18시,금요일,대전광역시 동구 낭월동,중상사고,0,1,0,0,차대차 - 정면충돌,신호위반,젖음/습기,비,단일로 - 기타,승용,남,63세,상해없음,승용,여,33세,중상
2023070700100526,2023년 7월 7일 18시,금요일,대전광역시 서구 복수동,경상사고,0,0,1,0,차대차 - 추돌,안전운전불이행,젖음/습기,비,단일로 - 기타,기타불명,기타불명,미분류,기타불명,이륜,남,30세,경상
2023070700100527,2023년 7월 7일 18시,금요일,대전광역시 서구 둔산동,경상사고,0,0,1,0,차대차 - 측면충돌,교차로운행방법위반,젖음/습기,비,교차로 - 교차로안,승용,남,70세,상해없음,승용,남,63세,경상
2023070700100528,2023년 7월 7일 18시,금요일,대전광역시 유성구 반석동,경상사고,0,0,1,0,차대차 - 측면충돌,안전운전불이행,젖음/습기,비,단일로 - 기타,승용,남,35세,상해없음,승용,남,28세,경상
2023070700100627,2023년 7월 7일 21시,금요일,대전광역시 동구 성남동,경상사고,0,0,2,0,차대차 - 추돌,안전거리미확보,젖음/습기,비,단일로 - 기타,승용,남,56세,상해없음,승용,남,42세,경상
2023070700100650,2023년 7월 7일 22시,금요일,대전광역시 서구 탄방동,경상사고,0,0,1,0,차대사람 - 기타,안전운전불이행,젖음/습기,비,단일로 - 기타,승용,남,54세,상해없음,보행자,남,25세,경상
2023070700100651,2023년 7월 7일 22시,금요일,대전광역시 유성구 장대동,경상사고,0,0,1,0,차대차 - 추돌,안전운전불이행,젖음/습기,비,단일로 - 기타,승용,남,25세,기타불명,승용,남,47세,경상
2023070700100668,2023년 7월 7일 23시,금요일,대전광역시 서구 갈마동,부상신고사고,0,0,0,1,차대차 - 후진중충돌,안전운전불이행,젖음/습기,비,단일로 - 기타,승용,남,32세,상해없음,승용,남,25세,부상신고
2023070800100016,2023년 7월 8일 00시,토요일,대전광역시 중구 대흥동,경상사고,0,0,1,0,차대차 - 기타,안전운전불이행,젖음/습기,흐림,단일로 - 기타,승용,남,20세,상해없음,원동기,남,24세,경상
2023070800100017,2023년 7월 8일 00시,토요일,대전광역시 서구 도안동,경상사고,0,0,3,0,차대차 - 측면충돌,안전거리미확보,젖음/습기,흐림,단일로 - 기타,승용,남,42세,상해없음,승용,남,65세,경상