사고번호,사고일시,요일,시군구,사고내용,사망자수,중상자수,경상자수,부상신고자수,사고유형,법규위반,노면상태,기상상태,도로형태,가해운전자 차종,가해운전자 성별,가해운전자 연령,가해운전자 상해정도,피해운전자 차종,피해운전자 성별,피해운전자 연령,피해운전자 상해정도
2023070800100030,2023년 7월 8일 01시,토요일,대전광역시 서구 관저동,중상사고,0,1,0,1,차대사람 - 횡단중,보행자보호의무위반,젖음/습기,기타,교차로 - 교차로횡단보도내,승용,남,67세,기타불명,보행자,여,21세,중상
2023070800100044,2023년 7월 8일 03시,토요일,대전광역시 서구 둔산동,중상사고,0,2,0,0,차대사람 - 기타,안전운전불이행,젖음/습기,흐림,단일로 - 기타,승용,남,27세,상해없음,보행자,남,35세,중상
2023070800100085,2023년 7월 8일 07시,토요일,대전광역시 서구 월평동,경상사고,0,0,1,0,차대차 - 정면충돌,안전운전불이행,젖음/습기,비,교차로 - 교차로부근,승용,여,33세,상해없음,승용,남,54세,경상
2023070800100098,2023년 7월 8일 08시,토요일,대전광역시 동구 성남동,경상사고,0,0,2,0,차대차 - 측면충돌,교차로운행방법위반,건조,맑음,교차로 - 교차로안,승용,남,30세,경상,승용,여,28세,경상
2023070800100126,2023년 7월 8일 09시,토요일,대전광역시 중구 대사동,경상사고,0,0,1,0,차대차 - 측면충돌,교차로운행방법위반,젖음/습기,비,교차로 - 교차로부근,승용,여,71세,상해없음,승용,남,32세,경상
2023070800100127,2023년 7월 8일 09시,토요일,대전광역시 서구 도마동,경상사고,0,0,2,0,차대차 - 기타,안전거리미확보,젖음/습기,비,교차로 - 교차로부근,승용,여,26세,기타불명,승용,남,32세,경상
2023070800100152,2023년 7월 8일 10시,토요일,대전광역시 동구 인동,경상사고,0,0,2,0,차대차 - 측면충돌,신호위반,젖음/습기,흐림,단일로 - 지하차도(도로)내,승용,남,77세,상해없음,승용,남,56세,경상
2023070800100179,2023년 7월 8일 11시,토요일,대전광역시 서구 도마동,사망사고,1,0,0,0,차대차 - 기타,안전거리미확보,젖음/습기,맑음,교차로 - 교차로안,이륜,남,77세,사망,승용,남,52세,상해없음
2023070800100210,2023년 7월 8일 12시,토요일,대전광역시 중구 유천동,경상사고,0,0,2,0,차대차 - 기타,안전운전불이행,건조,맑음,단일로 - 기타,원동기,남,35세,경상,승용,남,65세,경상
2023070800100211,2023년 7월 8일 12시,토요일,대전광역시 중구 용두동,경상사고,0,0,1,0,차대차 - 기타,안전거리미확보,건조,맑음,단일로 - 기타,승용,남,29세,상해없음,승용,남,51세,경상
2023070800100212,2023년 7월 8일 12시,토요일,대전광역시 서구 갈마동,중상사고,0,2,0,0,차대차 - 추돌,안전운전불이행,건조,맑음,단일로 - 기타,승용,남,72세,상해없음,승용,남,59세,중상
2023070800100261,2023년 7월 8일 13시,토요일,대전광역시 대덕구 중리동,중상사고,0,1,1,0,차대차 - 측면충돌,교차로운행방법위반,건조,맑음,교차로 - 교차로안,화물,남,65세,상해없음,화물,여,51세,경상
2023070800100319,2023년 7월 8일 15시,토요일,대전광역시 동구 소제동,중상사고,0,1,0,0,차대차 - 측면충돌,안전거리미확보,건조,맑음,단일로 - 교량,승용,남,69세,상해없음,승용,남,61세,중상
2023070800100350,2023년 7월 8일 16시,토요일,대전광역시 중구 사정동,경상사고,0,0,3,0,차대차 - 기타,안전운전불이행,건조,맑음,기타 - 기타,건설기계,남,49세,상해없음,승용,남,35세,경상
2023070800100351,2023년 7월 8일 16시,토요일,대전광역시 동구 홍도동,경상사고,0,0,1,0,차대차 - 기타,안전운전불이행,건조,맑음,단일로 - 기타,승용,남,47세,상해없음,이륜,남,35세,경상
2023070800100387,2023년 7월 8일 17시,토요일,대전광역시 중구 산성동,경상사고,0,0,1,0,차대사람 - 기타,안전운전불이행,건조,맑음,교차로 - 교차로부근,승용,여,49세,상해없음,보행자,남,49세,경상
2023070800100388,2023년 7월 8일 17시,토요일,대전광역시 동구 정동,경상사고,0,0,1,0,차대차 - 추돌,안전운전불이행,건조,맑음,단일로 - 터널,승용,남,54세,상해없음,승용,남,70세,경상
2023070800100416,2023년 7월 8일 18시,토요일,대전광역시 유성구 봉명동,경상사고,0,0,1,0,차대사람 - 기타,안전운전불이행,건조,맑음,기타 - 기타,개인형이동수단(PM),기타불명,미분류,기타불명,보행자,여,20세,경상
2023070800100442,2023년 7월 8일 19시,토요일,대전광역시 대덕구 송촌동,경상사고,0,0,4,0,차대차 - 측면충돌,안전운전불이행,건조,맑음,교차로 - 교차로안,화물,남,64세,상해없음,승용,남,81세,경상
2023070800100466,2023년 7월 8일 20시,토요일,대전광역시 동구 성남동,중상사고,0,2,4,0,차대차 - 추돌,안전거리미확보,건조,맑음,단일로 - 기타,승용,남,62세,상해없음,승합,남,56세,경상
2023070800100467,2023년 7월 8일 20시,토요일,대전광역시 서구 복수동,경상사고,0,0,2,0,차대차 - 기타,안전거리미확보,건조,맑음,교차로 - 교차로부근,승용,남,64세,상해없음,승용,남,23세,경상
2023070800100468,2023년 7월 8일 20시,토요일,대전광역시 유성구 궁동,경상사고,0,0,3,0,차대차 - 측면충돌,안전거리미확보,건조,맑음,단일로 - 기타,승용,여,58세,기타불명,승용,여,30세,경상
2023070800100514,2023년 7월 8일 22시,토요일,대전광역시 대덕구 중리동,경상사고,0,0,2,0,차대차 - 기타,기타,건조,맑음,단일로 - 기타,승용,남,42세,기타불명,승용,남,44세,경상
2023070800100515,2023년 7월 8일 22시,토요일,대전광역시 서구 월평동,중상사고,0,4,0,0,차대차 - 측면충돌,신호위반,건조,맑음,교차로 - 교차로안,승용,여,27세,상해없음,승용,여,25세,중상
2023070800100539,2023년 7월 8일 23시,토요일,대전광역시 유성구 죽동,경상사고,0,0,1,0,차대차 - 기타,안전거리미확보,건조,맑음,기타 - 기타,승용,여,36세,상해없음,승용,남,31세,경상
2023070900100040,2023년 7월 9일 04시,일요일,대전광역시 동구 중동,중상사고,0,1,0,0,차대사람 - 길가장자리구역통행중,안전운전불이행,건조,맑음,교차로 - 교차로부근,승용,남,70세,상해없음,보행자,여,77세,중상
2023070900100102,2023년 7월 9일 10시,일요일,대전광역시 대덕구 문평동,중상사고,0,1,0,0,차대차 - 기타,안전운전불이행,젖음/습기,흐림,단일로 - 기타,승용,남,45세,상해없음,자전거,남,65세,중상
2023070900100209,2023년 7월 9일 14시,일요일,대전광역시 동구 용전동,경상사고,0,0,1,0,차대사람 - 기타,안전운전불이행,건조,맑음,단일로 - 기타,승합,남,45세,상해없음,보행자,남,76세,상해없음
2023070900100210,2023년 7월 9일 14시,일요일,대전광역시 유성구 장대동,경상사고,0,0,2,0,차대차 - 기타,안전운전불이행,건조,맑음,교차로 - 교차로부근,승용,여,54세,상해없음,화물,남,63세,경상
2023070900100231,2023년 7월 9일 15시,일요일,대전광역시 대덕구 오정동,경상사고,0,0,1,0,차대차 - 측면충돌,안전운전불이행,건조,맑음,단일로 - 기타,자전거,남,57세,상해없음,자전거,남,34세,경상
2023070900100232,2023년 7월 9일 15시,일요일,대전광역시 서구 둔산동,경상사고,0,0,1,0,차대차 - 기타,안전운전불이행,건조,맑음,기타 - 기타,자전거,남,61세,상해없음,자전거,남,15세,경상
2023070900100233,2023년 7월 9일 15시,일요일,대전광역시 서구 월평동,경상사고,0,0,1,0,차대차 - 기타,안전운전불이행,건조,맑음,단일로 - 기타,승용,남,45세,기타불명,이륜,남,36세,경상
2023070900100262,2023년 7월 9일 16시,일요일,대전광역시 동구 중동,중상사고,0,2,4,0,차대차 - 측면충돌,안전운전불이행,건조,맑음,교차로 - 교차로안,승용,남,66세,상해없음,승용,남,36세,중상
2023070900100263,2023년 7월 9일 16시,일요일,대전광역시 유성구 봉명동,부상신고사고,0,0,0,1,차대차 - 기타,안전운전불이행,건조,맑음,기타 - 기타,승용,여,60세,상해없음,이륜,여,35세,부상신고
2023070900100292,2023년 7월 9일 17시,일요일,대전광역시 동구 가양동,경상사고,0,0,1,0,차대차 - 측면충돌,안전운전불이행,건조,맑음,교차로 - 교차로부근,이륜,남,25세,상해없음,화물,여,69세,경상
2023070900100293,2023년 7월 9일 17시,일요일,대전광역시 서구 복수동,경상사고,0,0,3,0,차대차 - 기타,안전운전불이행,건조,맑음,단일로 - 기타,승용,남,37세,상해없음,승용,남,36세,경상
2023070900100314,2023년 7월 9일 18시,일요일,대전광역시 서구 괴정동,경상사고,0,0,1,0,차대사람 - 기타,안전운전불이행,건조,맑음,교차로 - 교차로안,개인형이동수단(PM),남,18세,상해없음,보행자,남,63세,경상
2023070900100334,2023년 7월 9일 19시,일요일,대전광역시 동구 소제동,중상사고,0,1,0,0,차대차 - 측면충돌,안전운전불이행,건조,맑음,교차로 - 교차로안,승용,여,57세,상해없음,이륜,남,24세,중상
2023070900100371,2023년 7월 9일 21시,일요일,대전광역시 동구 삼성동,경상사고,0,0,1,0,차대차 - 측면충돌,신호위반,건조,맑음,교차로 - 교차로안,승용,남,36세,상해없음,승합,남,59세,경상
2023070900100372,2023년 7월 9일 21시,일요일,대전광역시 서구 괴정동,경상사고,0,0,2,0,차대차 - 측면충돌,안전운전불이행,건조,맑음,교차로 - 교차로안,승용,여,34세,경상,승용,남,49세,상해없음
2023071000100019,2023년 7월 10일 03시,월요일,대전광역시 서구 관저동,중상사고,0,1,0,0,차량단독 - 기타,안전운전불이행,젖음/습기,비,단일로 - 기타,이륜,남,22세,중상,,,,
2023071000100052,2023년 7월 10일 06시,월요일,대전광역시 대덕구 읍내동,경상사고,0,0,1,0,차대차 - 기타,안전거리미확보,건조,맑음,단일로 - 기타,승용,남,41세,상해없음,승용,여,58세,경상
2023071000100078,2023년 7월 10일 07시,월요일,대전광역시 중구 용두동,경상사고,0,0,1,0,차대차 - 기타,안전운전불이행,젖음/습기,흐림,단일로 - 교량,승합,남,57세,상해없음,승용,남,57세,경상
2023071000100107,2023년 7월 10일 08시,월요일,대전광역시 서구 탄방동,경상사고,0,0,1,0,차대사람 - 기타,안전운전불이행,젖음/습기,흐림,교차로 - 교차로안,승용,남,58세,상해없음,보행자,여,58세,경상
2023071000100161,2023년 7월 10일 10시,월요일,대전광역시 서구 둔산동,경상사고,0,0,1,0,차대차 - 후진중충돌,안전운전불이행,건조,맑음,주차장 - 주차장,승용,남,64세,상해없음,화물,남,27세,경상
2023071000100162,2023년 7월 10일 10시,월요일,대전광역시 서구 갈마동,경상사고,0,0,1,0,차대차 - 추돌,안전운전불이행,건조,맑음,교차로 - 교차로부근,승용,남,60세,상해없음,승용,여,42세,경상
2023071000100205,2023년 7월 10일 12시,월요일,대전광역시 유성구 장대동,경상사고,0,0,1,0,차대차 - 측면충돌,안전거리미확보,건조,맑음,기타 - 기타,승용,남,65세,상해없음,승용,여,25세,경상
2023071000100211,2023년 7월 10일 12시,월요일,대전광역시 서구 정림동,중상사고,0,1,0,0,차대사람 - 차도통행중,안전운전불이행,건조,맑음,단일로 - 기타,승용,남,51세,상해없음,보행자,여,82세,중상
2023071000100212,2023년 7월 10일 12시,월요일,대전광역시 서구 둔산동,중상사고,0,1,0,0,차대차 - 측면충돌,신호위반,건조,맑음,단일로 - 기타,승용,남,39세,상해없음,승용,여,56세,중상
2023071000100247,2023년 7월 10일 13시,월요일,대전광역시 동구 용운동,중상사고,0,1,0,0,차대차 - 정면충돌,안전운전불이행,건조,맑음,교차로 - 교차로안,승용,여,50세,상해없음,이륜,남,42세,중상
2023071000100248,2023년 7월 10일 13시,월요일,대전광역시 서구 오동,사망사고,1,0,0,0,차량단독 - 주/정차차량 충돌,안전운전불이행,건조,맑음,단일로 - 기타,승용,남,56세,사망,,,,
2023071000100249,2023년 7월 10일 13시,월요일,대전광역시 유성구 장대동,중상사고,0,1,0,0,차대사람 - 기타,안전운전불이행,건조,맑음,교차로 - 교차로부근,승용,남,53세,상해없음,보행자,남,84세,중상
2023071000100351,2023년 7월 10일 16시,월요일,대전광역시 동구 가양동,경상사고,0,0,1,0,차대사람 - 길가장자리구역통행중,안전운전불이행,건조,맑음,교차로 - 교차로안,승용,여,57세,상해없음,보행자,여,10세,경상
2023071000100402,2023년 7월 10일 17시,월요일,대전광역시 동구 가오동,중상사고,0,1,0,0,차대차 - 추돌,신호위반,건조,맑음,교차로 - 교차로횡단보도내,이륜,남,32세,상해없음,자전거,남,68세,중상
2023071000100403,2023년 7월 10일 17시,월요일,대전광역시 서구 둔산동,경상사고,0,0,1,0,차대차 - 측면충돌,안전운전불이행,건조,맑음,단일로 - 기타,승용,남,57세,상해없음,승용,여,32세,경상
2023071000100404,2023년 7월 10일 17시,월요일,대전광역시 서구 둔산동,경상사고,0,0,1,0,차대차 - 추돌,안전운전불이행,건조,맑음,교차로 - 교차로부근,승용,남,66세,상해없음,승용,여,43세,경상
2023071000100509,2023년 7월 10일 20시,월요일,대전광역시 동구 성남동,사망사고,1,0,0,0,차대사람 - 차도통행중,기타,건조,맑음,교차로 - 교차로안,화물,남,62세,상해없음,보행자,남,86세,사망
2023071100100016,2023년 7월 11일 01시,화요일,대전광역시 서구 가장동,부상신고사고,0,0,0,1,차대사람 - 기타,안전운전불이행,건조,맑음,단일로 - 기타,승용,남,69세,상해없음,보행자,여,28세,부상신고
2023071100100038,2023년 7월 11일 05시,화요일,대전광역시 동구 삼성동,경상사고,0,0,1,0,차대차 - 측면충돌,안전운전불이행,건조,맑음,단일로 - 기타,승용,남,45세,상해없음,승용,남,57세,경상
2023071100100164,2023년 7월 11일 09시,화요일,대전광역시 서구 가장동,경상사고,0,0,1,0,차대차 - 기타,안전운전불이행,젖음/습기,비,교차로 - 교차로횡단보도내,승용,여,26세,상해없음,화물,여,29세,경상
2023071100100227,2023년 7월 11일 11시,화요일,대전광역시 서구 관저동,경상사고,0,0,1,0,차대차 - 기타,신호위반,건조,맑음,교차로 - 교차로안,승용,남,43세,기타불명,이륜,남,25세,경상
2023071100100228,2023년 7월 11일 11시,화요일,대전광역시 서구 관저동,경상사고,0,0,1,0,차대차 - 추돌,안전운전불이행,건조,맑음,교차로 - 교차로부근,승용,남,69세,상해없음,승용,남,53세,경상
2023071100100265,2023년 7월 11일 12시,화요일,대전광역시 서구 관저동,경상사고,0,0,1,0,차대차 - 추돌,안전운전불이행,젖음/습기,비,교차로 - 교차로부근,건설기계,남,60세,기타불명,승용,여,46세,경상
2023071100100266,2023년 7월 11일 12시,화요일,대전광역시 서구 괴정동,경상사고,0,0,2,0,차대차 - 측면충돌,중앙선침범,젖음/습기,비,교차로 - 교차로부근,승용,여,46세,경상,승용,남,61세,경상
2023071100100309,2023년 7월 11일 13시,화요일,대전광역시 유성구 방동,경상사고,0,0,2,0,차대차 - 측면충돌,안전운전불이행,젖음/습기,비,교차로 - 교차로안,이륜,남,17세,상해없음,승용,남,63세,경상
2023071100100367,2023년 7월 11일 15시,화요일,대전광역시 중구 문화동,경상사고,0,0,1,0,차대차 - 기타,안전운전불이행,젖음/습기,맑음,기타 - 기타,개인형이동수단(PM),남,15세,상해없음,자전거,여,51세,경상
2023071100100400,2023년 7월 11일 16시,화요일,대전광역시 중구 태평동,경상사고,0,0,1,0,차대차 - 측면충돌,안전거리미확보,젖음/습기,흐림,교차로 - 교차로안,화물,여,61세,상해없음,승용,여,53세,경상
2023071100100401,2023년 7월 11일 16시,화요일,대전광역시 서구 탄방동,경상사고,0,0,1,0,차대차 - 추돌,안전운전불이행,젖음/습기,비,단일로 - 기타,승용,남,27세,상해없음,화물,남,48세,경상
2023071100100439,2023년 7월 11일 17시,화요일,대전광역시 서구 둔산동,경상사고,0,0,2,0,차대차 - 기타,안전거리미확보,젖음/습기,비,단일로 - 기타,승용,남,69세,경상,승용,여,55세,경상
2023071100100487,2023년 7월 11일 18시,화요일,대전광역시 서구 갈마동,경상사고,0,0,1,0,차대차 - 측면충돌,교차로운행방법위반,젖음/습기,비,교차로 - 교차로부근,화물,남,51세,상해없음,승용,남,65세,경상
2023071100100542,2023년 7월 11일 20시,화요일,대전광역시 동구 가양동,중상사고,0,1,0,0,차대사람 - 횡단중,기타,젖음/습기,흐림,단일로 - 기타,승용,남,62세,상해없음,보행자,남,58세,중상
2023071100100543,2023년 7월 11일 20시,화요일,대전광역시 서구 둔산동,경상사고,0,0,2,0,차대차 - 추돌,안전운전불이행,젖음/습기,비,교차로 - 교차로부근,이륜,남,33세,상해없음,승용,남,29세,경상
2023071100100544,2023년 7월 11일 20시,화요일,대전광역시 서구 만년동,중상사고,0,1,0,0,차대사람 - 횡단중,신호위반,건조,맑음,교차로 - 교차로횡단보도내,승용,여,55세,상해없음,보행자,남,67세,중상
2023071100100545,2023년 7월 11일 20시,화요일,대전광역시 유성구 신성동,경상사고,0,0,1,0,차대차 - 정면충돌,안전운전불이행,젖음/습기,비,단일로 - 기타,승용,여,41세,상해없음,승용,남,67세,경상
2023071100100570,2023년 7월 11일 21시,화요일,대전광역시 중구 용두동,경상사고,0,0,2,0,차대차 - 기타,안전운전불이행,젖음/습기,비,교차로 - 교차로안,승용,남,50세,상해없음,승용,남,54세,경상
2023071100100571,2023년 7월 11일 21시,화요일,대전광역시 유성구 관평동,경상사고,0,0,1,0,차대차 - 기타,중앙선침범,젖음/습기,비,단일로 - 기타,승용,여,46세,상해없음,승용,남,42세,경상
2023071100100603,2023년 7월 11일 23시,화요일,대전광역시 서구 변동,경상사고,0,0,1,0,차대차 - 기타,안전운전불이행,기타,기타,교차로 - 교차로부근,승용,여,53세,상해없음,승용,남,36세,경상
2023071100100604,2023년 7월 11일 23시,화요일,대전광역시 서구 만년동,경상사고,0,0,1,0,차대차 - 측면충돌,교차로운행방법위반,젖음/습기,비,교차로 - 교차로안,승용,여,62세,상해없음,승용,남,26세,경상
2023071100100605,2023년 7월 11일 23시,화요일,대전광역시 서구 둔산동,경상사고,0,0,2,0,차대차 - 추돌,안전거리미확보,건조,맑음,교차로 - 교차로부근,승용,남,37세,상해없음,승용,여,47세,경상
2023071200100022,2023년 7월 12일 03시,수요일,대전광역시 유성구 봉명동,경상사고,0,0,1,0,차대사람 - 보도통행중,안전운전불이행,젖음/습기,비,단일로 - 기타,승용,남,37세,상해없음,보행자,남,64세,경상
2023071200100043,2023년 7월 12일 06시,수요일,대전광역시 대덕구 덕암동,부상신고사고,0,0,0,1,차대차 - 기타,교차로운행방법위반,건조,맑음,교차로 - 교차로안,이륜,남,20세,상해없음,승용,남,67세,부상신고
2023071200100102,2023년 7월 12일 08시,수요일,대전광역시 동구 신흥동,경상사고,0,0,1,0,차대차 - 추돌,안전거리미확보,건조,맑음,교차로 - 교차로부근,화물,남,72세,상해없음,승용,여,59세,경상
2023071200100103,2023년 7월 12일 08시,수요일,대전광역시 서구 월평동,경상사고,0,0,1,0,차대차 - 추돌,안전거리미확보,건조,맑음,교차로 - 교차로부근,화물,남,57세,상해없음,승용,여,47세,경상
2023071200100142,2023년 7월 12일 10시,수요일,대전광역시 유성구 노은동,경상사고,0,0,1,0,차량단독 - 기타,안전운전불이행,건조,맑음,교차로 - 교차로부근,승용,남,67세,상해없음,,,,
2023071200100178,2023년 7월 12일 11시,수요일,대전광역시 서구 월평동,경상사고,0,0,1,0,차대차 - 측면충돌,안전거리미확보,건조,맑음,단일로 - 기타,승용,남,74세,상해없음,승용,여,30세,경상
2023071200100266,2023년 7월 12일 14시,수요일,대전광역시 동구 대성동,경상사고,0,0,1,0,차대차 - 측면충돌,안전운전불이행,건조,맑음,교차로 - 교차로안,승용,여,68세,상해없음,화물,남,67세,경상
2023071200100267,2023년 7월 12일 14시,수요일,대전광역시 동구 판암동,중상사고,0,1,0,0,차대차 - 정면충돌,중앙선침범,건조,맑음,교차로 - 교차로부근,승용,남,50세,상해없음,이륜,남,34세,중상
2023071200100306,2023년 7월 12일 15시,수요일,대전광역시 대덕구 석봉동,경상사고,0,0,1,0,차대사람 - 기타,안전운전불이행,건조,맑음,기타 - 기타,승용,여,32세,상해없음,보행자,여,12세,경상
2023071200100307,2023년 7월 12일 15시,수요일,대전광역시 서구 둔산동,경상사고,0,0,1,0,차대차 - 기타,신호위반,건조,맑음,교차로 - 교차로안,승용,여,70세,상해없음,승용,여,25세,경상
2023071200100344,2023년 7월 12일 16시,수요일,대전광역시 서구 갈마동,경상사고,0,0,1,0,차대차 - 추돌,안전운전불이행,건조,맑음,단일로 - 기타,승합,남,41세,상해없음,화물,남,36세,경상
2023071200100388,2023년 7월 12일 17시,수요일,대전광역시 중구 용두동,경상사고,0,0,4,0,차대차 - 기타,안전거리미확보,건조,맑음,단일로 - 교량,승용,여,38세,상해없음,승용,남,73세,경상
2023071200100389,2023년 7월 12일 17시,수요일,대전광역시 서구 탄방동,경상사고,0,0,1,0,차대차 - 기타,안전운전불이행,건조,맑음,기타 - 기타,승용,여,54세,상해없음,이륜,남,28세,경상
2023071200100390,2023년 7월 12일 17시,수요일,대전광역시 유성구 갑동,중상사고,0,1,3,0,차대차 - 추돌,안전운전불이행,건조,맑음,교차로 - 교차로부근,승용,남,45세,상해없음,승용,여,52세,경상
2023071200100436,2023년 7월 12일 18시,수요일,대전광역시 중구 오류동,경상사고,0,0,1,0,차대차 - 기타,안전거리미확보,건조,맑음,단일로 - 기타,승용,남,73세,상해없음,승용,남,74세,경상
2023071200100437,2023년 7월 12일 18시,수요일,대전광역시 대덕구 중리동,중상사고,0,1,0,0,차대차 - 기타,안전운전불이행,건조,맑음,기타 - 기타,승용,남,53세,상해없음,승용,여,47세,중상
2023071200100497,2023년 7월 12일 20시,수요일,대전광역시 유성구 봉명동,경상사고,0,0,1,0,차대차 - 측면충돌,안전거리미확보,건조,맑음,교차로 - 교차로부근,승용,여,35세,상해없음,승용,남,32세,경상
2023071200100520,2023년 7월 12일 21시,수요일,대전광역시 유성구 복용동,경상사고,0,0,2,0,차대차 - 기타,신호위반,건조,맑음,교차로 - 교차로부근,승용,남,53세,상해없음,승용,남,28세,경상
2023071200100543,2023년 7월 12일 22시,수요일,대전광역시 동구 용전동,중상사고,0,1,0,0,차대차 - 기타,안전운전불이행,건조,맑음,단일로 - 기타,승용,남,67세,상해없음,승합,남,50세,상해없음
2023071200100559,2023년 7월 12일 23시,수요일,대전광역시 유성구 도룡동,경상사고,0,0,2,0,차대차 - 기타,안전운전불이행,건조,맑음,교차로 - 교차로안,승용,여,23세,상해없음,승용,여,50세,경상
2023071300100070,2023년 7월 13일 07시,목요일,대전광역시 동구 홍도동,경상사고,0,0,1,0,차대차 - 후진중충돌,안전운전불이행,젖음/습기,비,교차로 - 교차로안,승용,남,69세,상해없음,승용,남,35세,경상
2023071300100112,2023년 7월 13일 08시,목요일,대전광역시 서구 탄방동,경상사고,0,0,1,0,차대차 - 기타,신호위반,건조,맑음,단일로 - 기타,승합,남,53세,기타불명,승용,남,42세,경상
2023071300100113,2023년 7월 13일 08시,목요일,대전광역시 유성구 봉명동,경상사고,0,0,1,0,차대차 - 추돌,안전거리미확보,건조,맑음,교차로 - 교차로안,승합,남,59세,상해없음,승용,여,49세,경상
2023071300100114,2023년 7월 13일 08시,목요일,대전광역시 유성구 봉명동,경상사고,0,0,2,0,차대차 - 추돌,안전운전불이행,건조,맑음,기타 - 기타,승용,남,78세,상해없음,승용,남,67세,경상
2023071300100115,2023년 7월 13일 08시,목요일,대전광역시 유성구 봉명동,경상사고,0,0,1,0,차대차 - 기타,신호위반,젖음/습기,비,교차로 - 교차로안,승용,여,32세,상해없음,승용,남,31세,경상
2023071300100132,2023년 7월 13일 09시,목요일,대전광역시 유성구 노은동,경상사고,0,0,1,0,차대차 - 기타,안전거리미확보,건조,맑음,단일로 - 기타,승용,여,74세,상해없음,승용,남,37세,상해없음
2023071300100156,2023년 7월 13일 10시,목요일,대전광역시 중구 산성동,경상사고,0,0,1,0,차대차 - 측면충돌,신호위반,젖음/습기,비,단일로 - 기타,승용,남,81세,기타불명,승용,남,58세,경상
2023071300100181,2023년 7월 13일 11시,목요일,대전광역시 동구 가오동,경상사고,0,0,1,0,차대차 - 후진중충돌,안전운전불이행,젖음/습기,비,교차로 - 교차로부근,승용,남,55세,상해없음,이륜,남,30세,경상
2023071300100182,2023년 7월 13일 11시,목요일,대전광역시 서구 월평동,경상사고,0,0,3,0,차대차 - 추돌,안전운전불이행,젖음/습기,흐림,단일로 - 교량,화물,남,51세,상해없음,승용,남,62세,경상
2023071300100234,2023년 7월 13일 13시,목요일,대전광역시 중구 중촌동,경상사고,0,0,1,0,차대차 - 측면충돌,안전운전불이행,젖음/습기,비,단일로 - 기타,승용,여,22세,경상,승용,남,33세,상해없음
2023071300100235,2023년 7월 13일 13시,목요일,대전광역시 서구 만년동,경상사고,0,0,1,0,차대차 - 기타,안전운전불이행,건조,맑음,교차로 - 교차로부근,승용,여,39세,기타불명,이륜,남,26세,경상
2023071300100261,2023년 7월 13일 14시,목요일,대전광역시 유성구 반석동,부상신고사고,0,0,0,1,차대차 - 후진중충돌,안전운전불이행,건조,맑음,기타 - 기타,특수,남,55세,상해없음,승용,남,33세,부상신고
2023071300100323,2023년 7월 13일 16시,목요일,대전광역시 중구 산성동,경상사고,0,0,1,0,차량단독 - 기타,기타,건조,맑음,단일로 - 기타,승합,남,58세,상해없음,,,,
2023071300100355,2023년 7월 13일 17시,목요일,대전광역시 중구 선화동,경상사고,0,0,1,0,차대차 - 기타,안전거리미확보,젖음/습기,비,단일로 - 기타,이륜,남,15세,기타불명,승용,남,61세,경상
2023071300100356,2023년 7월 13일 17시,목요일,대전광역시 서구 월평동,경상사고,0,0,1,0,차대차 - 추돌,안전거리미확보,젖음/습기,비,교차로 - 교차로부근,승용,남,25세,상해없음,화물,남,58세,경상
2023071300100399,2023년 7월 13일 18시,목요일,대전광역시 중구 문화동,중상사고,0,1,0,0,차대차 - 기타,신호위반,젖음/습기,비,교차로 - 교차로안,승용,여,41세,기타불명,승용,여,62세,중상
2023071300100400,2023년 7월 13일 18시,목요일,대전광역시 대덕구 중리동,중상사고,0,1,0,0,차대사람 - 횡단중,안전운전불이행,젖음/습기,비,교차로 - 교차로부근,승용,남,42세,상해없음,보행자,여,61세,중상
2023071300100401,2023년 7월 13일 18시,목요일,대전광역시 유성구 봉명동,중상사고,0,1,0,0,차대차 - 기타,신호위반,건조,맑음,교차로 - 교차로안,승용,남,50세,상해없음,이륜,남,46세,중상
2023071300100420,2023년 7월 13일 19시,목요일,대전광역시 중구 문화동,경상사고,0,0,1,0,차대차 - 기타,안전운전불이행,젖음/습기,비,단일로 - 기타,승용,여,51세,상해없음,승용,남,61세,경상
2023071300100421,2023년 7월 13일 19시,목요일,대전광역시 서구 내동,경상사고,0,0,1,0,차대차 - 후진중충돌,안전운전불이행,젖음/습기,맑음,주차장 - 주차장,승용,남,40세,상해없음,승용,여,47세,경상
2023071300100422,2023년 7월 13일 19시,목요일,대전광역시 대덕구 와동,중상사고,0,1,1,0,차대차 - 추돌,기타,젖음/습기,비,단일로 - 기타,승용,여,46세,상해없음,승용,여,29세,경상
2023071300100453,2023년 7월 13일 20시,목요일,대전광역시 서구 갈마동,경상사고,0,0,1,0,차대사람 - 횡단중,보행자보호의무위반,젖음/습기,비,교차로 - 교차로부근,승용,여,49세,상해없음,보행자,여,33세,경상
2023071300100485,2023년 7월 13일 21시,목요일,대전광역시 서구 둔산동,경상사고,0,0,1,0,차대차 - 기타,신호위반,젖음/습기,비,교차로 - 교차로안,승용,남,70세,상해없음,이륜,남,35세,경상
2023071300100515,2023년 7월 13일 22시,목요일,대전광역시 유성구 어은동,경상사고,0,0,1,0,차대사람 - 기타,안전운전불이행,젖음/습기,비,교차로 - 교차로부근,승용,남,34세,상해없음,보행자,남,61세,경상