사고번호,사고일시,요일,시군구,사고내용,사망자수,중상자수,경상자수,부상신고자수,사고유형,법규위반,노면상태,기상상태,도로형태,가해운전자 차종,가해운전자 성별,가해운전자 연령,가해운전자 상해정도,피해운전자 차종,피해운전자 성별,피해운전자 연령,피해운전자 상해정도
2023072800100292,2023년 7월 28일 13시,금요일,대전광역시 동구 대별동,경상사고,0,0,1,0,차대차 - 측면충돌,안전운전불이행,건조,맑음,단일로 - 기타,승용,여,51세,상해없음,승용,남,57세,경상
2023072800100293,2023년 7월 28일 13시,금요일,대전광역시 서구 정림동,경상사고,0,0,1,0,차대차 - 측면충돌,안전운전불이행,건조,맑음,단일로 - 기타,승용,여,59세,상해없음,건설기계,남,59세,경상
2023072800100330,2023년 7월 28일 14시,금요일,대전광역시 중구 문화동,중상사고,0,2,1,0,차대차 - 추돌,안전운전불이행,건조,맑음,단일로 - 기타,승용,여,52세,상해없음,승용,남,35세,중상
2023072800100364,2023년 7월 28일 15시,금요일,대전광역시 유성구 지족동,경상사고,0,0,2,0,차대차 - 측면충돌,안전거리미확보,건조,맑음,기타 - 기타,화물,남,65세,경상,승용,여,67세,경상
2023072800100390,2023년 7월 28일 16시,금요일,대전광역시 유성구 장대동,사망사고,1,3,1,0,차대차 - 추돌,안전운전불이행,건조,맑음,단일로 - 기타,승용,남,60세,상해없음,승용,여,44세,중상
2023072800100404,2023년 7월 28일 16시,금요일,대전광역시 중구 은행동,경상사고,0,0,2,0,차대차 - 측면충돌,신호위반,건조,맑음,교차로 - 교차로안,승용,여,35세,상해없음,승용,남,33세,경상
2023072800100405,2023년 7월 28일 16시,금요일,대전광역시 동구 중동,경상사고,0,0,1,0,차대차 - 측면충돌,안전운전불이행,건조,맑음,교차로 - 교차로안,승용,여,77세,상해없음,승용,남,72세,경상
2023072800100406,2023년 7월 28일 16시,금요일,대전광역시 서구 도안동,경상사고,0,0,1,0,차대사람 - 횡단중,안전운전불이행,건조,맑음,교차로 - 교차로안,화물,남,30세,상해없음,보행자,남,32세,경상
2023072800100407,2023년 7월 28일 16시,금요일,대전광역시 서구 도안동,경상사고,0,0,1,0,차대차 - 측면충돌,신호위반,건조,맑음,교차로 - 교차로안,승용,여,32세,상해없음,승용,남,47세,경상
2023072800100507,2023년 7월 28일 18시,금요일,대전광역시 동구 자양동,부상신고사고,0,0,0,1,차대차 - 측면충돌,직진우회전진행방해,건조,맑음,교차로 - 교차로안,승용,남,38세,부상신고,승용,여,56세,상해없음
2023072800100508,2023년 7월 28일 18시,금요일,대전광역시 서구 탄방동,경상사고,0,0,2,0,차대차 - 추돌,안전운전불이행,건조,맑음,단일로 - 기타,승용,여,30세,상해없음,승용,여,49세,경상
2023072800100541,2023년 7월 28일 19시,금요일,대전광역시 중구 오류동,경상사고,0,0,1,0,차대차 - 측면충돌,안전거리미확보,건조,맑음,단일로 - 기타,승용,남,37세,상해없음,화물,남,54세,경상
2023072800100542,2023년 7월 28일 19시,금요일,대전광역시 대덕구 신대동,경상사고,0,0,1,0,차대차 - 추돌,안전운전불이행,건조,맑음,교차로 - 교차로부근,이륜,남,23세,상해없음,승용,남,66세,경상
2023072800100600,2023년 7월 28일 21시,금요일,대전광역시 대덕구 목상동,경상사고,0,0,1,0,차대사람 - 횡단중,안전운전불이행,건조,맑음,교차로 - 교차로부근,승용,남,48세,상해없음,보행자,남,40세,경상
2023072800100601,2023년 7월 28일 21시,금요일,대전광역시 유성구 봉명동,경상사고,0,0,1,0,차대차 - 측면충돌,신호위반,건조,맑음,교차로 - 교차로안,승용,남,29세,상해없음,승용,남,40세,경상
2023072800100602,2023년 7월 28일 21시,금요일,대전광역시 유성구 장대동,경상사고,0,0,1,0,차대차 - 기타,안전운전불이행,건조,맑음,단일로 - 기타,승용,여,33세,상해없음,승용,여,26세,경상
2023072800100635,2023년 7월 28일 22시,금요일,대전광역시 대덕구 읍내동,경상사고,0,0,1,0,차대차 - 기타,기타,건조,맑음,단일로 - 기타,승용,남,70세,기타불명,승용,남,20세,경상
2023072800100651,2023년 7월 28일 23시,금요일,대전광역시 서구 둔산동,부상신고사고,0,0,0,1,차대사람 - 보도통행중,안전운전불이행,건조,맑음,단일로 - 기타,승용,남,22세,상해없음,보행자,여,23세,부상신고
2023072900100022,2023년 7월 29일 00시,토요일,대전광역시 유성구 궁동,경상사고,0,0,2,1,차대차 - 추돌,안전운전불이행,건조,맑음,단일로 - 기타,승용,남,24세,상해없음,승용,남,55세,부상신고
2023072900100037,2023년 7월 29일 01시,토요일,대전광역시 유성구 관평동,경상사고,0,0,1,0,차대차 - 측면충돌,안전운전불이행,건조,맑음,단일로 - 기타,승용,남,24세,상해없음,승용,남,50세,경상
2023072900100047,2023년 7월 29일 02시,토요일,대전광역시 대덕구 오정동,경상사고,0,0,1,0,차대차 - 추돌,안전운전불이행,건조,맑음,교차로 - 교차로부근,승용,여,24세,상해없음,승용,남,66세,경상
2023072900100079,2023년 7월 29일 06시,토요일,대전광역시 서구 월평동,경상사고,0,0,1,0,차대차 - 측면충돌,안전운전불이행,건조,맑음,교차로 - 교차로안,승용,남,39세,기타불명,화물,남,43세,경상
2023072900100122,2023년 7월 29일 08시,토요일,대전광역시 중구 유천동,중상사고,0,1,7,0,차대차 - 기타,신호위반,건조,맑음,단일로 - 기타,승용,여,49세,상해없음,승합,남,50세,경상
2023072900100123,2023년 7월 29일 08시,토요일,대전광역시 중구 문화동,경상사고,0,0,1,0,차대차 - 기타,교차로운행방법위반,건조,맑음,단일로 - 기타,승용,남,58세,상해없음,승용,남,68세,경상
2023072900100124,2023년 7월 29일 08시,토요일,대전광역시 서구 도안동,경상사고,0,0,2,0,차대차 - 기타,안전운전불이행,건조,맑음,교차로 - 교차로부근,승용,남,45세,상해없음,승용,여,50세,경상
2023072900100178,2023년 7월 29일 10시,토요일,대전광역시 중구 사정동,경상사고,0,0,1,0,차대차 - 측면충돌,안전운전불이행,건조,맑음,교차로 - 교차로부근,승용,여,42세,상해없음,승용,남,39세,상해없음
2023072900100256,2023년 7월 29일 12시,토요일,대전광역시 동구 자양동,경상사고,0,0,1,0,차대차 - 측면충돌,기타,건조,맑음,교차로 - 교차로안,승용,여,46세,상해없음,자전거,여,72세,경상
2023072900100257,2023년 7월 29일 12시,토요일,대전광역시 동구 가양동,경상사고,0,0,1,0,차대차 - 측면충돌,신호위반,건조,맑음,교차로 - 교차로안,승용,여,57세,상해없음,승용,여,49세,경상
2023072900100258,2023년 7월 29일 12시,토요일,대전광역시 서구 가수원동,중상사고,0,2,0,0,차대차 - 측면충돌,교차로운행방법위반,건조,맑음,교차로 - 교차로부근,승용,여,25세,기타불명,승용,여,71세,중상
2023072900100368,2023년 7월 29일 15시,토요일,대전광역시 대덕구 상서동,중상사고,0,1,0,0,차대차 - 기타,안전운전불이행,건조,맑음,교차로 - 교차로부근,승합,남,58세,상해없음,승합,남,59세,상해없음
2023072900100415,2023년 7월 29일 16시,토요일,대전광역시 유성구 방동,사망사고,1,0,0,0,차량단독 - 기타,기타,건조,맑음,단일로 - 기타,이륜,남,28세,사망,,,,
2023072900100491,2023년 7월 29일 18시,토요일,대전광역시 중구 오류동,경상사고,0,0,1,0,차대차 - 기타,교차로운행방법위반,건조,맑음,교차로 - 교차로횡단보도내,승용,여,51세,상해없음,개인형이동수단(PM),남,37세,경상
2023072900100492,2023년 7월 29일 18시,토요일,대전광역시 서구 둔산동,경상사고,0,0,1,0,차대사람 - 기타,안전운전불이행,건조,맑음,단일로 - 기타,승용,남,43세,상해없음,보행자,남,30세,경상
2023072900100521,2023년 7월 29일 19시,토요일,대전광역시 대덕구 비래동,경상사고,0,0,1,0,차대차 - 기타,교차로운행방법위반,건조,맑음,단일로 - 기타,승용,여,52세,상해없음,승용,여,67세,경상
2023072900100522,2023년 7월 29일 19시,토요일,대전광역시 유성구 용산동,경상사고,0,0,3,0,차대차 - 기타,신호위반,건조,맑음,기타 - 기타,승용,남,29세,경상,승용,남,53세,상해없음
2023072900100551,2023년 7월 29일 21시,토요일,대전광역시 중구 대흥동,중상사고,0,1,0,0,차대사람 - 기타,안전운전불이행,건조,맑음,교차로 - 교차로안,원동기,남,49세,상해없음,보행자,남,66세,중상
2023072900100582,2023년 7월 29일 23시,토요일,대전광역시 서구 탄방동,중상사고,0,1,0,0,차대차 - 기타,교차로운행방법위반,젖음/습기,흐림,교차로 - 교차로부근,승용,남,63세,상해없음,이륜,남,19세,중상
2023073000100053,2023년 7월 30일 06시,일요일,대전광역시 유성구 상대동,중상사고,0,1,0,0,차대차 - 기타,안전운전불이행,건조,맑음,단일로 - 기타,개인형이동수단(PM),남,18세,상해없음,자전거,남,68세,중상
2023073000100116,2023년 7월 30일 10시,일요일,대전광역시 유성구 구성동,경상사고,0,0,2,0,차대차 - 추돌,안전운전불이행,건조,맑음,단일로 - 기타,승용,남,35세,상해없음,승용,여,38세,경상
2023073000100166,2023년 7월 30일 12시,일요일,대전광역시 서구 둔산동,부상신고사고,0,0,0,1,차대차 - 측면충돌,안전거리미확보,건조,맑음,단일로 - 기타,승용,여,41세,상해없음,승용,남,41세,부상신고
2023073000100209,2023년 7월 30일 13시,일요일,대전광역시 유성구 궁동,경상사고,0,0,1,0,차대차 - 측면충돌,교차로운행방법위반,건조,맑음,교차로 - 교차로안,승용,남,60세,상해없음,이륜,남,45세,경상
2023073000100248,2023년 7월 30일 14시,일요일,대전광역시 유성구 도룡동,경상사고,0,0,2,0,차대차 - 기타,안전운전불이행,건조,맑음,주차장 - 주차장,승용,남,32세,상해없음,승용,남,33세,경상
2023073000100280,2023년 7월 30일 15시,일요일,대전광역시 서구 만년동,경상사고,0,0,1,0,차대차 - 기타,안전운전불이행,건조,맑음,단일로 - 기타,승용,여,41세,상해없음,이륜,여,38세,경상
2023073000100302,2023년 7월 30일 16시,일요일,대전광역시 유성구 도룡동,중상사고,0,1,0,0,차대사람 - 기타,안전운전불이행,젖음/습기,비,단일로 - 기타,승용,남,44세,상해없음,보행자,여,32세,중상
2023073000100324,2023년 7월 30일 17시,일요일,대전광역시 유성구 봉명동,경상사고,0,0,1,0,차대차 - 기타,안전운전불이행,젖음/습기,비,기타 - 기타,승용,여,56세,상해없음,이륜,남,38세,경상
2023073000100356,2023년 7월 30일 18시,일요일,대전광역시 동구 용전동,중상사고,0,1,0,0,차대차 - 정면충돌,중앙선침범,건조,맑음,단일로 - 기타,승용,여,29세,상해없음,이륜,남,31세,중상
2023073000100357,2023년 7월 30일 18시,일요일,대전광역시 서구 월평동,경상사고,0,0,1,0,차대차 - 기타,신호위반,건조,맑음,단일로 - 지하차도(도로)내,승용,여,41세,상해없음,승용,남,61세,경상
2023073000100395,2023년 7월 30일 20시,일요일,대전광역시 중구 대사동,경상사고,0,0,1,0,차대사람 - 기타,안전운전불이행,건조,기타,주차장 - 주차장,승용,남,56세,상해없음,보행자,남,42세,경상
2023073000100396,2023년 7월 30일 20시,일요일,대전광역시 서구 월평동,경상사고,0,0,1,0,차대차 - 기타,안전운전불이행,건조,맑음,단일로 - 기타,승용,남,28세,상해없음,승용,남,45세,경상
2023073000100439,2023년 7월 30일 23시,일요일,대전광역시 중구 대흥동,경상사고,0,0,2,0,차대차 - 측면충돌,교차로운행방법위반,건조,기타,교차로 - 교차로안,승용,남,27세,상해없음,승용,여,35세,경상
2023073000100440,2023년 7월 30일 23시,일요일,대전광역시 서구 둔산동,경상사고,0,0,1,0,차대사람 - 기타,안전운전불이행,건조,맑음,단일로 - 기타,승용,남,19세,상해없음,보행자,남,32세,경상
2023073100100026,2023년 7월 31일 04시,월요일,대전광역시 서구 용문동,중상사고,0,1,0,0,차대차 - 측면충돌,안전운전불이행,건조,맑음,기타 - 기타,승용,남,55세,상해없음,이륜,남,28세,중상
2023073100100086,2023년 7월 31일 08시,월요일,대전광역시 서구 용문동,경상사고,0,0,1,0,차대차 - 기타,안전거리미확보,건조,맑음,단일로 - 기타,이륜,여,19세,경상,화물,남,42세,상해없음
2023073100100155,2023년 7월 31일 10시,월요일,대전광역시 중구 대사동,경상사고,0,0,2,0,차대차 - 기타,안전운전불이행,건조,맑음,교차로 - 교차로부근,승용,여,55세,상해없음,승용,남,29세,경상
2023073100100224,2023년 7월 31일 12시,월요일,대전광역시 중구 중촌동,경상사고,0,0,2,0,차대차 - 기타,안전운전불이행,건조,맑음,단일로 - 기타,승용,여,72세,상해없음,승용,남,63세,경상
2023073100100255,2023년 7월 31일 13시,월요일,대전광역시 동구 용전동,경상사고,0,0,1,0,차대차 - 후진중충돌,안전운전불이행,건조,맑음,단일로 - 기타,화물,남,48세,상해없음,승용,남,27세,경상
2023073100100256,2023년 7월 31일 13시,월요일,대전광역시 동구 가양동,경상사고,0,0,2,0,차대차 - 측면충돌,불법유턴,건조,맑음,단일로 - 기타,자전거,남,78세,경상,이륜,남,25세,경상
2023073100100257,2023년 7월 31일 13시,월요일,대전광역시 서구 가장동,경상사고,0,0,2,0,차대차 - 측면충돌,안전운전불이행,건조,맑음,교차로 - 교차로안,승용,남,50세,기타불명,화물,남,48세,경상
2023073100100258,2023년 7월 31일 13시,월요일,대전광역시 유성구 관평동,중상사고,0,1,0,0,차대차 - 측면충돌,안전운전불이행,건조,맑음,교차로 - 교차로횡단보도내,승용,여,46세,상해없음,자전거,여,21세,중상
2023073100100293,2023년 7월 31일 14시,월요일,대전광역시 동구 성남동,경상사고,0,0,1,0,차대차 - 측면충돌,기타,건조,맑음,단일로 - 기타,화물,남,71세,상해없음,승용,여,51세,경상
2023073100100326,2023년 7월 31일 15시,월요일,대전광역시 중구 오류동,경상사고,0,0,2,0,차대차 - 기타,안전거리미확보,건조,맑음,단일로 - 기타,승용,남,19세,상해없음,승용,여,58세,경상
2023073100100376,2023년 7월 31일 16시,월요일,대전광역시 중구 태평동,경상사고,0,0,6,0,차대차 - 기타,안전거리미확보,건조,맑음,단일로 - 기타,승용,남,65세,상해없음,승용,여,66세,경상
2023073100100377,2023년 7월 31일 16시,월요일,대전광역시 대덕구 송촌동,경상사고,0,0,1,0,차대차 - 기타,안전운전불이행,건조,맑음,기타 - 기타,승용,남,72세,기타불명,이륜,남,31세,경상
2023073100100379,2023년 7월 31일 16시,월요일,대전광역시 유성구 갑동,경상사고,0,0,6,0,차대차 - 기타,중앙선침범,건조,맑음,교차로 - 교차로부근,승용,여,32세,상해없음,승용,여,55세,경상
2023073100100467,2023년 7월 31일 18시,월요일,대전광역시 중구 유천동,경상사고,0,0,1,0,차대차 - 측면충돌,안전운전불이행,건조,맑음,단일로 - 기타,승합,남,60세,상해없음,승용,남,39세,경상
2023073100100468,2023년 7월 31일 18시,월요일,대전광역시 동구 용전동,경상사고,0,0,3,0,차대차 - 기타,안전운전불이행,건조,맑음,교차로 - 교차로부근,승용,남,35세,경상,승합,남,33세,경상
2023073100100469,2023년 7월 31일 18시,월요일,대전광역시 유성구 원내동,경상사고,0,0,1,0,차대차 - 기타,안전거리미확보,건조,맑음,단일로 - 기타,승용,여,30세,상해없음,승용,남,41세,경상
2023073100100519,2023년 7월 31일 20시,월요일,대전광역시 서구 둔산동,경상사고,0,0,1,0,차대차 - 추돌,안전거리미확보,건조,맑음,교차로 - 교차로부근,승용,남,33세,상해없음,승용,남,50세,경상
2023073100100538,2023년 7월 31일 21시,월요일,대전광역시 서구 갈마동,중상사고,0,1,0,0,차량단독 - 기타,안전운전불이행,건조,맑음,단일로 - 기타,승용,남,70세,상해없음,,,,
2023073100100573,2023년 7월 31일 23시,월요일,대전광역시 서구 내동,경상사고,0,0,2,0,차대차 - 추돌,안전운전불이행,건조,맑음,교차로 - 교차로부근,승합,남,59세,상해없음,승용,남,34세,경상
2023073100100574,2023년 7월 31일 23시,월요일,대전광역시 대덕구 오정동,경상사고,0,0,3,0,차대차 - 측면충돌,안전거리미확보,건조,맑음,단일로 - 기타,승용,여,54세,상해없음,승용,남,19세,경상
2023080100100031,2023년 8월 1일 04시,화요일,대전광역시 서구 내동,중상사고,0,1,0,0,차대차 - 기타,불법유턴,건조,맑음,교차로 - 교차로횡단보도내,승용,남,62세,상해없음,이륜,남,42세,중상
2023080100100032,2023년 8월 1일 04시,화요일,대전광역시 서구 월평동,경상사고,0,0,1,0,차대차 - 기타,안전거리미확보,건조,맑음,교차로 - 교차로부근,승용,남,33세,상해없음,승용,남,62세,경상
2023080100100050,2023년 8월 1일 06시,화요일,대전광역시 서구 관저동,경상사고,0,0,1,0,차대사람 - 차도통행중,안전운전불이행,건조,맑음,단일로 - 기타,승용,남,48세,상해없음,보행자,여,54세,경상
2023080100100098,2023년 8월 1일 08시,화요일,대전광역시 중구 선화동,경상사고,0,0,1,0,차대차 - 기타,기타,건조,맑음,교차로 - 교차로부근,승용,남,65세,상해없음,승용,여,42세,상해없음
2023080100100099,2023년 8월 1일 08시,화요일,대전광역시 동구 용전동,경상사고,0,0,1,0,차대차 - 기타,안전운전불이행,건조,맑음,교차로 - 교차로부근,건설기계,남,61세,상해없음,이륜,남,42세,경상
2023080100100189,2023년 8월 1일 11시,화요일,대전광역시 서구 정림동,경상사고,0,0,2,0,차대차 - 측면충돌,안전운전불이행,건조,맑음,단일로 - 기타,승용,여,52세,상해없음,승용,여,39세,상해없음
2023080100100190,2023년 8월 1일 11시,화요일,대전광역시 서구 둔산동,경상사고,0,0,5,0,차대차 - 측면충돌,신호위반,건조,맑음,교차로 - 교차로부근,승용,남,70세,경상,승용,여,39세,경상
2023080100100218,2023년 8월 1일 12시,화요일,대전광역시 동구 판암동,경상사고,0,0,1,0,차대차 - 측면충돌,안전운전불이행,건조,맑음,교차로 - 교차로안,승용,남,71세,상해없음,승용,남,30세,경상
2023080100100265,2023년 8월 1일 13시,화요일,대전광역시 대덕구 석봉동,중상사고,0,1,0,0,차대사람 - 기타,보행자보호의무위반,건조,맑음,교차로 - 교차로안,승용,남,25세,상해없음,보행자,여,64세,중상
2023080100100306,2023년 8월 1일 14시,화요일,대전광역시 동구 소제동,경상사고,0,0,2,0,차대차 - 추돌,안전운전불이행,건조,맑음,기타 - 기타,이륜,남,17세,상해없음,승용,남,27세,상해없음
2023080100100307,2023년 8월 1일 14시,화요일,대전광역시 서구 용문동,경상사고,0,0,1,0,차대차 - 기타,안전운전불이행,건조,맑음,단일로 - 기타,승용,남,70세,기타불명,승용,남,53세,경상
2023080100100336,2023년 8월 1일 15시,화요일,대전광역시 서구 변동,경상사고,0,0,1,0,차대차 - 기타,신호위반,건조,맑음,단일로 - 기타,이륜,남,29세,경상,승용,남,23세,상해없음
2023080100100358,2023년 8월 1일 16시,화요일,대전광역시 중구 유천동,경상사고,0,0,1,0,차대차 - 기타,안전운전불이행,건조,맑음,단일로 - 기타,승용,남,63세,상해없음,승용,남,62세,경상
2023080100100359,2023년 8월 1일 16시,화요일,대전광역시 중구 부사동,중상사고,0,1,0,0,차대차 - 기타,안전운전불이행,건조,맑음,교차로 - 교차로안,승용,여,48세,상해없음,개인형이동수단(PM),남,50세,중상
2023080100100467,2023년 8월 1일 19시,화요일,대전광역시 중구 태평동,경상사고,0,0,1,0,차대차 - 기타,안전운전불이행,건조,맑음,단일로 - 기타,승용,남,69세,상해없음,승용,남,46세,경상
2023080100100468,2023년 8월 1일 19시,화요일,대전광역시 대덕구 읍내동,경상사고,0,0,4,0,차대차 - 기타,신호위반,건조,맑음,교차로 - 교차로부근,승용,남,55세,상해없음,승용,남,37세,경상
2023080100100469,2023년 8월 1일 19시,화요일,대전광역시 서구 둔산동,경상사고,0,0,3,2,차대차 - 추돌,안전운전불이행,건조,맑음,교차로 - 교차로부근,승용,여,22세,상해없음,승용,남,63세,경상
2023080100100491,2023년 8월 1일 20시,화요일,대전광역시 서구 갈마동,경상사고,0,0,1,0,차대사람 - 횡단중,보행자보호의무위반,건조,맑음,단일로 - 기타,승용,여,50세,상해없음,보행자,여,22세,경상
2023080100100492,2023년 8월 1일 20시,화요일,대전광역시 유성구 신성동,경상사고,0,0,1,0,차대차 - 측면충돌,안전운전불이행,건조,맑음,교차로 - 교차로부근,승용,여,53세,상해없음,자전거,여,24세,경상
2023080200100009,2023년 8월 2일 01시,수요일,대전광역시 서구 괴정동,경상사고,0,0,1,0,차대차 - 기타,신호위반,건조,맑음,교차로 - 교차로횡단보도내,승용,남,32세,상해없음,자전거,남,55세,경상
2023080200100019,2023년 8월 2일 03시,수요일,대전광역시 동구 가양동,중상사고,0,1,1,0,차대차 - 측면충돌,중앙선침범,건조,맑음,단일로 - 기타,자전거,남,63세,경상,이륜,남,21세,중상
2023080200100061,2023년 8월 2일 07시,수요일,대전광역시 중구 산성동,중상사고,0,1,0,0,차대차 - 기타,교차로운행방법위반,건조,맑음,교차로 - 교차로부근,자전거,남,70세,상해없음,자전거,여,74세,중상
2023080200100087,2023년 8월 2일 08시,수요일,대전광역시 유성구 탑립동,경상사고,0,0,1,0,차대차 - 측면충돌,안전거리미확보,건조,맑음,단일로 - 기타,승용,여,26세,기타불명,승용,여,46세,경상
2023080200100111,2023년 8월 2일 09시,수요일,대전광역시 서구 탄방동,경상사고,0,0,1,0,차대사람 - 기타,안전운전불이행,건조,맑음,교차로 - 교차로부근,승용,남,61세,상해없음,보행자,남,24세,경상
2023080200100141,2023년 8월 2일 10시,수요일,대전광역시 대덕구 중리동,중상사고,0,1,0,0,차대차 - 측면충돌,안전운전불이행,건조,맑음,단일로 - 기타,승용,여,70세,상해없음,승용,남,70세,중상
2023080200100172,2023년 8월 2일 11시,수요일,대전광역시 중구 중촌동,중상사고,0,1,0,0,차대차 - 측면충돌,안전거리미확보,건조,맑음,단일로 - 기타,승용,여,74세,상해없음,원동기,남,35세,중상
2023080200100173,2023년 8월 2일 11시,수요일,대전광역시 중구 태평동,경상사고,0,0,1,0,차대차 - 추돌,안전거리미확보,건조,맑음,교차로 - 교차로부근,승용,남,41세,상해없음,승용,여,53세,경상
2023080200100274,2023년 8월 2일 14시,수요일,대전광역시 유성구 탑립동,경상사고,0,0,3,0,차대차 - 기타,안전운전불이행,건조,맑음,단일로 - 터널,승용,여,62세,상해없음,승용,여,44세,경상
2023080200100305,2023년 8월 2일 15시,수요일,대전광역시 동구 대성동,경상사고,0,0,1,0,차대차 - 측면충돌,안전운전불이행,건조,맑음,교차로 - 교차로부근,승용,남,45세,상해없음,승용,여,60세,경상
2023080200100447,2023년 8월 2일 18시,수요일,대전광역시 중구 태평동,경상사고,0,0,1,0,차대차 - 기타,안전운전불이행,건조,맑음,단일로 - 기타,승용,남,53세,상해없음,승용,남,33세,경상
2023080200100449,2023년 8월 2일 18시,수요일,대전광역시 유성구 문지동,중상사고,0,2,1,0,차대차 - 측면충돌,안전거리미확보,건조,맑음,기타 - 기타,승용,남,68세,상해없음,승용,남,30세,상해없음
2023080200100474,2023년 8월 2일 19시,수요일,대전광역시 서구 용문동,경상사고,0,0,1,0,차대차 - 측면충돌,안전운전불이행,건조,맑음,단일로 - 기타,승용,남,29세,상해없음,승용,여,38세,경상
2023080200100475,2023년 8월 2일 19시,수요일,대전광역시 서구 만년동,경상사고,0,0,1,0,차대차 - 기타,안전운전불이행,건조,맑음,교차로 - 교차로부근,승용,여,54세,상해없음,승용,남,42세,경상
2023080200100521,2023년 8월 2일 21시,수요일,대전광역시 동구 자양동,경상사고,0,0,1,0,차대사람 - 횡단중,신호위반,건조,맑음,단일로 - 기타,승용,남,48세,상해없음,보행자,여,21세,경상
2023080200100522,2023년 8월 2일 21시,수요일,대전광역시 서구 내동,경상사고,0,0,1,0,차대차 - 기타,안전운전불이행,건조,맑음,기타 - 기타,승용,남,39세,상해없음,이륜,남,39세,경상
2023080300100036,2023년 8월 3일 05시,목요일,대전광역시 유성구 구성동,경상사고,0,0,1,0,차대차 - 기타,안전운전불이행,건조,맑음,교차로 - 교차로안,승용,여,59세,상해없음,승용,남,36세,경상
2023080300100052,2023년 8월 3일 06시,목요일,대전광역시 서구 도마동,중상사고,0,1,0,0,차대사람 - 횡단중,보행자보호의무위반,건조,맑음,교차로 - 교차로횡단보도내,화물,남,45세,상해없음,보행자,여,38세,중상
2023080300100053,2023년 8월 3일 06시,목요일,대전광역시 대덕구 덕암동,경상사고,0,0,1,0,차대사람 - 차도통행중,안전운전불이행,건조,맑음,기타 - 기타,승용,남,26세,상해없음,보행자,여,66세,경상
2023080300100119,2023년 8월 3일 08시,목요일,대전광역시 서구 탄방동,중상사고,0,1,0,0,차대차 - 추돌,안전운전불이행,건조,맑음,교차로 - 교차로부근,승용,남,24세,상해없음,승용,남,63세,중상
2023080300100155,2023년 8월 3일 09시,목요일,대전광역시 중구 오류동,경상사고,0,0,1,0,차대차 - 기타,안전거리미확보,건조,맑음,교차로 - 교차로안,승용,남,45세,상해없음,승용,여,50세,상해없음
2023080300100156,2023년 8월 3일 09시,목요일,대전광역시 유성구 봉명동,경상사고,0,0,1,0,차대차 - 추돌,안전운전불이행,건조,맑음,단일로 - 기타,승용,여,51세,상해없음,화물,남,42세,경상
2023080300100157,2023년 8월 3일 09시,목요일,대전광역시 유성구 복용동,경상사고,0,0,3,0,차대차 - 추돌,안전운전불이행,건조,맑음,단일로 - 기타,승용,여,70세,상해없음,승용,남,76세,경상
2023080300100201,2023년 8월 3일 10시,목요일,대전광역시 서구 용문동,경상사고,0,0,1,0,차대차 - 측면충돌,차로위반,건조,맑음,단일로 - 기타,승용,남,53세,상해없음,승용,여,66세,경상
2023080300100248,2023년 8월 3일 11시,목요일,대전광역시 유성구 봉명동,경상사고,0,0,1,0,차대차 - 기타,안전운전불이행,건조,맑음,단일로 - 기타,승용,남,64세,상해없음,승용,여,36세,경상
2023080300100278,2023년 8월 3일 12시,목요일,대전광역시 대덕구 신대동,중상사고,0,1,0,0,차대차 - 추돌,안전운전불이행,건조,맑음,단일로 - 기타,승합,남,45세,상해없음,화물,남,63세,중상
2023080300100306,2023년 8월 3일 13시,목요일,대전광역시 중구 대흥동,경상사고,0,0,1,0,차대차 - 기타,교차로운행방법위반,건조,맑음,교차로 - 교차로안,승용,남,76세,상해없음,승합,남,39세,경상
2023080300100307,2023년 8월 3일 13시,목요일,대전광역시 유성구 노은동,경상사고,0,0,1,0,차대차 - 기타,안전운전불이행,건조,맑음,단일로 - 터널,승용,남,23세,상해없음,승용,남,24세,경상
2023080300100308,2023년 8월 3일 13시,목요일,대전광역시 유성구 도룡동,경상사고,0,0,5,0,차대차 - 기타,교차로운행방법위반,건조,맑음,기타 - 기타,승용,남,62세,상해없음,승용,남,49세,경상
2023080300100336,2023년 8월 3일 14시,목요일,대전광역시 서구 관저동,경상사고,0,0,1,0,차대차 - 기타,안전운전불이행,건조,맑음,주차장 - 주차장,승용,여,69세,상해없음,승용,남,41세,경상
2023080300100337,2023년 8월 3일 14시,목요일,대전광역시 대덕구 오정동,경상사고,0,0,1,0,차대차 - 측면충돌,신호위반,건조,맑음,교차로 - 교차로부근,승용,남,31세,상해없음,화물,남,40세,경상
2023080300100381,2023년 8월 3일 15시,목요일,대전광역시 대덕구 덕암동,경상사고,0,0,1,0,차대차 - 측면충돌,안전운전불이행,건조,맑음,단일로 - 기타,이륜,여,74세,경상,승용,남,38세,상해없음
2023080300100416,2023년 8월 3일 16시,목요일,대전광역시 중구 문화동,경상사고,0,0,1,0,차대차 - 기타,안전운전불이행,건조,맑음,교차로 - 교차로안,승용,여,26세,상해없음,자전거,남,27세,경상
2023080300100461,2023년 8월 3일 17시,목요일,대전광역시 중구 대흥동,중상사고,0,1,0,0,차대차 - 기타,안전운전불이행,건조,맑음,교차로 - 교차로부근,승용,여,64세,상해없음,이륜,남,48세,중상