사고번호,사고일시,요일,시군구,사고내용,사망자수,중상자수,경상자수,부상신고자수,사고유형,법규위반,노면상태,기상상태,도로형태,가해운전자 차종,가해운전자 성별,가해운전자 연령,가해운전자 상해정도,피해운전자 차종,피해운전자 성별,피해운전자 연령,피해운전자 상해정도
2023080300100462,2023년 8월 3일 17시,목요일,대전광역시 중구 유천동,중상사고,0,1,0,0,차대차 - 측면충돌,신호위반,건조,맑음,단일로 - 기타,승용,남,55세,상해없음,승용,여,27세,중상
2023080300100523,2023년 8월 3일 18시,목요일,대전광역시 서구 도마동,경상사고,0,0,2,0,차대차 - 측면충돌,안전거리미확보,건조,맑음,단일로 - 기타,승용,여,57세,상해없음,승합,남,57세,경상
2023080300100524,2023년 8월 3일 18시,목요일,대전광역시 서구 둔산동,경상사고,0,0,2,0,차대차 - 추돌,안전운전불이행,건조,맑음,단일로 - 기타,승용,남,58세,상해없음,승용,여,40세,경상
2023080300100525,2023년 8월 3일 18시,목요일,대전광역시 유성구 원내동,중상사고,0,1,0,0,차대차 - 측면충돌,신호위반,건조,맑음,교차로 - 교차로안,승용,남,26세,상해없음,이륜,남,37세,중상
2023080300100526,2023년 8월 3일 18시,목요일,대전광역시 유성구 상대동,중상사고,0,1,0,0,차대차 - 기타,신호위반,건조,맑음,교차로 - 교차로부근,승용,남,36세,기타불명,이륜,남,48세,중상
2023080300100645,2023년 8월 3일 23시,목요일,대전광역시 대덕구 오정동,경상사고,0,0,2,0,차대차 - 측면충돌,안전운전불이행,건조,맑음,단일로 - 기타,승용,남,64세,상해없음,승용,남,23세,경상
2023080400100019,2023년 8월 4일 01시,금요일,대전광역시 대덕구 중리동,부상신고사고,0,0,0,1,차대사람 - 기타,안전운전불이행,건조,맑음,단일로 - 기타,승용,남,25세,상해없음,보행자,남,55세,부상신고
2023080400100033,2023년 8월 4일 04시,금요일,대전광역시 동구 용운동,중상사고,0,1,0,0,차대사람 - 기타,안전운전불이행,건조,맑음,단일로 - 기타,승용,여,56세,상해없음,보행자,여,80세,중상
2023080400100054,2023년 8월 4일 06시,금요일,대전광역시 서구 괴곡동,경상사고,0,0,1,0,차대사람 - 기타,안전운전불이행,건조,맑음,단일로 - 기타,승합,남,62세,상해없음,보행자,여,75세,경상
2023080400100071,2023년 8월 4일 07시,금요일,대전광역시 동구 판암동,중상사고,0,1,0,0,차대차 - 측면충돌,중앙선침범,건조,맑음,교차로 - 교차로안,화물,남,65세,상해없음,승용,여,54세,중상
2023080400100072,2023년 8월 4일 07시,금요일,대전광역시 대덕구 신탄진동,경상사고,0,0,2,0,차대차 - 추돌,안전운전불이행,건조,맑음,교차로 - 교차로부근,화물,남,76세,상해없음,승용,여,24세,경상
2023080400100073,2023년 8월 4일 07시,금요일,대전광역시 서구 둔산동,경상사고,0,0,1,0,차대차 - 측면충돌,안전운전불이행,건조,맑음,교차로 - 교차로안,승용,남,59세,기타불명,승용,남,44세,경상
2023080400100129,2023년 8월 4일 09시,금요일,대전광역시 서구 둔산동,중상사고,0,1,0,0,차량단독 - 기타,안전운전불이행,건조,맑음,교차로 - 교차로부근,승합,남,53세,상해없음,,,,
2023080400100161,2023년 8월 4일 10시,금요일,대전광역시 동구 중동,중상사고,0,1,0,0,차대차 - 측면충돌,안전거리미확보,건조,맑음,단일로 - 기타,화물,남,75세,상해없음,이륜,남,74세,중상
2023080400100212,2023년 8월 4일 11시,금요일,대전광역시 서구 흑석동,중상사고,0,1,0,0,차대차 - 기타,중앙선침범,건조,맑음,단일로 - 기타,승용,남,64세,상해없음,자전거,남,48세,중상
2023080400100246,2023년 8월 4일 12시,금요일,대전광역시 중구 용두동,경상사고,0,0,1,0,차대차 - 기타,안전운전불이행,건조,맑음,교차로 - 교차로부근,화물,남,36세,상해없음,승용,남,41세,경상
2023080400100361,2023년 8월 4일 15시,금요일,대전광역시 중구 산성동,경상사고,0,0,2,0,차대차 - 추돌,안전운전불이행,건조,맑음,교차로 - 교차로안,승용,여,60세,상해없음,특수,남,37세,경상
2023080400100362,2023년 8월 4일 15시,금요일,대전광역시 서구 복수동,경상사고,0,0,2,0,차대차 - 측면충돌,신호위반,건조,맑음,교차로 - 교차로안,승용,여,37세,상해없음,승용,여,35세,경상
2023080400100363,2023년 8월 4일 15시,금요일,대전광역시 대덕구 오정동,경상사고,0,0,1,0,차대차 - 기타,교차로운행방법위반,건조,맑음,교차로 - 교차로부근,승용,여,66세,상해없음,화물,남,35세,경상
2023080400100364,2023년 8월 4일 15시,금요일,대전광역시 서구 탄방동,중상사고,0,1,0,0,차대차 - 측면충돌,신호위반,건조,맑음,단일로 - 기타,승용,남,48세,상해없음,승용,여,64세,중상
2023080400100393,2023년 8월 4일 16시,금요일,대전광역시 동구 비룡동,경상사고,0,0,2,0,차대차 - 추돌,안전운전불이행,건조,맑음,단일로 - 기타,건설기계,남,61세,상해없음,화물,남,60세,상해없음
2023080400100419,2023년 8월 4일 16시,금요일,대전광역시 중구 태평동,경상사고,0,0,1,0,차대차 - 기타,안전운전불이행,건조,맑음,교차로 - 교차로안,승용,남,60세,기타불명,화물,남,54세,경상
2023080400100420,2023년 8월 4일 16시,금요일,대전광역시 대덕구 법동,경상사고,0,0,1,0,차대차 - 후진중충돌,안전운전불이행,건조,맑음,주차장 - 주차장,승용,남,44세,기타불명,승용,여,52세,경상
2023080400100476,2023년 8월 4일 17시,금요일,대전광역시 서구 갈마동,경상사고,0,0,1,0,차대차 - 기타,안전운전불이행,건조,맑음,단일로 - 기타,승용,여,41세,상해없음,승용,남,61세,상해없음
2023080400100560,2023년 8월 4일 19시,금요일,대전광역시 중구 유천동,경상사고,0,0,2,0,차대차 - 정면충돌,중앙선침범,건조,맑음,교차로 - 교차로부근,승용,남,74세,상해없음,승용,남,55세,경상
2023080400100595,2023년 8월 4일 20시,금요일,대전광역시 동구 낭월동,중상사고,0,1,0,0,차대차 - 측면충돌,안전운전불이행,건조,맑음,단일로 - 기타,이륜,남,22세,상해없음,기타불명,남,81세,중상
2023080400100596,2023년 8월 4일 20시,금요일,대전광역시 유성구 장대동,중상사고,0,1,1,0,차대차 - 추돌,안전운전불이행,건조,맑음,교차로 - 교차로부근,승용,남,22세,상해없음,이륜,남,41세,중상
2023080400100625,2023년 8월 4일 21시,금요일,대전광역시 대덕구 덕암동,경상사고,0,0,1,0,차대사람 - 횡단중,보행자보호의무위반,건조,맑음,교차로 - 교차로안,승용,여,42세,상해없음,보행자,남,63세,경상
2023080500100010,2023년 8월 5일 00시,토요일,대전광역시 서구 도마동,경상사고,0,0,1,0,차대차 - 측면충돌,안전운전불이행,건조,맑음,단일로 - 기타,화물,남,66세,상해없음,이륜,남,38세,경상
2023080500100104,2023년 8월 5일 08시,토요일,대전광역시 대덕구 목상동,경상사고,0,0,1,0,차대차 - 기타,안전운전불이행,건조,맑음,단일로 - 기타,승합,남,60세,상해없음,자전거,여,23세,경상
2023080500100143,2023년 8월 5일 09시,토요일,대전광역시 서구 원정동,중상사고,0,1,1,0,차대차 - 측면충돌,안전운전불이행,건조,맑음,단일로 - 기타,승용,여,27세,경상,이륜,남,69세,중상
2023080500100180,2023년 8월 5일 10시,토요일,대전광역시 중구 대사동,중상사고,0,1,0,0,차대사람 - 기타,기타,건조,맑음,단일로 - 기타,승용,남,64세,상해없음,보행자,남,79세,중상
2023080500100295,2023년 8월 5일 13시,토요일,대전광역시 서구 내동,경상사고,0,0,3,0,차대차 - 추돌,안전운전불이행,건조,맑음,단일로 - 기타,화물,남,47세,상해없음,원동기,남,30세,경상
2023080500100310,2023년 8월 5일 14시,토요일,대전광역시 동구 비룡동,경상사고,0,0,1,0,차대차 - 추돌,안전운전불이행,건조,맑음,기타 - 기타,승용,여,60세,상해없음,화물,남,67세,경상
2023080500100353,2023년 8월 5일 15시,토요일,대전광역시 서구 둔산동,경상사고,0,0,1,0,차대사람 - 기타,안전운전불이행,건조,맑음,단일로 - 기타,승용,남,29세,상해없음,보행자,여,22세,경상
2023080500100418,2023년 8월 5일 17시,토요일,대전광역시 동구 효동,경상사고,0,0,1,0,차대차 - 기타,안전운전불이행,건조,맑음,교차로 - 교차로안,승용,남,47세,상해없음,승용,남,61세,상해없음
2023080500100419,2023년 8월 5일 17시,토요일,대전광역시 유성구 용산동,경상사고,0,0,1,0,차대차 - 측면충돌,안전운전불이행,건조,맑음,단일로 - 교량,이륜,남,57세,상해없음,화물,남,54세,경상
2023080500100463,2023년 8월 5일 18시,토요일,대전광역시 대덕구 덕암동,경상사고,0,0,2,0,차대차 - 추돌,안전운전불이행,건조,맑음,단일로 - 기타,승용,여,40세,기타불명,승용,남,47세,경상
2023080500100528,2023년 8월 5일 20시,토요일,대전광역시 대덕구 중리동,경상사고,0,0,1,0,차대차 - 기타,안전운전불이행,건조,맑음,단일로 - 기타,화물,남,62세,상해없음,승용,남,30세,경상
2023080500100556,2023년 8월 5일 21시,토요일,대전광역시 유성구 궁동,경상사고,0,0,1,0,차대사람 - 기타,불법유턴,건조,맑음,단일로 - 기타,승용,남,31세,상해없음,보행자,남,28세,경상
2023080500100575,2023년 8월 5일 22시,토요일,대전광역시 중구 오류동,경상사고,0,0,1,0,차대차 - 기타,안전거리미확보,건조,맑음,교차로 - 교차로안,승용,여,27세,상해없음,승용,남,66세,경상
2023080500100576,2023년 8월 5일 22시,토요일,대전광역시 서구 둔산동,경상사고,0,0,3,0,차대차 - 기타,교차로운행방법위반,건조,맑음,교차로 - 교차로안,승용,여,51세,상해없음,승용,여,31세,경상
2023080600100088,2023년 8월 6일 08시,일요일,대전광역시 중구 대흥동,경상사고,0,0,2,0,차대차 - 기타,안전운전불이행,건조,맑음,단일로 - 기타,승용,남,23세,상해없음,승용,남,31세,경상
2023080600100154,2023년 8월 6일 11시,일요일,대전광역시 동구 용전동,경상사고,0,0,1,0,차대차 - 측면충돌,중앙선침범,건조,맑음,단일로 - 기타,화물,여,45세,상해없음,승용,남,65세,경상
2023080600100201,2023년 8월 6일 13시,일요일,대전광역시 동구 성남동,경상사고,0,0,1,0,차대차 - 기타,신호위반,건조,맑음,교차로 - 교차로안,승용,남,28세,상해없음,승합,남,37세,경상
2023080600100234,2023년 8월 6일 14시,일요일,대전광역시 중구 은행동,경상사고,0,0,1,0,차대차 - 기타,신호위반,건조,맑음,교차로 - 교차로안,화물,남,73세,상해없음,이륜,남,52세,경상
2023080600100264,2023년 8월 6일 15시,일요일,대전광역시 동구 효동,경상사고,0,0,2,0,차대차 - 추돌,안전운전불이행,건조,맑음,교차로 - 교차로부근,승용,남,81세,상해없음,승용,남,41세,경상
2023080600100387,2023년 8월 6일 20시,일요일,대전광역시 중구 오류동,중상사고,0,1,0,0,차대사람 - 기타,안전운전불이행,건조,맑음,단일로 - 기타,승용,남,38세,상해없음,보행자,남,41세,중상
2023080600100407,2023년 8월 6일 21시,일요일,대전광역시 유성구 봉명동,부상신고사고,0,0,0,1,차대사람 - 횡단중,안전운전불이행,젖음/습기,비,교차로 - 교차로횡단보도내,승합,남,58세,상해없음,보행자,남,13세,부상신고
2023080600100425,2023년 8월 6일 22시,일요일,대전광역시 중구 선화동,경상사고,0,0,2,0,차대차 - 추돌,안전운전불이행,건조,맑음,단일로 - 기타,승용,남,31세,상해없음,승합,남,52세,경상
2023080700100066,2023년 8월 7일 07시,월요일,대전광역시 중구 중촌동,중상사고,0,1,1,0,차대차 - 정면충돌,신호위반,건조,맑음,교차로 - 교차로안,승용,여,77세,경상,원동기,남,62세,중상
2023080700100067,2023년 8월 7일 07시,월요일,대전광역시 중구 태평동,경상사고,0,0,1,0,차대차 - 기타,안전운전불이행,건조,맑음,단일로 - 기타,승용,남,61세,상해없음,승용,남,72세,경상
2023080700100068,2023년 8월 7일 07시,월요일,대전광역시 유성구 원내동,경상사고,0,0,1,0,차대사람 - 기타,안전운전불이행,건조,기타,단일로 - 터널,자전거,기타불명,미분류,기타불명,보행자,여,70세,경상
2023080700100103,2023년 8월 7일 08시,월요일,대전광역시 서구 도마동,경상사고,0,0,1,0,차대차 - 기타,안전운전불이행,건조,맑음,교차로 - 교차로부근,승용,여,59세,상해없음,승용,남,38세,경상
2023080700100104,2023년 8월 7일 08시,월요일,대전광역시 유성구 원신흥동,경상사고,0,0,3,0,차대차 - 기타,안전거리미확보,건조,맑음,단일로 - 기타,승용,여,43세,경상,승용,여,20세,경상
2023080700100152,2023년 8월 7일 09시,월요일,대전광역시 서구 관저동,경상사고,0,0,2,0,차대차 - 추돌,안전거리미확보,건조,맑음,단일로 - 지하차도(도로)내,승용,남,72세,상해없음,승용,여,48세,경상
2023080700100153,2023년 8월 7일 09시,월요일,대전광역시 유성구 죽동,경상사고,0,0,1,0,차대차 - 기타,교차로운행방법위반,건조,맑음,교차로 - 교차로안,승용,여,32세,상해없음,화물,남,63세,경상
2023080700100154,2023년 8월 7일 09시,월요일,대전광역시 유성구 원내동,경상사고,0,0,1,0,차대차 - 기타,기타,건조,맑음,교차로 - 교차로안,승용,남,60세,상해없음,자전거,여,73세,경상
2023080700100155,2023년 8월 7일 09시,월요일,대전광역시 유성구 죽동,경상사고,0,0,1,0,차대차 - 추돌,안전운전불이행,건조,맑음,교차로 - 교차로부근,승용,여,55세,상해없음,승용,남,38세,경상
2023080700100189,2023년 8월 7일 10시,월요일,대전광역시 대덕구 읍내동,경상사고,0,0,1,0,차대차 - 추돌,안전운전불이행,건조,맑음,교차로 - 교차로부근,승용,여,79세,기타불명,화물,남,39세,경상
2023080700100229,2023년 8월 7일 11시,월요일,대전광역시 중구 태평동,경상사고,0,0,1,0,차대차 - 기타,신호위반,건조,맑음,교차로 - 교차로횡단보도내,승용,여,46세,상해없음,자전거,여,75세,경상
2023080700100269,2023년 8월 7일 12시,월요일,대전광역시 서구 월평동,경상사고,0,0,1,0,차대차 - 기타,안전운전불이행,건조,맑음,단일로 - 기타,승용,여,63세,기타불명,승용,남,60세,경상
2023080700100298,2023년 8월 7일 13시,월요일,대전광역시 동구 홍도동,경상사고,0,0,2,0,차대차 - 추돌,안전운전불이행,건조,맑음,단일로 - 기타,승합,남,55세,상해없음,화물,남,52세,경상
2023080700100339,2023년 8월 7일 14시,월요일,대전광역시 서구 갈마동,경상사고,0,0,1,0,차대차 - 기타,안전거리미확보,건조,맑음,교차로 - 교차로부근,승용,남,80세,상해없음,승용,여,61세,경상
2023080700100372,2023년 8월 7일 15시,월요일,대전광역시 서구 둔산동,중상사고,0,1,0,0,차대차 - 기타,불법유턴,건조,맑음,교차로 - 교차로횡단보도내,자전거,여,69세,중상,승용,남,42세,상해없음
2023080700100373,2023년 8월 7일 15시,월요일,대전광역시 유성구 원내동,경상사고,0,0,3,0,차대차 - 기타,신호위반,건조,맑음,단일로 - 기타,승용,여,60세,상해없음,승용,남,48세,경상
2023080700100420,2023년 8월 7일 16시,월요일,대전광역시 서구 둔산동,경상사고,0,0,2,0,차대차 - 추돌,안전운전불이행,건조,맑음,교차로 - 교차로안,승용,여,32세,상해없음,승용,여,36세,경상
2023080700100462,2023년 8월 7일 17시,월요일,대전광역시 중구 태평동,경상사고,0,0,1,0,차대차 - 추돌,안전운전불이행,건조,맑음,단일로 - 기타,승용,여,68세,상해없음,승용,남,61세,경상
2023080700100463,2023년 8월 7일 17시,월요일,대전광역시 중구 유천동,경상사고,0,0,1,0,차대차 - 후진중충돌,안전운전불이행,건조,맑음,단일로 - 기타,화물,남,51세,상해없음,이륜,남,50세,경상
2023080700100465,2023년 8월 7일 17시,월요일,대전광역시 서구 괴정동,경상사고,0,0,1,0,차대사람 - 기타,신호위반,건조,맑음,단일로 - 기타,기타불명,기타불명,미분류,기타불명,보행자,남,52세,경상
2023080700100466,2023년 8월 7일 17시,월요일,대전광역시 대덕구 중리동,경상사고,0,0,2,0,차대차 - 기타,안전거리미확보,건조,맑음,단일로 - 기타,화물,남,64세,기타불명,승용,여,56세,경상
2023080700100506,2023년 8월 7일 18시,월요일,대전광역시 대덕구 대화동,경상사고,0,0,1,0,차량단독 - 기타,안전운전불이행,건조,맑음,단일로 - 기타,자전거,남,55세,경상,,,,
2023080700100507,2023년 8월 7일 18시,월요일,대전광역시 대덕구 대화동,경상사고,0,0,1,0,차량단독 - 기타,안전운전불이행,건조,맑음,단일로 - 기타,자전거,남,64세,경상,,,,
2023080700100540,2023년 8월 7일 19시,월요일,대전광역시 동구 가양동,중상사고,0,1,2,0,차대차 - 측면충돌,안전운전불이행,건조,맑음,교차로 - 교차로부근,이륜,남,17세,경상,승용,남,26세,경상
2023080700100541,2023년 8월 7일 19시,월요일,대전광역시 서구 갈마동,경상사고,0,0,1,0,차대사람 - 기타,안전운전불이행,건조,맑음,단일로 - 기타,이륜,남,43세,상해없음,보행자,남,42세,경상
2023080700100542,2023년 8월 7일 19시,월요일,대전광역시 유성구 상대동,경상사고,0,0,1,0,차대차 - 기타,안전운전불이행,건조,맑음,기타 - 기타,이륜,남,40세,상해없음,이륜,남,17세,경상
2023080700100567,2023년 8월 7일 20시,월요일,대전광역시 유성구 장대동,경상사고,0,0,1,0,차대사람 - 기타,안전운전불이행,건조,맑음,단일로 - 기타,승용,여,33세,상해없음,보행자,남,57세,경상
2023080800100028,2023년 8월 8일 05시,화요일,대전광역시 대덕구 비래동,중상사고,0,1,0,1,차대차 - 측면충돌,안전운전불이행,건조,맑음,단일로 - 기타,이륜,남,81세,중상,화물,남,65세,상해없음
2023080800100069,2023년 8월 8일 07시,화요일,대전광역시 유성구 전민동,중상사고,0,1,0,0,차대차 - 추돌,중앙선침범,건조,맑음,기타 - 기타,승용,남,65세,상해없음,이륜,남,30세,중상
2023080800100108,2023년 8월 8일 08시,화요일,대전광역시 서구 정림동,중상사고,0,1,1,0,차대차 - 기타,중앙선침범,건조,맑음,단일로 - 기타,화물,남,54세,상해없음,승합,남,30세,경상
2023080800100109,2023년 8월 8일 08시,화요일,대전광역시 서구 관저동,경상사고,0,0,1,0,차대사람 - 기타,안전운전불이행,건조,맑음,단일로 - 기타,승합,남,57세,상해없음,보행자,여,81세,경상
2023080800100110,2023년 8월 8일 08시,화요일,대전광역시 서구 탄방동,경상사고,0,0,1,0,차대사람 - 기타,안전운전불이행,건조,맑음,단일로 - 기타,승용,여,35세,상해없음,보행자,남,29세,경상
2023080800100179,2023년 8월 8일 10시,화요일,대전광역시 유성구 용산동,경상사고,0,0,1,0,차대사람 - 횡단중,신호위반,건조,맑음,교차로 - 교차로안,승용,남,40세,상해없음,보행자,여,54세,경상
2023080800100255,2023년 8월 8일 12시,화요일,대전광역시 서구 둔산동,경상사고,0,0,2,0,차대차 - 측면충돌,교차로운행방법위반,건조,맑음,교차로 - 교차로안,이륜,남,49세,경상,승용,남,51세,경상
2023080800100256,2023년 8월 8일 12시,화요일,대전광역시 유성구 도룡동,경상사고,0,0,1,0,차량단독 - 공작물충돌,안전운전불이행,건조,맑음,단일로 - 기타,이륜,남,70세,경상,,,,
2023080800100257,2023년 8월 8일 12시,화요일,대전광역시 유성구 궁동,경상사고,0,0,1,0,차대차 - 측면충돌,차로위반,건조,맑음,단일로 - 기타,화물,남,60세,상해없음,승용,남,30세,경상
2023080800100301,2023년 8월 8일 13시,화요일,대전광역시 중구 유천동,경상사고,0,0,1,0,차대차 - 기타,안전운전불이행,건조,맑음,교차로 - 교차로안,화물,남,73세,상해없음,승용,남,42세,경상
2023080800100456,2023년 8월 8일 17시,화요일,대전광역시 서구 탄방동,경상사고,0,0,1,0,차대차 - 기타,안전운전불이행,건조,맑음,단일로 - 기타,승용,여,56세,상해없음,승용,여,66세,경상
2023080800100457,2023년 8월 8일 17시,화요일,대전광역시 유성구 노은동,경상사고,0,0,1,0,차대차 - 기타,안전운전불이행,건조,맑음,교차로 - 교차로부근,승용,남,53세,기타불명,승용,여,49세,경상
2023080800100582,2023년 8월 8일 21시,화요일,대전광역시 서구 복수동,중상사고,0,1,0,0,차대사람 - 보도통행중,안전운전불이행,건조,맑음,기타 - 기타,기타불명,기타불명,미분류,기타불명,보행자,여,20세,중상
2023080900100016,2023년 8월 9일 00시,수요일,대전광역시 중구 문화동,경상사고,0,0,3,0,차대차 - 기타,안전운전불이행,건조,맑음,교차로 - 교차로안,승용,남,60세,기타불명,승용,남,63세,경상
2023080900100038,2023년 8월 9일 05시,수요일,대전광역시 동구 홍도동,중상사고,0,1,0,0,차대차 - 기타,안전운전불이행,건조,맑음,단일로 - 기타,승용,남,45세,상해없음,자전거,남,78세,중상
2023080900100094,2023년 8월 9일 08시,수요일,대전광역시 동구 대성동,경상사고,0,0,1,0,차대차 - 측면충돌,안전운전불이행,건조,맑음,교차로 - 교차로안,승용,여,61세,상해없음,승용,남,36세,경상
2023080900100140,2023년 8월 9일 09시,수요일,대전광역시 대덕구 오정동,경상사고,0,0,1,0,차대차 - 기타,안전거리미확보,건조,맑음,기타 - 기타,승용,여,28세,기타불명,이륜,남,65세,경상
2023080900100141,2023년 8월 9일 09시,수요일,대전광역시 서구 둔산동,경상사고,0,0,1,0,차대차 - 기타,안전운전불이행,건조,맑음,단일로 - 기타,승합,남,28세,상해없음,승용,남,23세,경상
2023080900100173,2023년 8월 9일 10시,수요일,대전광역시 중구 문창동,경상사고,0,0,1,0,차대차 - 후진중충돌,안전운전불이행,건조,맑음,교차로 - 교차로부근,승합,남,62세,상해없음,승용,여,40세,경상
2023080900100203,2023년 8월 9일 11시,수요일,대전광역시 동구 인동,경상사고,0,0,2,0,차대차 - 측면충돌,안전거리미확보,건조,맑음,단일로 - 기타,승합,여,52세,경상,승용,남,20세,상해없음
2023080900100249,2023년 8월 9일 12시,수요일,대전광역시 서구 월평동,경상사고,0,0,1,0,차대사람 - 기타,신호위반,건조,맑음,교차로 - 교차로부근,화물,남,62세,상해없음,보행자,여,63세,경상
2023080900100250,2023년 8월 9일 12시,수요일,대전광역시 유성구 문지동,중상사고,0,1,1,0,차대차 - 측면충돌,안전운전불이행,건조,맑음,교차로 - 교차로안,승용,남,52세,중상,승용,남,58세,경상
2023080900100251,2023년 8월 9일 12시,수요일,대전광역시 유성구 노은동,경상사고,0,0,1,0,차대차 - 측면충돌,안전운전불이행,건조,맑음,교차로 - 교차로안,승용,남,66세,상해없음,승용,여,63세,경상
2023080900100280,2023년 8월 9일 13시,수요일,대전광역시 중구 태평동,경상사고,0,0,3,0,차대차 - 기타,안전운전불이행,건조,맑음,단일로 - 기타,승합,남,63세,경상,승용,남,29세,상해없음
2023080900100281,2023년 8월 9일 13시,수요일,대전광역시 대덕구 중리동,경상사고,0,0,1,0,차대차 - 기타,안전운전불이행,건조,맑음,단일로 - 기타,승용,여,60세,상해없음,승용,남,47세,경상
2023080900100282,2023년 8월 9일 13시,수요일,대전광역시 대덕구 덕암동,경상사고,0,0,2,0,차대차 - 기타,안전운전불이행,건조,맑음,교차로 - 교차로부근,승용,남,69세,상해없음,승용,남,25세,경상
2023080900100313,2023년 8월 9일 14시,수요일,대전광역시 서구 가장동,경상사고,0,0,1,0,차대차 - 추돌,안전운전불이행,건조,맑음,단일로 - 기타,화물,남,74세,상해없음,승용,여,23세,경상
2023080900100352,2023년 8월 9일 15시,수요일,대전광역시 동구 용전동,경상사고,0,0,3,0,차대차 - 기타,안전운전불이행,건조,맑음,단일로 - 기타,승용,남,44세,경상,원동기,남,42세,경상
2023080900100353,2023년 8월 9일 15시,수요일,대전광역시 동구 삼성동,중상사고,0,1,0,0,차량단독 - 기타,안전운전불이행,건조,맑음,단일로 - 기타,승합,남,55세,상해없음,,,,
2023080900100387,2023년 8월 9일 16시,수요일,대전광역시 동구 인동,경상사고,0,0,1,0,차대차 - 측면충돌,안전운전불이행,젖음/습기,비,교차로 - 교차로부근,승용,남,79세,상해없음,승용,여,52세,경상
2023080900100474,2023년 8월 9일 18시,수요일,대전광역시 동구 인동,경상사고,0,0,1,0,차대사람 - 횡단중,보행자보호의무위반,젖음/습기,비,교차로 - 교차로안,승용,남,59세,상해없음,보행자,남,36세,경상
2023080900100475,2023년 8월 9일 18시,수요일,대전광역시 서구 관저동,경상사고,0,0,1,0,차대차 - 기타,안전거리미확보,젖음/습기,비,교차로 - 교차로부근,승용,여,57세,상해없음,이륜,남,34세,경상
2023080900100476,2023년 8월 9일 18시,수요일,대전광역시 서구 괴정동,경상사고,0,0,1,0,차대사람 - 횡단중,안전운전불이행,젖음/습기,비,단일로 - 기타,이륜,남,22세,상해없음,보행자,여,26세,경상
2023080900100504,2023년 8월 9일 19시,수요일,대전광역시 대덕구 읍내동,경상사고,0,0,2,0,차대차 - 추돌,안전운전불이행,젖음/습기,비,교차로 - 교차로부근,승용,남,41세,상해없음,승용,남,51세,경상
2023080900100544,2023년 8월 9일 20시,수요일,대전광역시 유성구 노은동,중상사고,0,2,0,0,차대차 - 기타,신호위반,젖음/습기,비,교차로 - 교차로안,승용,남,63세,상해없음,승용,남,39세,중상
2023080900100582,2023년 8월 9일 21시,수요일,대전광역시 유성구 봉명동,경상사고,0,0,1,0,차대차 - 기타,안전운전불이행,젖음/습기,비,단일로 - 기타,승용,남,37세,상해없음,승용,남,30세,경상
2023081000100015,2023년 8월 10일 01시,목요일,대전광역시 서구 월평동,부상신고사고,0,0,0,1,차대사람 - 횡단중,안전운전불이행,젖음/습기,비,단일로 - 기타,승용,남,54세,상해없음,보행자,여,82세,부상신고
2023081000100042,2023년 8월 10일 04시,목요일,대전광역시 대덕구 읍내동,경상사고,0,0,1,0,차량단독 - 기타,안전운전불이행,젖음/습기,비,교차로 - 교차로부근,승용,남,69세,상해없음,,,,
2023081000100099,2023년 8월 10일 08시,목요일,대전광역시 대덕구 법동,경상사고,0,0,1,0,차대차 - 측면충돌,안전운전불이행,젖음/습기,비,단일로 - 기타,승용,여,78세,상해없음,승용,남,29세,경상
2023081000100121,2023년 8월 10일 09시,목요일,대전광역시 대덕구 대화동,경상사고,0,0,3,0,차대차 - 측면충돌,신호위반,건조,맑음,교차로 - 교차로안,승용,여,54세,경상,승용,여,23세,경상
2023081000100243,2023년 8월 10일 14시,목요일,대전광역시 유성구 봉명동,경상사고,0,0,1,0,차대차 - 추돌,안전운전불이행,젖음/습기,맑음,단일로 - 기타,승용,남,26세,상해없음,승용,여,38세,경상
2023081000100270,2023년 8월 10일 15시,목요일,대전광역시 서구 둔산동,경상사고,0,0,1,0,차대차 - 기타,안전운전불이행,건조,맑음,기타 - 기타,승용,남,66세,상해없음,이륜,남,23세,경상
2023081000100271,2023년 8월 10일 15시,목요일,대전광역시 유성구 구암동,경상사고,0,0,1,0,차대사람 - 기타,안전운전불이행,젖음/습기,비,단일로 - 기타,승용,남,65세,상해없음,보행자,여,53세,경상
2023081000100300,2023년 8월 10일 16시,목요일,대전광역시 서구 도마동,경상사고,0,0,1,0,차대차 - 기타,안전운전불이행,젖음/습기,비,단일로 - 기타,화물,남,63세,상해없음,승용,남,60세,경상
2023081000100301,2023년 8월 10일 16시,목요일,대전광역시 유성구 봉명동,경상사고,0,0,1,0,차대차 - 기타,안전운전불이행,젖음/습기,비,교차로 - 교차로안,승용,남,78세,상해없음,승용,남,37세,경상
2023081000100333,2023년 8월 10일 17시,목요일,대전광역시 중구 문화동,경상사고,0,0,2,0,차대차 - 기타,안전운전불이행,건조,맑음,교차로 - 교차로부근,승합,남,42세,기타불명,승용,남,68세,경상
2023081000100369,2023년 8월 10일 18시,목요일,대전광역시 대덕구 비래동,부상신고사고,0,0,0,1,차대차 - 추돌,안전운전불이행,건조,맑음,단일로 - 기타,승용,남,60세,상해없음,승용,남,36세,부상신고
2023081000100370,2023년 8월 10일 18시,목요일,대전광역시 서구 용문동,경상사고,0,0,1,0,차대차 - 기타,안전운전불이행,건조,흐림,교차로 - 교차로안,승용,남,28세,기타불명,승용,여,54세,경상