사고번호,사고일시,요일,시군구,사고내용,사망자수,중상자수,경상자수,부상신고자수,사고유형,법규위반,노면상태,기상상태,도로형태,가해운전자 차종,가해운전자 성별,가해운전자 연령,가해운전자 상해정도,피해운전자 차종,피해운전자 성별,피해운전자 연령,피해운전자 상해정도
2023082300100033,2023년 8월 23일 05시,수요일,대전광역시 동구 가오동,중상사고,0,1,0,0,차대사람 - 횡단중,신호위반,건조,맑음,교차로 - 교차로안,승합,남,43세,상해없음,보행자,남,77세,중상
2023082300100046,2023년 8월 23일 06시,수요일,대전광역시 서구 둔산동,중상사고,0,1,1,0,차대차 - 기타,신호위반,건조,맑음,교차로 - 교차로안,화물,남,66세,상해없음,승용,남,62세,경상
2023082300100134,2023년 8월 23일 09시,수요일,대전광역시 대덕구 신일동,경상사고,0,0,1,0,차대차 - 추돌,안전운전불이행,건조,맑음,단일로 - 기타,승용,남,20세,상해없음,승용,여,37세,경상
2023082300100135,2023년 8월 23일 09시,수요일,대전광역시 유성구 죽동,중상사고,0,1,0,0,차대차 - 기타,안전운전불이행,건조,맑음,교차로 - 교차로안,승용,남,35세,상해없음,승용,여,50세,중상
2023082300100193,2023년 8월 23일 11시,수요일,대전광역시 유성구 원신흥동,경상사고,0,0,1,0,차대차 - 기타,신호위반,건조,맑음,교차로 - 교차로안,이륜,남,66세,기타불명,승용,남,45세,상해없음
2023082300100260,2023년 8월 23일 13시,수요일,대전광역시 서구 둔산동,경상사고,0,0,1,0,차대차 - 기타,안전운전불이행,건조,맑음,단일로 - 기타,승용,여,38세,상해없음,승용,남,67세,경상
2023082300100294,2023년 8월 23일 14시,수요일,대전광역시 동구 가양동,경상사고,0,0,1,0,차대차 - 측면충돌,안전운전불이행,건조,맑음,교차로 - 교차로안,이륜,남,21세,상해없음,승용,남,49세,경상
2023082300100316,2023년 8월 23일 15시,수요일,대전광역시 서구 관저동,중상사고,0,1,0,0,차대사람 - 기타,중앙선침범,건조,맑음,단일로 - 기타,승용,남,53세,상해없음,보행자,여,50세,중상
2023082300100420,2023년 8월 23일 18시,수요일,대전광역시 대덕구 오정동,중상사고,0,1,0,0,차대차 - 측면충돌,교차로운행방법위반,건조,맑음,교차로 - 교차로안,화물,남,54세,상해없음,자전거,남,87세,중상
2023082300100421,2023년 8월 23일 18시,수요일,대전광역시 서구 둔산동,경상사고,0,0,1,0,차대차 - 추돌,안전운전불이행,건조,맑음,교차로 - 교차로안,승용,여,46세,상해없음,승용,남,44세,경상
2023082300100422,2023년 8월 23일 18시,수요일,대전광역시 유성구 가정동,경상사고,0,0,1,0,차대차 - 기타,신호위반,젖음/습기,비,단일로 - 기타,승용,남,33세,기타불명,승용,여,28세,경상
2023082300100531,2023년 8월 23일 21시,수요일,대전광역시 서구 관저동,경상사고,0,0,1,0,차대사람 - 횡단중,안전운전불이행,젖음/습기,비,교차로 - 교차로횡단보도내,승용,남,29세,기타불명,보행자,남,36세,경상
2023082300100532,2023년 8월 23일 21시,수요일,대전광역시 서구 둔산동,경상사고,0,0,1,0,차대차 - 기타,신호위반,젖음/습기,비,기타 - 기타,승용,남,29세,상해없음,승용,여,53세,경상
2023082300100533,2023년 8월 23일 21시,수요일,대전광역시 서구 월평동,중상사고,0,1,0,0,차대사람 - 횡단중,보행자보호의무위반,젖음/습기,흐림,단일로 - 기타,승용,남,66세,기타불명,보행자,남,38세,중상
2023082300100534,2023년 8월 23일 21시,수요일,대전광역시 유성구 원내동,중상사고,0,1,0,0,차대차 - 기타,안전운전불이행,젖음/습기,비,단일로 - 기타,화물,남,34세,상해없음,승용,남,27세,중상
2023082300100575,2023년 8월 23일 23시,수요일,대전광역시 동구 용운동,경상사고,0,0,6,0,차대차 - 측면충돌,신호위반,젖음/습기,비,교차로 - 교차로안,승용,남,67세,경상,승용,남,63세,경상
2023082300100576,2023년 8월 23일 23시,수요일,대전광역시 동구 자양동,경상사고,0,0,2,0,차대차 - 추돌,안전운전불이행,젖음/습기,비,기타 - 기타,승용,남,27세,상해없음,승용,여,54세,경상
2023082400100009,2023년 8월 24일 00시,목요일,대전광역시 유성구 궁동,경상사고,0,0,2,0,차량단독 - 전도전복 - 전도,안전운전불이행,건조,맑음,기타 - 기타,승용,남,38세,기타불명,,,,
2023082400100021,2023년 8월 24일 01시,목요일,대전광역시 서구 괴정동,경상사고,0,0,1,0,차대사람 - 기타,안전운전불이행,젖음/습기,흐림,단일로 - 기타,승용,남,46세,상해없음,보행자,남,29세,경상
2023082400100066,2023년 8월 24일 06시,목요일,대전광역시 대덕구 비래동,경상사고,0,0,2,0,차대차 - 측면충돌,안전운전불이행,젖음/습기,맑음,단일로 - 기타,화물,남,60세,상해없음,승용,남,38세,경상
2023082400100091,2023년 8월 24일 07시,목요일,대전광역시 대덕구 오정동,경상사고,0,0,4,0,차대차 - 추돌,안전운전불이행,건조,맑음,단일로 - 교량,승용,남,50세,상해없음,화물,남,69세,경상
2023082400100127,2023년 8월 24일 08시,목요일,대전광역시 유성구 화암동,경상사고,0,0,1,0,차대차 - 기타,안전운전불이행,건조,맑음,단일로 - 터널,승용,남,38세,상해없음,승용,남,31세,경상
2023082400100344,2023년 8월 24일 15시,목요일,대전광역시 유성구 도룡동,경상사고,0,0,1,0,차대차 - 추돌,안전운전불이행,건조,맑음,교차로 - 교차로부근,승용,여,68세,상해없음,승용,남,30세,경상
2023082400100381,2023년 8월 24일 16시,목요일,대전광역시 대덕구 덕암동,경상사고,0,0,1,0,차대차 - 후진중충돌,안전운전불이행,젖음/습기,비,단일로 - 기타,화물,남,51세,상해없음,승용,여,45세,경상
2023082400100416,2023년 8월 24일 17시,목요일,대전광역시 중구 선화동,중상사고,0,1,0,0,차대차 - 기타,중앙선침범,건조,맑음,단일로 - 기타,승용,남,61세,상해없음,승용,남,60세,중상
2023082400100417,2023년 8월 24일 17시,목요일,대전광역시 동구 대동,경상사고,0,0,1,0,차대차 - 측면충돌,중앙선침범,젖음/습기,비,단일로 - 기타,화물,남,70세,상해없음,승용,여,36세,경상
2023082400100418,2023년 8월 24일 17시,목요일,대전광역시 유성구 죽동,경상사고,0,0,1,0,차대사람 - 기타,보행자보호의무위반,젖음/습기,비,교차로 - 교차로횡단보도내,승용,남,31세,상해없음,보행자,남,30세,경상
2023082400100503,2023년 8월 24일 19시,목요일,대전광역시 대덕구 법동,경상사고,0,0,1,0,차대차 - 기타,안전운전불이행,젖음/습기,비,교차로 - 교차로부근,승용,여,44세,상해없음,승용,여,48세,경상
2023082400100504,2023년 8월 24일 19시,목요일,대전광역시 유성구 문지동,경상사고,0,0,1,0,차대차 - 추돌,안전운전불이행,건조,흐림,교차로 - 교차로부근,승용,여,64세,상해없음,승용,남,44세,경상
2023082400100545,2023년 8월 24일 20시,목요일,대전광역시 유성구 원촌동,경상사고,0,0,1,0,차대차 - 추돌,안전운전불이행,젖음/습기,비,단일로 - 기타,승용,남,59세,기타불명,승용,여,50세,경상
2023082400100566,2023년 8월 24일 21시,목요일,대전광역시 서구 탄방동,중상사고,0,1,0,0,차대사람 - 기타,안전운전불이행,건조,맑음,교차로 - 교차로부근,화물,여,43세,상해없음,보행자,남,68세,중상
2023082500100063,2023년 8월 25일 06시,금요일,대전광역시 대덕구 대화동,중상사고,0,1,1,0,차대차 - 기타,신호위반,건조,맑음,교차로 - 교차로안,승합,남,49세,상해없음,승용,남,62세,중상
2023082500100094,2023년 8월 25일 07시,금요일,대전광역시 대덕구 오정동,경상사고,0,0,1,0,차대차 - 기타,안전운전불이행,건조,맑음,교차로 - 교차로안,화물,남,59세,상해없음,이륜,남,62세,경상
2023082500100139,2023년 8월 25일 08시,금요일,대전광역시 유성구 지족동,경상사고,0,0,1,0,차대차 - 기타,안전운전불이행,건조,맑음,기타 - 기타,승용,남,41세,상해없음,승용,남,36세,경상
2023082500100140,2023년 8월 25일 08시,금요일,대전광역시 유성구 구암동,경상사고,0,0,1,0,차대차 - 측면충돌,안전거리미확보,건조,맑음,기타 - 기타,승용,여,61세,상해없음,승용,여,55세,경상
2023082500100176,2023년 8월 25일 09시,금요일,대전광역시 서구 용문동,중상사고,0,1,0,0,차대차 - 측면충돌,안전운전불이행,건조,맑음,단일로 - 기타,승용,남,72세,상해없음,승용,남,66세,중상
2023082500100250,2023년 8월 25일 11시,금요일,대전광역시 서구 갈마동,경상사고,0,0,1,0,차대차 - 후진중충돌,안전운전불이행,건조,맑음,단일로 - 기타,승용,여,64세,상해없음,승용,남,39세,경상
2023082500100281,2023년 8월 25일 12시,금요일,대전광역시 대덕구 덕암동,경상사고,0,0,1,0,차대차 - 기타,안전운전불이행,건조,맑음,교차로 - 교차로부근,승용,여,41세,상해없음,이륜,남,41세,경상
2023082500100282,2023년 8월 25일 12시,금요일,대전광역시 유성구 원내동,중상사고,0,1,1,1,차대차 - 측면충돌,직진우회전진행방해,건조,맑음,교차로 - 교차로안,승용,남,61세,부상신고,승용,여,42세,중상
2023082500100371,2023년 8월 25일 14시,금요일,대전광역시 동구 홍도동,경상사고,0,0,1,0,차대차 - 측면충돌,신호위반,건조,맑음,교차로 - 교차로횡단보도내,승용,여,61세,상해없음,자전거,여,20세,경상
2023082500100427,2023년 8월 25일 15시,금요일,대전광역시 서구 도마동,경상사고,0,0,1,0,차대차 - 기타,안전운전불이행,건조,맑음,교차로 - 교차로부근,승용,남,22세,상해없음,승용,남,31세,경상
2023082500100428,2023년 8월 25일 15시,금요일,대전광역시 대덕구 오정동,경상사고,0,0,2,0,차대차 - 기타,안전운전불이행,건조,맑음,기타 - 기타,건설기계,남,62세,상해없음,승용,남,33세,기타불명
2023082500100429,2023년 8월 25일 15시,금요일,대전광역시 서구 둔산동,경상사고,0,0,1,0,차대차 - 정면충돌,안전운전불이행,건조,맑음,주차장 - 주차장,승용,남,31세,기타불명,승용,남,30세,경상
2023082500100430,2023년 8월 25일 15시,금요일,대전광역시 유성구 가정동,경상사고,0,0,1,0,차대차 - 기타,안전운전불이행,건조,맑음,기타 - 기타,승용,남,41세,상해없음,자전거,남,63세,경상
2023082500100488,2023년 8월 25일 16시,금요일,대전광역시 동구 용전동,경상사고,0,0,1,0,차대차 - 기타,신호위반,건조,맑음,단일로 - 기타,승용,여,72세,상해없음,자전거,남,56세,경상
2023082500100489,2023년 8월 25일 16시,금요일,대전광역시 서구 변동,경상사고,0,0,3,0,차대차 - 추돌,안전운전불이행,건조,맑음,단일로 - 터널,승용,여,42세,상해없음,승용,남,37세,경상
2023082500100552,2023년 8월 25일 17시,금요일,대전광역시 서구 관저동,중상사고,0,1,1,0,차대차 - 정면충돌,안전운전불이행,건조,맑음,단일로 - 기타,자전거,남,11세,경상,자전거,여,45세,중상
2023082500100553,2023년 8월 25일 17시,금요일,대전광역시 서구 관저동,경상사고,0,0,1,0,차대사람 - 횡단중,신호위반,건조,맑음,단일로 - 기타,화물,남,68세,상해없음,보행자,여,20세,경상
2023082500100554,2023년 8월 25일 17시,금요일,대전광역시 서구 관저동,경상사고,0,0,1,0,차량단독 - 기타,안전운전불이행,건조,맑음,교차로 - 교차로부근,승합,남,53세,상해없음,,,,
2023082500100555,2023년 8월 25일 17시,금요일,대전광역시 서구 월평동,경상사고,0,0,1,0,차대차 - 기타,안전거리미확보,건조,맑음,단일로 - 기타,승용,여,32세,상해없음,승용,여,52세,경상
2023082500100624,2023년 8월 25일 18시,금요일,대전광역시 서구 가장동,중상사고,0,1,0,0,차대차 - 측면충돌,신호위반,건조,맑음,교차로 - 교차로안,승용,여,66세,상해없음,이륜,남,49세,중상
2023082500100625,2023년 8월 25일 18시,금요일,대전광역시 서구 둔산동,경상사고,0,0,1,0,차대사람 - 차도통행중,안전운전불이행,건조,맑음,단일로 - 기타,승용,여,43세,상해없음,보행자,여,24세,경상
2023082500100626,2023년 8월 25일 18시,금요일,대전광역시 서구 갈마동,경상사고,0,0,1,0,차대차 - 측면충돌,안전거리미확보,건조,맑음,단일로 - 기타,승용,남,56세,상해없음,승용,남,47세,경상
2023082500100667,2023년 8월 25일 19시,금요일,대전광역시 중구 문화동,경상사고,0,0,1,0,차대차 - 측면충돌,교차로운행방법위반,건조,맑음,교차로 - 교차로안,원동기,남,67세,상해없음,승용,남,28세,경상
2023082500100668,2023년 8월 25일 19시,금요일,대전광역시 서구 관저동,경상사고,0,0,1,0,차대차 - 측면충돌,신호위반,건조,맑음,교차로 - 교차로안,승용,남,50세,상해없음,승용,여,30세,경상
2023082500100706,2023년 8월 25일 20시,금요일,대전광역시 서구 둔산동,경상사고,0,0,1,0,차대사람 - 기타,안전운전불이행,건조,맑음,교차로 - 교차로횡단보도내,기타불명,기타불명,미분류,기타불명,보행자,남,26세,경상
2023082500100729,2023년 8월 25일 21시,금요일,대전광역시 서구 갈마동,경상사고,0,0,1,0,차대사람 - 횡단중,보행자보호의무위반,건조,맑음,교차로 - 교차로안,승용,남,21세,상해없음,보행자,남,67세,경상
2023082500100772,2023년 8월 25일 23시,금요일,대전광역시 서구 정림동,경상사고,0,0,1,0,차대차 - 기타,직진우회전진행방해,건조,맑음,교차로 - 교차로부근,승용,남,46세,상해없음,자전거,남,50세,경상
2023082500100773,2023년 8월 25일 23시,금요일,대전광역시 서구 탄방동,경상사고,0,0,1,0,차량단독 - 공작물충돌,안전운전불이행,건조,맑음,단일로 - 기타,승용,남,55세,상해없음,,,,
2023082500100774,2023년 8월 25일 23시,금요일,대전광역시 서구 월평동,중상사고,0,1,0,0,차대차 - 측면충돌,신호위반,건조,맑음,교차로 - 교차로안,승용,여,23세,상해없음,개인형이동수단(PM),남,24세,중상
2023082600100029,2023년 8월 26일 01시,토요일,대전광역시 서구 도안동,경상사고,0,0,1,0,차대차 - 측면충돌,안전운전불이행,건조,맑음,기타 - 기타,승용,남,58세,상해없음,승용,여,43세,경상
2023082600100040,2023년 8월 26일 02시,토요일,대전광역시 유성구 봉명동,중상사고,0,1,0,0,차대사람 - 기타,안전운전불이행,건조,맑음,기타 - 기타,개인형이동수단(PM),남,28세,상해없음,보행자,남,29세,중상
2023082600100060,2023년 8월 26일 05시,토요일,대전광역시 서구 용문동,중상사고,0,1,0,0,차대차 - 측면충돌,안전운전불이행,건조,맑음,교차로 - 교차로부근,기타불명,기타불명,미분류,기타불명,자전거,남,67세,중상
2023082600100061,2023년 8월 26일 05시,토요일,대전광역시 유성구 용산동,경상사고,0,0,1,0,차대차 - 측면충돌,신호위반,건조,맑음,교차로 - 교차로안,승용,여,66세,상해없음,승용,남,63세,경상
2023082600100111,2023년 8월 26일 08시,토요일,대전광역시 동구 대동,중상사고,0,2,0,0,차대차 - 추돌,안전운전불이행,건조,맑음,교차로 - 교차로부근,승용,남,75세,상해없음,승용,남,46세,중상
2023082600100137,2023년 8월 26일 09시,토요일,대전광역시 동구 소제동,경상사고,0,0,2,0,차대차 - 추돌,안전거리미확보,건조,맑음,교차로 - 교차로부근,승용,남,40세,상해없음,승용,남,61세,경상
2023082600100173,2023년 8월 26일 10시,토요일,대전광역시 동구 홍도동,경상사고,0,0,1,0,차대차 - 추돌,안전운전불이행,건조,맑음,교차로 - 교차로부근,승용,남,52세,상해없음,승용,남,32세,경상
2023082600100174,2023년 8월 26일 10시,토요일,대전광역시 대덕구 신탄진동,경상사고,0,0,1,0,차대차 - 추돌,안전거리미확보,건조,맑음,기타 - 기타,건설기계,남,33세,기타불명,승용,여,64세,경상
2023082600100232,2023년 8월 26일 11시,토요일,대전광역시 유성구 용계동,경상사고,0,0,4,0,차대차 - 측면충돌,신호위반,건조,맑음,교차로 - 교차로안,승용,여,68세,상해없음,승용,남,32세,경상
2023082600100269,2023년 8월 26일 12시,토요일,대전광역시 동구 중동,경상사고,0,0,1,0,차대차 - 기타,중앙선침범,건조,맑음,교차로 - 교차로안,승용,남,60세,상해없음,이륜,남,47세,경상
2023082600100270,2023년 8월 26일 12시,토요일,대전광역시 서구 관저동,경상사고,0,0,1,0,차대차 - 측면충돌,기타,건조,맑음,교차로 - 교차로안,승용,남,39세,상해없음,승용,남,58세,경상
2023082600100317,2023년 8월 26일 13시,토요일,대전광역시 서구 갈마동,경상사고,0,0,1,0,차대차 - 기타,안전거리미확보,건조,맑음,단일로 - 기타,승용,남,64세,상해없음,승용,남,38세,경상
2023082600100348,2023년 8월 26일 14시,토요일,대전광역시 동구 효동,경상사고,0,0,1,0,차대차 - 측면충돌,안전운전불이행,건조,맑음,교차로 - 교차로안,이륜,남,41세,상해없음,승용,남,57세,경상
2023082600100350,2023년 8월 26일 14시,토요일,대전광역시 서구 갈마동,경상사고,0,0,2,0,차대차 - 기타,안전운전불이행,건조,맑음,교차로 - 교차로부근,승용,남,71세,상해없음,승용,남,39세,경상
2023082600100386,2023년 8월 26일 15시,토요일,대전광역시 중구 문화동,경상사고,0,0,1,0,차대차 - 기타,안전운전불이행,건조,맑음,교차로 - 교차로안,승용,남,48세,상해없음,승용,여,69세,경상
2023082600100387,2023년 8월 26일 15시,토요일,대전광역시 동구 가양동,경상사고,0,0,1,0,차대차 - 측면충돌,교차로운행방법위반,건조,맑음,교차로 - 교차로안,승용,남,31세,상해없음,승용,여,36세,경상
2023082600100388,2023년 8월 26일 15시,토요일,대전광역시 동구 원동,경상사고,0,0,1,0,차대차 - 기타,안전거리미확보,건조,맑음,교차로 - 교차로부근,승용,남,68세,상해없음,승합,남,53세,상해없음
2023082600100389,2023년 8월 26일 15시,토요일,대전광역시 대덕구 오정동,경상사고,0,0,2,0,차대차 - 측면충돌,안전운전불이행,건조,맑음,교차로 - 교차로부근,화물,남,58세,상해없음,승용,여,57세,경상
2023082600100433,2023년 8월 26일 16시,토요일,대전광역시 서구 정림동,경상사고,0,0,5,0,차대차 - 추돌,안전운전불이행,건조,맑음,단일로 - 기타,승용,여,53세,상해없음,승용,여,52세,경상
2023082600100434,2023년 8월 26일 16시,토요일,대전광역시 서구 괴정동,경상사고,0,0,1,0,차대차 - 기타,안전운전불이행,건조,맑음,단일로 - 기타,이륜,남,34세,상해없음,승용,남,61세,경상
2023082600100467,2023년 8월 26일 17시,토요일,대전광역시 대덕구 오정동,경상사고,0,0,1,0,차량단독 - 기타,기타,건조,맑음,단일로 - 기타,원동기,남,65세,상해없음,,,,
2023082600100468,2023년 8월 26일 17시,토요일,대전광역시 유성구 원내동,중상사고,0,3,3,0,차대차 - 기타,중앙선침범,건조,맑음,단일로 - 기타,건설기계,남,50세,상해없음,승용,남,59세,경상
2023082600100499,2023년 8월 26일 18시,토요일,대전광역시 유성구 송강동,경상사고,0,0,1,0,차대차 - 측면충돌,교차로운행방법위반,건조,맑음,교차로 - 교차로안,이륜,남,65세,기타불명,승합,남,25세,경상
2023082600100559,2023년 8월 26일 20시,토요일,대전광역시 서구 탄방동,경상사고,0,0,1,0,차대차 - 기타,안전거리미확보,건조,맑음,단일로 - 기타,승용,남,46세,상해없음,이륜,남,46세,경상
2023082600100560,2023년 8월 26일 20시,토요일,대전광역시 서구 월평동,중상사고,0,1,0,0,차대사람 - 기타,기타,건조,맑음,단일로 - 기타,자전거,여,44세,상해없음,보행자,여,64세,중상
2023082600100561,2023년 8월 26일 20시,토요일,대전광역시 유성구 봉명동,경상사고,0,0,1,0,차대차 - 측면충돌,중앙선침범,건조,맑음,단일로 - 기타,개인형이동수단(PM),여,22세,상해없음,승용,남,61세,경상
2023082600100581,2023년 8월 26일 21시,토요일,대전광역시 동구 대동,경상사고,0,0,1,0,차대차 - 추돌,안전운전불이행,건조,맑음,교차로 - 교차로안,승용,남,51세,상해없음,이륜,남,61세,경상
2023082600100582,2023년 8월 26일 21시,토요일,대전광역시 유성구 봉명동,경상사고,0,0,3,0,차대차 - 추돌,안전운전불이행,건조,맑음,교차로 - 교차로부근,승용,남,47세,상해없음,승용,남,32세,경상
2023082600100612,2023년 8월 26일 23시,토요일,대전광역시 동구 가양동,부상신고사고,0,0,0,2,차대차 - 추돌,안전거리미확보,건조,맑음,단일로 - 기타,이륜,남,36세,상해없음,승용,여,33세,부상신고
2023082600100613,2023년 8월 26일 23시,토요일,대전광역시 서구 도마동,중상사고,0,1,0,0,차대사람 - 차도통행중,안전운전불이행,건조,맑음,단일로 - 기타,승용,남,30세,상해없음,보행자,남,41세,중상
2023082700100008,2023년 8월 27일 00시,일요일,대전광역시 서구 도안동,중상사고,0,1,0,0,차대차 - 측면충돌,안전운전불이행,건조,맑음,교차로 - 교차로부근,승용,남,50세,상해없음,이륜,남,39세,중상
2023082700100038,2023년 8월 27일 02시,일요일,대전광역시 서구 갈마동,경상사고,0,0,1,1,차대사람 - 기타,안전운전불이행,건조,맑음,단일로 - 기타,개인형이동수단(PM),남,27세,상해없음,보행자,여,54세,경상
2023082700100132,2023년 8월 27일 10시,일요일,대전광역시 서구 탄방동,경상사고,0,0,1,0,차대차 - 기타,안전운전불이행,건조,맑음,단일로 - 기타,승용,남,28세,상해없음,이륜,남,22세,경상
2023082700100156,2023년 8월 27일 11시,일요일,대전광역시 서구 가장동,중상사고,0,1,0,0,차대사람 - 기타,안전운전불이행,건조,맑음,교차로 - 교차로부근,승용,여,70세,상해없음,보행자,여,79세,중상
2023082700100194,2023년 8월 27일 12시,일요일,대전광역시 서구 도안동,경상사고,0,0,1,0,차대차 - 기타,안전운전불이행,건조,맑음,교차로 - 교차로안,이륜,남,43세,상해없음,화물,남,61세,경상
2023082700100195,2023년 8월 27일 12시,일요일,대전광역시 대덕구 중리동,경상사고,0,0,1,1,차대차 - 측면충돌,교차로운행방법위반,건조,맑음,교차로 - 교차로안,이륜,남,17세,상해없음,승용,남,79세,경상
2023082700100255,2023년 8월 27일 14시,일요일,대전광역시 중구 유천동,중상사고,0,1,0,0,차대차 - 기타,신호위반,건조,맑음,교차로 - 교차로안,승용,남,67세,기타불명,이륜,남,25세,중상
2023082700100278,2023년 8월 27일 15시,일요일,대전광역시 동구 용전동,경상사고,0,0,1,0,차대차 - 기타,안전운전불이행,건조,맑음,단일로 - 기타,승용,여,40세,상해없음,승용,남,59세,경상
2023082700100394,2023년 8월 27일 19시,일요일,대전광역시 중구 옥계동,중상사고,0,1,0,0,차대차 - 측면충돌,교차로운행방법위반,건조,맑음,교차로 - 교차로부근,승용,여,37세,상해없음,승용,여,61세,중상
2023082700100395,2023년 8월 27일 19시,일요일,대전광역시 서구 갈마동,경상사고,0,0,1,0,차대차 - 기타,안전운전불이행,건조,맑음,단일로 - 기타,승용,남,55세,상해없음,이륜,남,41세,경상
2023082700100427,2023년 8월 27일 20시,일요일,대전광역시 동구 용운동,경상사고,0,0,1,0,차대사람 - 기타,안전운전불이행,건조,맑음,교차로 - 교차로부근,승용,남,28세,상해없음,보행자,남,69세,경상
2023082700100438,2023년 8월 27일 21시,일요일,대전광역시 중구 대흥동,경상사고,0,0,3,0,차대차 - 기타,안전운전불이행,건조,맑음,교차로 - 교차로안,승용,남,62세,상해없음,승용,여,26세,경상
2023082700100446,2023년 8월 27일 22시,일요일,대전광역시 중구 오류동,경상사고,0,0,1,0,차대사람 - 차도통행중,기타,건조,맑음,단일로 - 기타,개인형이동수단(PM),남,23세,상해없음,보행자,남,25세,경상
2023082800100177,2023년 8월 28일 09시,월요일,대전광역시 대덕구 비래동,경상사고,0,0,1,0,차대차 - 기타,안전운전불이행,건조,맑음,단일로 - 기타,승용,여,62세,상해없음,승용,남,34세,경상
2023082800100243,2023년 8월 28일 11시,월요일,대전광역시 유성구 봉명동,경상사고,0,0,1,0,차대차 - 기타,안전운전불이행,건조,맑음,단일로 - 기타,승용,남,68세,상해없음,승용,남,58세,경상
2023082800100304,2023년 8월 28일 13시,월요일,대전광역시 동구 용전동,중상사고,0,1,2,0,차대차 - 추돌,안전운전불이행,건조,맑음,교차로 - 교차로부근,승용,여,68세,상해없음,이륜,여,26세,경상
2023082800100305,2023년 8월 28일 13시,월요일,대전광역시 대덕구 법동,중상사고,0,1,0,1,차대사람 - 횡단중,교차로운행방법위반,건조,맑음,교차로 - 교차로안,승용,남,62세,상해없음,보행자,여,57세,중상
2023082800100336,2023년 8월 28일 14시,월요일,대전광역시 서구 도마동,중상사고,0,1,1,0,차대차 - 정면충돌,중앙선침범,건조,맑음,단일로 - 기타,승용,여,62세,상해없음,승용,남,24세,중상
2023082800100337,2023년 8월 28일 14시,월요일,대전광역시 유성구 원내동,경상사고,0,0,1,0,차대사람 - 기타,보행자보호의무위반,건조,맑음,교차로 - 교차로횡단보도내,기타불명,기타불명,미분류,기타불명,보행자,남,24세,경상
2023082800100365,2023년 8월 28일 15시,월요일,대전광역시 서구 도마동,부상신고사고,0,0,0,1,차대차 - 기타,안전운전불이행,건조,맑음,단일로 - 기타,이륜,남,17세,부상신고,승용,남,74세,기타불명
2023082800100366,2023년 8월 28일 15시,월요일,대전광역시 대덕구 목상동,경상사고,0,0,1,0,차대차 - 추돌,안전운전불이행,건조,맑음,단일로 - 기타,화물,남,61세,기타불명,승용,여,42세,경상
2023082800100367,2023년 8월 28일 15시,월요일,대전광역시 서구 둔산동,중상사고,0,1,0,0,차대차 - 측면충돌,안전운전불이행,건조,맑음,교차로 - 교차로부근,승용,여,41세,상해없음,자전거,여,69세,중상
2023082800100417,2023년 8월 28일 16시,월요일,대전광역시 유성구 문지동,중상사고,0,1,0,0,차대차 - 측면충돌,안전운전불이행,건조,맑음,기타 - 기타,승용,남,38세,상해없음,자전거,여,57세,중상
2023082800100465,2023년 8월 28일 17시,월요일,대전광역시 유성구 봉명동,경상사고,0,0,1,0,차대차 - 측면충돌,신호위반,건조,맑음,교차로 - 교차로부근,승용,남,54세,상해없음,승용,남,53세,상해없음
2023082800100504,2023년 8월 28일 18시,월요일,대전광역시 동구 정동,경상사고,0,0,1,0,차대차 - 추돌,안전운전불이행,건조,맑음,단일로 - 터널,승용,남,37세,상해없음,이륜,남,66세,경상
2023082800100505,2023년 8월 28일 18시,월요일,대전광역시 서구 월평동,경상사고,0,0,4,0,차대차 - 측면충돌,교차로운행방법위반,건조,맑음,교차로 - 교차로안,승용,여,58세,상해없음,승용,남,26세,경상
2023082800100529,2023년 8월 28일 19시,월요일,대전광역시 동구 대동,경상사고,0,0,1,0,차대사람 - 기타,안전운전불이행,건조,맑음,단일로 - 기타,승용,남,42세,상해없음,보행자,남,49세,경상
2023082800100530,2023년 8월 28일 19시,월요일,대전광역시 유성구 봉명동,중상사고,0,1,0,0,차대차 - 측면충돌,기타,건조,맑음,단일로 - 기타,승용,남,52세,상해없음,자전거,여,44세,중상
2023082800100559,2023년 8월 28일 20시,월요일,대전광역시 중구 중촌동,중상사고,0,1,0,0,차대차 - 기타,기타,건조,맑음,기타 - 기타,자전거,남,45세,중상,자전거,남,15세,상해없음
2023082800100580,2023년 8월 28일 21시,월요일,대전광역시 서구 갈마동,경상사고,0,0,3,0,차대차 - 추돌,안전운전불이행,건조,맑음,교차로 - 교차로부근,승용,여,48세,상해없음,승용,남,61세,경상
2023082800100581,2023년 8월 28일 21시,월요일,대전광역시 유성구 봉명동,중상사고,0,1,0,0,차대차 - 기타,기타,건조,맑음,기타 - 기타,자전거,남,51세,상해없음,자전거,남,14세,중상
2023082900100007,2023년 8월 29일 00시,화요일,대전광역시 유성구 도룡동,경상사고,0,0,3,0,차대차 - 기타,신호위반,기타,기타,교차로 - 교차로안,승용,남,22세,경상,승용,남,43세,경상
2023082900100008,2023년 8월 29일 00시,화요일,대전광역시 유성구 상대동,중상사고,0,1,0,0,차대차 - 기타,안전운전불이행,건조,맑음,교차로 - 교차로횡단보도내,승용,남,61세,상해없음,승용,남,46세,중상