사고번호,사고일시,요일,시군구,사고내용,사망자수,중상자수,경상자수,부상신고자수,사고유형,법규위반,노면상태,기상상태,도로형태,가해운전자 차종,가해운전자 성별,가해운전자 연령,가해운전자 상해정도,피해운전자 차종,피해운전자 성별,피해운전자 연령,피해운전자 상해정도
2023082900100026,2023년 8월 29일 04시,화요일,대전광역시 중구 용두동,중상사고,0,1,0,0,차대사람 - 기타,신호위반,젖음/습기,비,교차로 - 교차로부근,이륜,남,21세,기타불명,보행자,남,54세,중상
2023082900100034,2023년 8월 29일 05시,화요일,대전광역시 동구 용전동,사망사고,1,0,0,0,차대사람 - 기타,안전운전불이행,젖음/습기,흐림,교차로 - 교차로안,승용,남,26세,상해없음,보행자,남,66세,사망
2023082900100102,2023년 8월 29일 08시,화요일,대전광역시 중구 중촌동,경상사고,0,0,1,0,차대차 - 추돌,안전거리미확보,젖음/습기,비,교차로 - 교차로부근,승용,남,60세,상해없음,승용,남,71세,상해없음
2023082900100103,2023년 8월 29일 08시,화요일,대전광역시 대덕구 오정동,경상사고,0,0,1,0,차대차 - 기타,교차로운행방법위반,젖음/습기,흐림,교차로 - 교차로안,승용,남,33세,상해없음,승용,여,40세,경상
2023082900100104,2023년 8월 29일 08시,화요일,대전광역시 대덕구 신일동,경상사고,0,0,1,0,차대차 - 측면충돌,안전운전불이행,건조,맑음,단일로 - 기타,승용,남,62세,상해없음,승용,남,37세,경상
2023082900100105,2023년 8월 29일 08시,화요일,대전광역시 유성구 관평동,경상사고,0,0,1,2,차대차 - 측면충돌,안전운전불이행,젖음/습기,비,교차로 - 교차로부근,승용,여,28세,경상,승용,남,31세,부상신고
2023082900100143,2023년 8월 29일 09시,화요일,대전광역시 유성구 장대동,경상사고,0,0,1,0,차대차 - 기타,안전운전불이행,건조,맑음,기타 - 기타,특수,남,24세,상해없음,승용,여,43세,경상
2023082900100169,2023년 8월 29일 10시,화요일,대전광역시 중구 문화동,경상사고,0,0,1,0,차대차 - 측면충돌,안전거리미확보,건조,맑음,교차로 - 교차로안,승용,여,48세,상해없음,승용,여,56세,경상
2023082900100170,2023년 8월 29일 10시,화요일,대전광역시 동구 삼성동,경상사고,0,0,1,0,차대차 - 추돌,안전거리미확보,건조,맑음,단일로 - 기타,화물,남,51세,상해없음,승용,남,65세,경상
2023082900100171,2023년 8월 29일 10시,화요일,대전광역시 유성구 관평동,중상사고,0,1,0,0,차대차 - 기타,교차로운행방법위반,건조,맑음,기타 - 기타,승용,여,44세,상해없음,이륜,남,20세,중상
2023082900100246,2023년 8월 29일 12시,화요일,대전광역시 동구 중동,중상사고,0,3,1,0,차대차 - 측면충돌,신호위반,건조,맑음,교차로 - 교차로안,승용,남,78세,중상,승용,남,41세,중상
2023082900100247,2023년 8월 29일 12시,화요일,대전광역시 동구 가양동,경상사고,0,0,1,0,차대차 - 측면충돌,신호위반,건조,맑음,교차로 - 교차로안,특수,남,61세,상해없음,승용,남,55세,경상
2023082900100248,2023년 8월 29일 12시,화요일,대전광역시 서구 둔산동,중상사고,0,1,0,0,차대차 - 기타,안전운전불이행,건조,맑음,교차로 - 교차로부근,승용,여,60세,상해없음,자전거,남,71세,중상
2023082900100318,2023년 8월 29일 14시,화요일,대전광역시 유성구 하기동,중상사고,0,1,2,0,차대차 - 정면충돌,신호위반,건조,맑음,교차로 - 교차로안,승용,남,68세,상해없음,승용,남,44세,경상
2023082900100319,2023년 8월 29일 14시,화요일,대전광역시 유성구 노은동,경상사고,0,0,2,0,차대차 - 측면충돌,신호위반,젖음/습기,비,교차로 - 교차로안,승용,남,40세,상해없음,승용,남,74세,경상
2023082900100425,2023년 8월 29일 17시,화요일,대전광역시 유성구 지족동,경상사고,0,0,2,0,차대차 - 기타,안전운전불이행,건조,맑음,교차로 - 교차로부근,승용,여,46세,경상,승용,남,41세,경상
2023082900100480,2023년 8월 29일 18시,화요일,대전광역시 대덕구 덕암동,경상사고,0,0,4,0,차대차 - 측면충돌,중앙선침범,건조,맑음,단일로 - 기타,화물,남,30세,상해없음,승용,남,32세,경상
2023082900100524,2023년 8월 29일 19시,화요일,대전광역시 동구 가양동,경상사고,0,0,1,0,차대차 - 추돌,안전운전불이행,건조,맑음,교차로 - 교차로부근,이륜,남,24세,상해없음,승용,남,76세,상해없음
2023082900100588,2023년 8월 29일 22시,화요일,대전광역시 동구 용전동,경상사고,0,0,3,0,차대차 - 측면충돌,안전운전불이행,건조,맑음,교차로 - 교차로부근,승용,남,65세,상해없음,승용,여,27세,경상
2023082900100599,2023년 8월 29일 23시,화요일,대전광역시 유성구 학하동,사망사고,1,0,0,0,차량단독 - 기타,안전운전불이행,건조,맑음,단일로 - 기타,개인형이동수단(PM),남,40세,사망,,,,
2023083000100034,2023년 8월 30일 02시,수요일,대전광역시 서구 월평동,경상사고,0,0,1,0,차대사람 - 기타,안전운전불이행,건조,맑음,단일로 - 기타,승용,여,27세,상해없음,보행자,남,40세,경상
2023083000100046,2023년 8월 30일 04시,수요일,대전광역시 유성구 원내동,중상사고,0,1,0,0,차대차 - 기타,안전운전불이행,젖음/습기,흐림,단일로 - 기타,승용,남,31세,상해없음,화물,남,46세,중상
2023083000100085,2023년 8월 30일 07시,수요일,대전광역시 서구 용문동,경상사고,0,0,1,0,차대차 - 추돌,안전운전불이행,젖음/습기,비,단일로 - 기타,승용,남,34세,상해없음,승용,남,40세,경상
2023083000100123,2023년 8월 30일 08시,수요일,대전광역시 중구 대흥동,경상사고,0,0,1,0,차대차 - 기타,안전운전불이행,건조,맑음,교차로 - 교차로안,승용,남,29세,상해없음,화물,남,42세,경상
2023083000100154,2023년 8월 30일 09시,수요일,대전광역시 대덕구 중리동,경상사고,0,0,1,0,차대차 - 기타,안전운전불이행,건조,맑음,단일로 - 기타,승용,남,42세,상해없음,승합,남,55세,상해없음
2023083000100189,2023년 8월 30일 10시,수요일,대전광역시 서구 도마동,경상사고,0,0,2,0,차대차 - 측면충돌,안전운전불이행,젖음/습기,비,교차로 - 교차로부근,화물,남,43세,상해없음,승용,여,38세,경상
2023083000100244,2023년 8월 30일 12시,수요일,대전광역시 동구 소제동,경상사고,0,0,2,0,차대차 - 정면충돌,중앙선침범,젖음/습기,비,단일로 - 기타,승용,남,45세,상해없음,승용,남,31세,경상
2023083000100245,2023년 8월 30일 12시,수요일,대전광역시 서구 가장동,경상사고,0,0,1,0,차대차 - 기타,안전운전불이행,건조,맑음,단일로 - 기타,승용,여,45세,기타불명,승용,여,55세,경상
2023083000100246,2023년 8월 30일 12시,수요일,대전광역시 대덕구 오정동,경상사고,0,0,1,0,차대사람 - 차도통행중,안전운전불이행,젖음/습기,비,교차로 - 교차로안,화물,남,51세,상해없음,보행자,남,27세,경상
2023083000100285,2023년 8월 30일 13시,수요일,대전광역시 서구 도마동,경상사고,0,0,1,0,차대차 - 기타,안전운전불이행,건조,맑음,단일로 - 기타,승용,여,61세,상해없음,이륜,남,41세,경상
2023083000100286,2023년 8월 30일 13시,수요일,대전광역시 대덕구 대화동,중상사고,0,1,0,0,차대차 - 추돌,안전운전불이행,건조,맑음,교차로 - 교차로부근,자전거,남,84세,중상,승용,여,51세,기타불명
2023083000100314,2023년 8월 30일 14시,수요일,대전광역시 대덕구 신탄진동,경상사고,0,0,2,0,차대차 - 추돌,안전운전불이행,젖음/습기,비,교차로 - 교차로안,승용,남,27세,상해없음,승용,남,74세,경상
2023083000100315,2023년 8월 30일 14시,수요일,대전광역시 유성구 원신흥동,경상사고,0,0,1,0,차대차 - 측면충돌,안전운전불이행,젖음/습기,비,교차로 - 교차로안,승용,남,59세,기타불명,승용,여,40세,경상
2023083000100384,2023년 8월 30일 16시,수요일,대전광역시 동구 용전동,경상사고,0,0,2,0,차대차 - 기타,안전운전불이행,건조,맑음,교차로 - 교차로부근,승용,남,49세,상해없음,승용,남,53세,경상
2023083000100422,2023년 8월 30일 17시,수요일,대전광역시 대덕구 오정동,경상사고,0,0,1,0,차대차 - 측면충돌,신호위반,젖음/습기,비,단일로 - 기타,승용,남,29세,상해없음,이륜,남,29세,경상
2023083000100423,2023년 8월 30일 17시,수요일,대전광역시 서구 탄방동,중상사고,0,1,0,0,차대사람 - 기타,안전운전불이행,젖음/습기,비,기타 - 기타,이륜,남,20세,상해없음,보행자,여,48세,중상
2023083000100424,2023년 8월 30일 17시,수요일,대전광역시 서구 갈마동,경상사고,0,0,1,0,차대차 - 후진중충돌,안전운전불이행,젖음/습기,비,교차로 - 교차로부근,승용,남,53세,상해없음,이륜,남,46세,경상
2023083000100425,2023년 8월 30일 17시,수요일,대전광역시 유성구 봉산동,경상사고,0,0,1,0,차대차 - 기타,안전운전불이행,젖음/습기,비,기타 - 기타,승용,남,62세,상해없음,승용,남,30세,경상
2023083000100466,2023년 8월 30일 18시,수요일,대전광역시 대덕구 송촌동,경상사고,0,0,2,0,차대차 - 추돌,안전거리미확보,젖음/습기,비,단일로 - 기타,이륜,남,20세,경상,승용,여,66세,경상
2023083000100506,2023년 8월 30일 19시,수요일,대전광역시 중구 용두동,경상사고,0,0,1,0,차대차 - 기타,안전거리미확보,젖음/습기,비,단일로 - 기타,승용,남,74세,상해없음,승용,남,61세,경상
2023083000100507,2023년 8월 30일 19시,수요일,대전광역시 중구 유천동,경상사고,0,0,1,0,차대차 - 기타,안전운전불이행,젖음/습기,비,단일로 - 기타,승용,여,80세,상해없음,이륜,남,27세,경상
2023083000100508,2023년 8월 30일 19시,수요일,대전광역시 대덕구 비래동,경상사고,0,0,1,0,차대사람 - 차도통행중,안전운전불이행,젖음/습기,비,교차로 - 교차로부근,승용,남,31세,상해없음,보행자,여,58세,경상
2023083000100509,2023년 8월 30일 19시,수요일,대전광역시 유성구 송강동,경상사고,0,0,1,0,차대차 - 기타,신호위반,건조,맑음,교차로 - 교차로안,승용,여,58세,상해없음,이륜,남,21세,경상
2023083000100539,2023년 8월 30일 20시,수요일,대전광역시 동구 가오동,경상사고,0,0,1,0,차대차 - 측면충돌,안전운전불이행,젖음/습기,비,교차로 - 교차로부근,승용,여,43세,기타불명,화물,남,49세,경상
2023083000100540,2023년 8월 30일 20시,수요일,대전광역시 서구 변동,중상사고,0,1,0,0,차대차 - 측면충돌,중앙선침범,젖음/습기,비,단일로 - 기타,자전거,남,58세,기타불명,이륜,남,43세,중상
2023083000100562,2023년 8월 30일 21시,수요일,대전광역시 동구 가오동,경상사고,0,0,1,0,차대사람 - 횡단중,신호위반,젖음/습기,비,교차로 - 교차로횡단보도내,승용,남,54세,상해없음,보행자,남,65세,경상
2023083100100037,2023년 8월 31일 04시,목요일,대전광역시 서구 괴정동,경상사고,0,0,1,0,차대차 - 측면충돌,안전운전불이행,건조,맑음,교차로 - 교차로안,승용,남,18세,상해없음,이륜,남,38세,경상
2023083100100212,2023년 8월 31일 11시,목요일,대전광역시 유성구 봉명동,경상사고,0,0,3,0,차대차 - 측면충돌,신호위반,건조,맑음,교차로 - 교차로안,승용,남,60세,기타불명,승용,여,32세,경상
2023083100100248,2023년 8월 31일 12시,목요일,대전광역시 서구 도안동,중상사고,0,1,0,0,차량단독 - 기타,기타,건조,맑음,단일로 - 기타,승합,남,53세,상해없음,,,,
2023083100100269,2023년 8월 31일 13시,목요일,대전광역시 서구 갈마동,경상사고,0,0,1,0,차량단독 - 기타,안전운전불이행,건조,맑음,단일로 - 기타,승용,남,60세,상해없음,,,,
2023083100100347,2023년 8월 31일 15시,목요일,대전광역시 유성구 구암동,경상사고,0,0,1,0,차대차 - 측면충돌,직진우회전진행방해,건조,맑음,교차로 - 교차로안,승용,남,65세,상해없음,승용,남,38세,경상
2023083100100389,2023년 8월 31일 16시,목요일,대전광역시 서구 정림동,경상사고,0,0,2,0,차대차 - 기타,신호위반,건조,맑음,교차로 - 교차로안,승용,남,61세,상해없음,승용,남,29세,경상
2023083100100390,2023년 8월 31일 16시,목요일,대전광역시 서구 도마동,경상사고,0,0,1,0,차량단독 - 주/정차차량 충돌,안전운전불이행,건조,맑음,교차로 - 교차로안,승용,남,23세,경상,,,,
2023083100100391,2023년 8월 31일 16시,목요일,대전광역시 대덕구 송촌동,경상사고,0,0,1,0,차대차 - 측면충돌,신호위반,건조,맑음,단일로 - 기타,승용,여,19세,상해없음,개인형이동수단(PM),여,61세,경상
2023083100100392,2023년 8월 31일 16시,목요일,대전광역시 서구 둔산동,중상사고,0,1,0,0,차대차 - 기타,신호위반,건조,맑음,교차로 - 교차로안,승용,여,22세,상해없음,자전거,남,72세,중상
2023083100100393,2023년 8월 31일 16시,목요일,대전광역시 유성구 죽동,경상사고,0,0,3,0,차대차 - 기타,안전운전불이행,건조,맑음,단일로 - 기타,승용,남,62세,기타불명,승용,여,31세,기타불명
2023083100100443,2023년 8월 31일 17시,목요일,대전광역시 동구 가양동,경상사고,0,0,1,0,차대차 - 측면충돌,안전운전불이행,건조,맑음,교차로 - 교차로횡단보도내,승용,여,48세,상해없음,자전거,남,74세,경상
2023083100100444,2023년 8월 31일 17시,목요일,대전광역시 서구 도안동,경상사고,0,0,1,0,차대차 - 측면충돌,교차로운행방법위반,건조,맑음,기타 - 기타,이륜,남,29세,기타불명,승용,남,35세,경상
2023083100100445,2023년 8월 31일 17시,목요일,대전광역시 서구 월평동,경상사고,0,0,1,0,차대사람 - 기타,안전운전불이행,건조,맑음,미분류 - 미분류,개인형이동수단(PM),남,17세,상해없음,보행자,남,52세,경상
2023083100100483,2023년 8월 31일 18시,목요일,대전광역시 동구 인동,중상사고,0,1,0,0,차대차 - 측면충돌,안전운전불이행,건조,맑음,교차로 - 교차로안,화물,남,62세,상해없음,승용,여,59세,중상
2023083100100525,2023년 8월 31일 19시,목요일,대전광역시 중구 대흥동,경상사고,0,0,1,0,차대사람 - 기타,보행자보호의무위반,건조,맑음,교차로 - 교차로부근,승용,남,31세,상해없음,보행자,여,69세,경상
2023083100100526,2023년 8월 31일 19시,목요일,대전광역시 서구 도안동,중상사고,0,1,0,0,차대차 - 측면충돌,안전운전불이행,건조,맑음,단일로 - 기타,화물,남,52세,상해없음,자전거,남,25세,중상
2023083100100589,2023년 8월 31일 21시,목요일,대전광역시 유성구 전민동,경상사고,0,0,5,0,차대차 - 추돌,안전운전불이행,건조,맑음,단일로 - 기타,이륜,남,27세,상해없음,승용,여,29세,경상
2023090100100015,2023년 9월 1일 00시,금요일,대전광역시 동구 용전동,경상사고,0,0,1,0,차대사람 - 횡단중,보행자보호의무위반,건조,맑음,교차로 - 교차로횡단보도내,승용,남,50세,상해없음,보행자,남,53세,경상
2023090100100051,2023년 9월 1일 05시,금요일,대전광역시 유성구 학하동,경상사고,0,0,1,0,차대차 - 기타,신호위반,건조,맑음,기타 - 기타,승용,남,57세,상해없음,승용,남,29세,경상
2023090100100173,2023년 9월 1일 09시,금요일,대전광역시 유성구 봉명동,경상사고,0,0,1,0,차대차 - 기타,안전거리미확보,건조,맑음,교차로 - 교차로부근,승용,여,52세,상해없음,이륜,남,42세,경상
2023090100100215,2023년 9월 1일 10시,금요일,대전광역시 동구 삼성동,경상사고,0,0,1,0,차대차 - 측면충돌,안전거리미확보,건조,맑음,교차로 - 교차로부근,승용,남,66세,상해없음,승용,남,50세,경상
2023090100100251,2023년 9월 1일 11시,금요일,대전광역시 서구 탄방동,경상사고,0,0,2,0,차대차 - 기타,교차로운행방법위반,건조,맑음,교차로 - 교차로안,승용,여,50세,상해없음,승용,남,34세,경상
2023090100100252,2023년 9월 1일 11시,금요일,대전광역시 유성구 지족동,경상사고,0,0,1,0,차대차 - 측면충돌,신호위반,건조,맑음,기타 - 기타,승용,남,36세,기타불명,승용,남,59세,경상
2023090100100291,2023년 9월 1일 12시,금요일,대전광역시 서구 갈마동,경상사고,0,0,1,0,차대차 - 정면충돌,중앙선침범,건조,맑음,교차로 - 교차로부근,원동기,남,23세,상해없음,이륜,남,21세,경상
2023090100100292,2023년 9월 1일 12시,금요일,대전광역시 유성구 궁동,중상사고,0,1,0,0,차대차 - 기타,안전운전불이행,건조,맑음,단일로 - 기타,화물,남,50세,상해없음,자전거,남,77세,중상
2023090100100414,2023년 9월 1일 15시,금요일,대전광역시 중구 태평동,경상사고,0,0,1,0,차대차 - 기타,안전운전불이행,건조,맑음,단일로 - 기타,승용,남,89세,상해없음,승용,여,41세,경상
2023090100100415,2023년 9월 1일 15시,금요일,대전광역시 서구 둔산동,경상사고,0,0,1,0,차대차 - 후진중충돌,안전운전불이행,건조,맑음,교차로 - 교차로안,승용,남,60세,상해없음,승용,여,23세,경상
2023090100100457,2023년 9월 1일 16시,금요일,대전광역시 중구 문화동,경상사고,0,0,1,0,차대차 - 추돌,안전운전불이행,건조,맑음,교차로 - 교차로안,화물,남,61세,상해없음,승용,여,42세,경상
2023090100100459,2023년 9월 1일 16시,금요일,대전광역시 유성구 봉명동,경상사고,0,0,2,0,차대차 - 측면충돌,안전거리미확보,건조,맑음,단일로 - 기타,승합,남,34세,상해없음,승용,남,25세,경상
2023090100100526,2023년 9월 1일 17시,금요일,대전광역시 동구 원동,경상사고,0,0,1,0,차대차 - 기타,안전운전불이행,건조,맑음,단일로 - 기타,승용,남,64세,상해없음,승용,여,56세,경상
2023090100100627,2023년 9월 1일 19시,금요일,대전광역시 중구 안영동,경상사고,0,0,1,0,차대차 - 측면충돌,안전운전불이행,건조,맑음,단일로 - 기타,승용,남,73세,상해없음,승용,여,54세,경상
2023090100100628,2023년 9월 1일 19시,금요일,대전광역시 동구 용전동,경상사고,0,0,3,0,차대차 - 추돌,안전운전불이행,건조,맑음,단일로 - 기타,승용,남,28세,상해없음,승용,남,36세,경상
2023090100100665,2023년 9월 1일 20시,금요일,대전광역시 중구 태평동,경상사고,0,0,1,0,차대차 - 측면충돌,신호위반,건조,맑음,교차로 - 교차로안,승용,여,65세,상해없음,승용,남,56세,경상
2023090100100735,2023년 9월 1일 23시,금요일,대전광역시 유성구 봉명동,경상사고,0,0,1,0,차대사람 - 횡단중,보행자보호의무위반,건조,맑음,기타 - 기타,승용,남,46세,상해없음,보행자,남,33세,경상
2023090200100073,2023년 9월 2일 07시,토요일,대전광역시 중구 오류동,경상사고,0,0,1,0,차대차 - 측면충돌,안전거리미확보,건조,맑음,교차로 - 교차로부근,승용,남,64세,상해없음,승용,여,41세,경상
2023090200100221,2023년 9월 2일 11시,토요일,대전광역시 서구 탄방동,경상사고,0,0,1,0,차대차 - 추돌,안전운전불이행,건조,맑음,단일로 - 기타,승용,여,43세,상해없음,승용,여,50세,경상
2023090200100222,2023년 9월 2일 11시,토요일,대전광역시 유성구 원내동,경상사고,0,0,2,0,차대차 - 측면충돌,교차로운행방법위반,건조,맑음,교차로 - 교차로안,화물,남,79세,상해없음,승용,남,31세,경상
2023090200100275,2023년 9월 2일 12시,토요일,대전광역시 중구 산성동,경상사고,0,0,1,0,차대차 - 기타,안전운전불이행,건조,맑음,교차로 - 교차로부근,승용,남,28세,상해없음,원동기,남,37세,경상
2023090200100276,2023년 9월 2일 12시,토요일,대전광역시 중구 안영동,경상사고,0,0,1,0,차대차 - 측면충돌,직진우회전진행방해,건조,맑음,교차로 - 교차로안,승용,남,56세,상해없음,승용,여,46세,경상
2023090200100320,2023년 9월 2일 13시,토요일,대전광역시 서구 만년동,경상사고,0,0,2,0,차대차 - 기타,안전운전불이행,건조,맑음,교차로 - 교차로안,승용,남,72세,상해없음,승용,남,52세,경상
2023090200100321,2023년 9월 2일 13시,토요일,대전광역시 유성구 죽동,경상사고,0,0,2,0,차대차 - 추돌,안전운전불이행,건조,맑음,단일로 - 기타,승용,남,23세,상해없음,화물,남,51세,경상
2023090200100365,2023년 9월 2일 14시,토요일,대전광역시 중구 산성동,경상사고,0,0,1,0,차대차 - 기타,안전운전불이행,건조,맑음,단일로 - 기타,승용,남,66세,상해없음,승용,여,52세,경상
2023090200100468,2023년 9월 2일 17시,토요일,대전광역시 서구 갈마동,경상사고,0,0,1,0,차대차 - 후진중충돌,안전운전불이행,건조,맑음,단일로 - 기타,승용,여,35세,상해없음,이륜,남,46세,경상
2023090200100556,2023년 9월 2일 20시,토요일,대전광역시 서구 괴정동,경상사고,0,0,1,0,차대차 - 기타,안전운전불이행,건조,맑음,단일로 - 기타,승용,여,62세,상해없음,이륜,남,29세,경상
2023090200100557,2023년 9월 2일 20시,토요일,대전광역시 서구 도마동,경상사고,0,0,1,0,차대차 - 기타,안전운전불이행,건조,맑음,교차로 - 교차로안,승용,여,57세,상해없음,이륜,남,23세,경상
2023090200100558,2023년 9월 2일 20시,토요일,대전광역시 서구 둔산동,경상사고,0,0,1,0,차대차 - 측면충돌,안전운전불이행,건조,맑음,단일로 - 기타,승용,여,58세,기타불명,승용,남,71세,경상
2023090300100006,2023년 9월 3일 00시,일요일,대전광역시 동구 용전동,경상사고,0,0,1,1,차대차 - 측면충돌,안전거리미확보,건조,맑음,교차로 - 교차로안,승용,남,53세,상해없음,승용,남,36세,경상
2023090300100045,2023년 9월 3일 05시,일요일,대전광역시 동구 삼성동,경상사고,0,0,5,0,차대차 - 측면충돌,신호위반,건조,맑음,교차로 - 교차로안,승용,남,32세,기타불명,승용,남,69세,경상
2023090300100124,2023년 9월 3일 11시,일요일,대전광역시 유성구 원신흥동,경상사고,0,0,1,0,차대사람 - 차도통행중,안전운전불이행,건조,맑음,단일로 - 기타,승용,남,66세,상해없음,보행자,남,55세,경상
2023090300100147,2023년 9월 3일 12시,일요일,대전광역시 중구 문창동,중상사고,0,2,3,0,차대차 - 추돌,안전거리미확보,건조,맑음,단일로 - 기타,승용,남,30세,상해없음,승용,남,50세,중상
2023090300100148,2023년 9월 3일 12시,일요일,대전광역시 서구 둔산동,경상사고,0,0,2,0,차대차 - 기타,안전운전불이행,건조,맑음,단일로 - 기타,승용,남,20세,상해없음,승용,남,52세,경상
2023090300100177,2023년 9월 3일 13시,일요일,대전광역시 대덕구 송촌동,경상사고,0,0,1,0,차대차 - 측면충돌,안전운전불이행,건조,맑음,단일로 - 기타,승용,남,30세,상해없음,승용,남,61세,경상
2023090300100197,2023년 9월 3일 14시,일요일,대전광역시 유성구 봉명동,경상사고,0,0,2,0,차대차 - 기타,안전운전불이행,건조,맑음,기타 - 기타,승용,남,26세,상해없음,승용,여,35세,경상
2023090300100224,2023년 9월 3일 15시,일요일,대전광역시 중구 은행동,중상사고,0,1,0,0,차대사람 - 횡단중,보행자보호의무위반,건조,맑음,단일로 - 기타,승용,남,37세,상해없음,보행자,여,63세,중상
2023090300100225,2023년 9월 3일 15시,일요일,대전광역시 서구 둔산동,경상사고,0,0,1,0,차대차 - 기타,안전운전불이행,건조,맑음,교차로 - 교차로횡단보도내,승용,여,60세,상해없음,승용,여,55세,경상
2023090300100253,2023년 9월 3일 16시,일요일,대전광역시 중구 안영동,경상사고,0,0,1,0,차대차 - 추돌,안전운전불이행,건조,맑음,단일로 - 기타,승용,남,49세,상해없음,화물,남,67세,상해없음
2023090300100254,2023년 9월 3일 16시,일요일,대전광역시 유성구 원내동,중상사고,0,1,0,0,차대차 - 정면충돌,신호위반,건조,맑음,교차로 - 교차로안,승용,여,35세,상해없음,화물,남,42세,중상
2023090300100288,2023년 9월 3일 17시,일요일,대전광역시 대덕구 목상동,경상사고,0,0,4,0,차대차 - 기타,안전운전불이행,건조,맑음,교차로 - 교차로안,승용,여,48세,기타불명,화물,여,55세,경상
2023090300100289,2023년 9월 3일 17시,일요일,대전광역시 서구 탄방동,경상사고,0,0,1,0,차대차 - 기타,안전운전불이행,건조,맑음,교차로 - 교차로안,승용,여,52세,상해없음,승용,남,43세,경상
2023090300100338,2023년 9월 3일 19시,일요일,대전광역시 동구 소제동,중상사고,0,1,0,0,차대사람 - 기타,안전운전불이행,건조,맑음,단일로 - 기타,화물,남,57세,상해없음,보행자,여,19세,중상
2023090300100339,2023년 9월 3일 19시,일요일,대전광역시 서구 도마동,경상사고,0,0,1,0,차대차 - 기타,안전운전불이행,건조,맑음,단일로 - 기타,승용,남,78세,상해없음,승용,여,28세,경상
2023090300100366,2023년 9월 3일 20시,일요일,대전광역시 대덕구 오정동,중상사고,0,1,0,0,차대차 - 기타,신호위반,건조,맑음,교차로 - 교차로안,이륜,남,28세,상해없음,이륜,남,59세,중상
2023090300100383,2023년 9월 3일 21시,일요일,대전광역시 유성구 덕명동,경상사고,0,0,1,1,차대차 - 추돌,안전운전불이행,건조,맑음,단일로 - 기타,승용,여,29세,상해없음,승용,남,64세,경상
2023090300100391,2023년 9월 3일 22시,일요일,대전광역시 서구 갈마동,경상사고,0,0,1,0,차대차 - 후진중충돌,안전운전불이행,건조,맑음,교차로 - 교차로부근,승용,남,21세,상해없음,승용,남,63세,상해없음
2023090400100005,2023년 9월 4일 00시,월요일,대전광역시 서구 월평동,중상사고,0,1,0,0,차대차 - 추돌,안전운전불이행,건조,맑음,교차로 - 교차로안,승용,여,24세,상해없음,승용,남,60세,중상
2023090400100052,2023년 9월 4일 06시,월요일,대전광역시 대덕구 오정동,경상사고,0,0,1,0,차대차 - 기타,안전운전불이행,건조,맑음,단일로 - 기타,승용,남,31세,상해없음,승용,남,61세,경상
2023090400100079,2023년 9월 4일 07시,월요일,대전광역시 유성구 구암동,경상사고,0,0,2,0,차대차 - 기타,안전거리미확보,건조,맑음,단일로 - 기타,승용,남,69세,상해없음,승합,남,53세,경상
2023090400100130,2023년 9월 4일 08시,월요일,대전광역시 유성구 궁동,경상사고,0,0,2,0,차대차 - 기타,안전운전불이행,건조,맑음,기타 - 기타,승용,남,38세,경상,승용,여,49세,경상
2023090400100162,2023년 9월 4일 09시,월요일,대전광역시 대덕구 오정동,경상사고,0,0,1,0,차대차 - 측면충돌,신호위반,건조,맑음,단일로 - 기타,승용,여,66세,상해없음,승합,남,61세,경상
2023090400100163,2023년 9월 4일 09시,월요일,대전광역시 서구 갈마동,경상사고,0,0,1,0,차대차 - 기타,기타,건조,맑음,기타 - 기타,이륜,남,63세,상해없음,자전거,남,60세,경상
2023090400100164,2023년 9월 4일 09시,월요일,대전광역시 유성구 도룡동,경상사고,0,0,1,0,차대차 - 추돌,안전운전불이행,건조,맑음,교차로 - 교차로안,승용,남,36세,상해없음,승용,남,36세,경상
2023090400100231,2023년 9월 4일 11시,월요일,대전광역시 동구 판암동,경상사고,0,0,1,0,차대차 - 기타,안전운전불이행,건조,맑음,단일로 - 기타,승용,남,30세,상해없음,이륜,남,64세,경상
2023090400100232,2023년 9월 4일 11시,월요일,대전광역시 서구 둔산동,경상사고,0,0,1,0,차대사람 - 기타,보행자보호의무위반,건조,맑음,교차로 - 교차로횡단보도내,승용,여,29세,상해없음,보행자,여,70세,경상
2023090400100233,2023년 9월 4일 11시,월요일,대전광역시 유성구 어은동,경상사고,0,0,1,0,차대차 - 측면충돌,안전운전불이행,건조,맑음,단일로 - 기타,자전거,여,23세,상해없음,이륜,남,51세,경상
2023090400100268,2023년 9월 4일 12시,월요일,대전광역시 유성구 봉명동,중상사고,0,1,2,0,차대차 - 추돌,안전운전불이행,건조,맑음,단일로 - 기타,승용,남,73세,상해없음,승합,남,59세,경상
2023090400100325,2023년 9월 4일 14시,월요일,대전광역시 서구 도안동,경상사고,0,0,1,0,차대차 - 기타,중앙선침범,건조,맑음,단일로 - 기타,승용,남,50세,상해없음,이륜,남,40세,경상
2023090400100364,2023년 9월 4일 15시,월요일,대전광역시 중구 대사동,경상사고,0,0,1,0,차량단독 - 기타,안전운전불이행,건조,맑음,단일로 - 기타,승합,남,53세,상해없음,,,,
2023090400100365,2023년 9월 4일 15시,월요일,대전광역시 동구 대동,경상사고,0,0,1,0,차대차 - 기타,안전운전불이행,건조,맑음,교차로 - 교차로부근,화물,남,61세,상해없음,승용,여,56세,경상