사고번호,사고일시,요일,시군구,사고내용,사망자수,중상자수,경상자수,부상신고자수,사고유형,법규위반,노면상태,기상상태,도로형태,가해운전자 차종,가해운전자 성별,가해운전자 연령,가해운전자 상해정도,피해운전자 차종,피해운전자 성별,피해운전자 연령,피해운전자 상해정도
2023091000100017,2023년 9월 10일 00시,일요일,대전광역시 서구 용문동,중상사고,0,1,2,0,차대차 - 기타,신호위반,건조,맑음,교차로 - 교차로안,이륜,남,54세,상해없음,승용,남,48세,중상
2023091000100049,2023년 9월 10일 03시,일요일,대전광역시 서구 내동,경상사고,0,0,1,0,차대차 - 추돌,안전거리미확보,건조,맑음,단일로 - 기타,승용,남,29세,상해없음,승용,남,60세,경상
2023091000100089,2023년 9월 10일 08시,일요일,대전광역시 동구 가양동,경상사고,0,0,1,0,차대차 - 기타,불법유턴,건조,맑음,단일로 - 기타,승용,남,63세,상해없음,화물,남,56세,경상
2023091000100125,2023년 9월 10일 10시,일요일,대전광역시 서구 변동,중상사고,0,1,0,0,차대차 - 기타,안전운전불이행,건조,맑음,교차로 - 교차로안,자전거,남,14세,중상,승용,남,38세,상해없음
2023091000100126,2023년 9월 10일 10시,일요일,대전광역시 대덕구 신탄진동,중상사고,0,1,0,0,차대차 - 측면충돌,안전운전불이행,건조,맑음,교차로 - 교차로안,이륜,남,57세,상해없음,승용,남,66세,중상
2023091000100127,2023년 9월 10일 10시,일요일,대전광역시 서구 월평동,경상사고,0,0,4,0,차대차 - 측면충돌,안전거리미확보,건조,맑음,교차로 - 교차로안,승합,남,55세,상해없음,승용,남,38세,경상
2023091000100128,2023년 9월 10일 10시,일요일,대전광역시 유성구 도룡동,부상신고사고,0,0,0,1,차대차 - 기타,교차로운행방법위반,건조,맑음,기타 - 기타,승용,남,67세,상해없음,자전거,남,9세,부상신고
2023091000100188,2023년 9월 10일 12시,일요일,대전광역시 동구 가양동,경상사고,0,0,1,0,차대차 - 기타,안전거리미확보,건조,맑음,단일로 - 기타,승용,남,74세,상해없음,승용,남,33세,상해없음
2023091000100190,2023년 9월 10일 12시,일요일,대전광역시 대덕구 오정동,경상사고,0,0,1,0,차대차 - 측면충돌,신호위반,건조,흐림,단일로 - 교량,승용,남,35세,상해없음,승용,남,42세,경상
2023091000100191,2023년 9월 10일 12시,일요일,대전광역시 서구 월평동,경상사고,0,0,2,0,차대차 - 기타,교차로운행방법위반,건조,맑음,교차로 - 교차로안,원동기,남,49세,상해없음,승용,여,47세,경상
2023091000100256,2023년 9월 10일 14시,일요일,대전광역시 서구 도안동,경상사고,0,0,3,0,차대차 - 측면충돌,안전운전불이행,건조,맑음,단일로 - 기타,승용,남,61세,상해없음,승용,남,32세,경상
2023091000100257,2023년 9월 10일 14시,일요일,대전광역시 대덕구 신탄진동,사망사고,1,0,0,0,차대사람 - 기타,중앙선침범,건조,맑음,단일로 - 기타,화물,여,56세,상해없음,보행자,남,80세,사망
2023091000100288,2023년 9월 10일 15시,일요일,대전광역시 서구 만년동,경상사고,0,0,4,0,차대차 - 측면충돌,신호위반,건조,맑음,교차로 - 교차로부근,승용,여,44세,기타불명,승용,남,33세,경상
2023091000100388,2023년 9월 10일 18시,일요일,대전광역시 동구 판암동,경상사고,0,0,1,0,차대차 - 정면충돌,안전운전불이행,건조,맑음,교차로 - 교차로부근,승용,남,71세,상해없음,이륜,여,22세,경상
2023091100100008,2023년 9월 11일 01시,월요일,대전광역시 서구 둔산동,경상사고,0,0,3,0,차대차 - 기타,안전운전불이행,건조,맑음,단일로 - 기타,승용,남,22세,상해없음,승용,여,21세,경상
2023091100100021,2023년 9월 11일 03시,월요일,대전광역시 동구 자양동,중상사고,0,1,0,0,차대사람 - 횡단중,안전운전불이행,건조,맑음,교차로 - 교차로횡단보도내,승용,남,70세,상해없음,보행자,남,20세,중상
2023091100100037,2023년 9월 11일 05시,월요일,대전광역시 동구 홍도동,중상사고,0,1,0,0,차대차 - 측면충돌,안전운전불이행,건조,맑음,교차로 - 교차로부근,승용,남,56세,상해없음,자전거,여,54세,중상
2023091100100053,2023년 9월 11일 06시,월요일,대전광역시 동구 중동,부상신고사고,0,0,0,1,차대차 - 측면충돌,신호위반,건조,맑음,교차로 - 교차로안,승용,남,28세,상해없음,승용,남,35세,상해없음
2023091100100054,2023년 9월 11일 06시,월요일,대전광역시 서구 용문동,경상사고,0,0,1,0,차대차 - 측면충돌,안전운전불이행,건조,맑음,교차로 - 교차로안,승용,남,26세,기타불명,승용,남,47세,경상
2023091100100142,2023년 9월 11일 08시,월요일,대전광역시 동구 대동,경상사고,0,0,3,0,차대차 - 측면충돌,신호위반,건조,맑음,교차로 - 교차로안,승용,여,59세,상해없음,승용,여,43세,경상
2023091100100143,2023년 9월 11일 08시,월요일,대전광역시 서구 내동,경상사고,0,0,1,0,차대차 - 측면충돌,안전운전불이행,건조,맑음,단일로 - 기타,승용,남,60세,기타불명,이륜,남,35세,경상
2023091100100144,2023년 9월 11일 08시,월요일,대전광역시 유성구 탑립동,경상사고,0,0,1,0,차대차 - 측면충돌,중앙선침범,건조,맑음,기타 - 기타,승용,여,30세,기타불명,승용,남,37세,경상
2023091100100145,2023년 9월 11일 08시,월요일,대전광역시 유성구 노은동,중상사고,0,1,0,0,차대사람 - 횡단중,보행자보호의무위반,건조,맑음,교차로 - 교차로횡단보도내,승용,남,73세,상해없음,보행자,여,59세,중상
2023091100100191,2023년 9월 11일 09시,월요일,대전광역시 서구 갈마동,경상사고,0,0,2,0,차대차 - 기타,안전운전불이행,건조,맑음,교차로 - 교차로부근,승합,남,41세,상해없음,승용,남,51세,경상
2023091100100192,2023년 9월 11일 09시,월요일,대전광역시 대덕구 오정동,경상사고,0,0,1,0,차대차 - 기타,신호위반,건조,맑음,단일로 - 기타,승용,남,68세,상해없음,승용,여,59세,상해없음
2023091100100193,2023년 9월 11일 09시,월요일,대전광역시 유성구 문지동,경상사고,0,0,1,0,차대차 - 기타,안전운전불이행,건조,맑음,교차로 - 교차로안,승용,남,30세,상해없음,승용,여,57세,경상
2023091100100270,2023년 9월 11일 11시,월요일,대전광역시 중구 유천동,중상사고,0,1,0,0,차대사람 - 기타,보행자보호의무위반,건조,맑음,단일로 - 기타,승용,여,69세,상해없음,보행자,여,82세,중상
2023091100100271,2023년 9월 11일 11시,월요일,대전광역시 동구 대동,경상사고,0,0,1,0,차대차 - 측면충돌,안전운전불이행,건조,맑음,교차로 - 교차로안,승용,여,42세,상해없음,승용,남,63세,경상
2023091100100272,2023년 9월 11일 11시,월요일,대전광역시 서구 가수원동,경상사고,0,0,1,0,차대차 - 측면충돌,안전운전불이행,건조,맑음,단일로 - 교량,승용,남,26세,상해없음,승용,남,51세,경상
2023091100100273,2023년 9월 11일 11시,월요일,대전광역시 대덕구 신탄진동,중상사고,0,1,0,0,차대차 - 측면충돌,교차로운행방법위반,건조,맑음,교차로 - 교차로안,이륜,남,50세,중상,화물,남,61세,상해없음
2023091100100311,2023년 9월 11일 12시,월요일,대전광역시 서구 탄방동,경상사고,0,0,1,0,차대사람 - 횡단중,보행자보호의무위반,건조,맑음,교차로 - 교차로횡단보도내,승용,여,34세,상해없음,보행자,남,47세,경상
2023091100100373,2023년 9월 11일 14시,월요일,대전광역시 유성구 봉명동,부상신고사고,0,0,0,1,차대차 - 추돌,안전운전불이행,건조,맑음,기타 - 기타,화물,남,53세,기타불명,원동기,남,43세,부상신고
2023091100100408,2023년 9월 11일 15시,월요일,대전광역시 서구 둔산동,경상사고,0,0,1,0,차대사람 - 기타,보행자보호의무위반,건조,맑음,기타 - 기타,승용,남,30세,상해없음,보행자,여,48세,경상
2023091100100409,2023년 9월 11일 15시,월요일,대전광역시 서구 둔산동,경상사고,0,0,1,0,차대차 - 기타,안전운전불이행,건조,맑음,교차로 - 교차로부근,승용,남,36세,기타불명,승용,남,28세,경상
2023091100100445,2023년 9월 11일 16시,월요일,대전광역시 동구 판암동,경상사고,0,0,4,0,차대차 - 추돌,안전운전불이행,건조,맑음,교차로 - 교차로부근,화물,남,58세,상해없음,승합,남,65세,경상
2023091100100446,2023년 9월 11일 16시,월요일,대전광역시 서구 도마동,부상신고사고,0,0,0,3,차대차 - 기타,안전거리미확보,건조,맑음,단일로 - 기타,승용,남,80세,상해없음,승합,남,58세,부상신고
2023091100100528,2023년 9월 11일 18시,월요일,대전광역시 서구 갈마동,경상사고,0,0,1,0,차대차 - 기타,보행자보호의무위반,건조,맑음,단일로 - 기타,승용,남,58세,상해없음,자전거,남,25세,경상
2023091100100565,2023년 9월 11일 19시,월요일,대전광역시 중구 사정동,중상사고,0,1,0,0,차대차 - 기타,신호위반,건조,맑음,교차로 - 교차로안,승용,남,77세,상해없음,이륜,남,47세,중상
2023091100100566,2023년 9월 11일 19시,월요일,대전광역시 유성구 봉명동,경상사고,0,0,1,0,차대차 - 측면충돌,안전운전불이행,건조,맑음,기타 - 기타,승용,남,30세,상해없음,승용,남,47세,경상
2023091100100622,2023년 9월 11일 23시,월요일,대전광역시 서구 가장동,경상사고,0,0,2,0,차대차 - 측면충돌,안전운전불이행,건조,맑음,기타 - 기타,승용,남,22세,상해없음,승용,남,45세,경상
2023091200100017,2023년 9월 12일 02시,화요일,대전광역시 유성구 봉명동,경상사고,0,0,1,0,차대차 - 측면충돌,신호위반,건조,맑음,교차로 - 교차로안,승용,남,42세,상해없음,승용,남,38세,경상
2023091200100041,2023년 9월 12일 05시,화요일,대전광역시 유성구 구성동,경상사고,0,0,2,0,차대차 - 측면충돌,안전운전불이행,건조,맑음,교차로 - 교차로안,승용,남,67세,상해없음,승용,남,68세,경상
2023091200100133,2023년 9월 12일 08시,화요일,대전광역시 중구 문화동,경상사고,0,0,1,0,차대사람 - 기타,안전운전불이행,건조,맑음,교차로 - 교차로부근,승용,남,65세,상해없음,보행자,남,17세,경상
2023091200100134,2023년 9월 12일 08시,화요일,대전광역시 동구 원동,경상사고,0,0,1,0,차대사람 - 기타,신호위반,건조,맑음,교차로 - 교차로횡단보도내,화물,남,54세,상해없음,보행자,여,38세,경상
2023091200100169,2023년 9월 12일 09시,화요일,대전광역시 유성구 송강동,중상사고,0,1,1,0,차대차 - 기타,안전운전불이행,건조,맑음,기타 - 기타,이륜,남,25세,중상,승용,여,69세,경상
2023091200100189,2023년 9월 12일 10시,화요일,대전광역시 대덕구 비래동,경상사고,0,0,1,0,차대차 - 측면충돌,안전거리미확보,건조,맑음,단일로 - 기타,승용,남,26세,상해없음,승용,여,46세,경상
2023091200100205,2023년 9월 12일 10시,화요일,대전광역시 서구 둔산동,경상사고,0,0,2,0,차대차 - 측면충돌,신호위반,건조,맑음,기타 - 기타,승용,남,76세,경상,승용,남,64세,경상
2023091200100230,2023년 9월 12일 11시,화요일,대전광역시 동구 비룡동,경상사고,0,0,3,0,차대차 - 추돌,안전거리미확보,건조,맑음,단일로 - 기타,승용,여,62세,상해없음,특수,남,57세,경상
2023091200100250,2023년 9월 12일 11시,화요일,대전광역시 서구 산직동,경상사고,0,0,1,0,차대차 - 측면충돌,교차로운행방법위반,건조,맑음,교차로 - 교차로안,승합,남,60세,상해없음,화물,남,43세,경상
2023091200100276,2023년 9월 12일 12시,화요일,대전광역시 서구 도마동,중상사고,0,1,0,0,차대사람 - 기타,안전운전불이행,건조,맑음,교차로 - 교차로안,승용,여,31세,상해없음,보행자,여,76세,중상
2023091200100301,2023년 9월 12일 13시,화요일,대전광역시 대덕구 상서동,경상사고,0,0,2,0,차대차 - 측면충돌,안전운전불이행,건조,맑음,기타 - 기타,승용,남,61세,경상,화물,남,65세,경상
2023091200100316,2023년 9월 12일 13시,화요일,대전광역시 서구 월평동,경상사고,0,0,1,0,차대차 - 기타,안전운전불이행,건조,맑음,교차로 - 교차로부근,승용,남,27세,기타불명,승합,남,34세,기타불명
2023091200100349,2023년 9월 12일 14시,화요일,대전광역시 동구 홍도동,경상사고,0,0,3,0,차대차 - 기타,안전운전불이행,건조,맑음,단일로 - 기타,승용,여,35세,경상,승용,남,72세,경상
2023091200100381,2023년 9월 12일 15시,화요일,대전광역시 중구 오류동,경상사고,0,0,1,0,차대차 - 기타,안전운전불이행,건조,맑음,교차로 - 교차로안,승용,남,64세,상해없음,승용,여,34세,경상
2023091200100382,2023년 9월 12일 15시,화요일,대전광역시 동구 성남동,경상사고,0,0,1,0,차대차 - 기타,신호위반,건조,맑음,교차로 - 교차로안,승합,남,50세,상해없음,승용,남,61세,경상
2023091200100383,2023년 9월 12일 15시,화요일,대전광역시 서구 탄방동,경상사고,0,0,3,0,차대차 - 추돌,안전운전불이행,건조,맑음,교차로 - 교차로부근,화물,남,64세,상해없음,승용,여,54세,경상
2023091200100428,2023년 9월 12일 16시,화요일,대전광역시 대덕구 덕암동,경상사고,0,0,1,0,차대차 - 측면충돌,안전운전불이행,건조,맑음,단일로 - 기타,승용,여,25세,상해없음,승용,남,42세,경상
2023091200100485,2023년 9월 12일 17시,화요일,대전광역시 동구 성남동,중상사고,0,1,0,0,차량단독 - 기타,안전운전불이행,건조,맑음,단일로 - 기타,개인형이동수단(PM),여,14세,중상,,,,
2023091200100519,2023년 9월 12일 18시,화요일,대전광역시 대덕구 중리동,중상사고,0,1,0,0,차대사람 - 차도통행중,안전운전불이행,건조,맑음,교차로 - 교차로안,승용,남,27세,상해없음,보행자,남,41세,중상
2023091200100520,2023년 9월 12일 18시,화요일,대전광역시 유성구 하기동,경상사고,0,0,1,0,차대차 - 추돌,교차로운행방법위반,건조,맑음,교차로 - 교차로안,승용,남,52세,상해없음,원동기,남,34세,경상
2023091200100521,2023년 9월 12일 18시,화요일,대전광역시 유성구 노은동,경상사고,0,0,1,0,차대차 - 추돌,안전운전불이행,건조,맑음,교차로 - 교차로부근,화물,남,65세,상해없음,승용,남,33세,경상
2023091200100566,2023년 9월 12일 19시,화요일,대전광역시 유성구 봉명동,경상사고,0,0,1,0,차대차 - 기타,안전거리미확보,젖음/습기,기타,단일로 - 터널,승용,남,32세,상해없음,승용,남,36세,경상
2023091200100639,2023년 9월 12일 22시,화요일,대전광역시 대덕구 비래동,경상사고,0,0,2,0,차대차 - 기타,기타,건조,맑음,단일로 - 기타,승용,남,34세,상해없음,승용,남,52세,경상
2023091200100640,2023년 9월 12일 22시,화요일,대전광역시 유성구 원내동,부상신고사고,0,0,0,1,차대차 - 기타,신호위반,건조,맑음,교차로 - 교차로안,승용,남,28세,상해없음,승용,남,56세,부상신고
2023091300100046,2023년 9월 13일 05시,수요일,대전광역시 중구 산성동,사망사고,1,0,0,0,차대차 - 정면충돌,기타,젖음/습기,비,교차로 - 교차로안,승용,남,64세,상해없음,자전거,남,72세,사망
2023091300100047,2023년 9월 13일 05시,수요일,대전광역시 대덕구 오정동,경상사고,0,0,1,0,차대사람 - 기타,안전운전불이행,건조,맑음,교차로 - 교차로부근,승용,남,63세,상해없음,보행자,남,47세,경상
2023091300100065,2023년 9월 13일 06시,수요일,대전광역시 동구 가양동,경상사고,0,0,1,0,차대사람 - 횡단중,보행자보호의무위반,젖음/습기,비,단일로 - 기타,승용,남,67세,상해없음,보행자,여,74세,경상
2023091300100066,2023년 9월 13일 06시,수요일,대전광역시 서구 관저동,중상사고,0,1,2,0,차대차 - 측면충돌,신호위반,젖음/습기,비,교차로 - 교차로안,승용,여,60세,상해없음,승합,여,69세,경상
2023091300100136,2023년 9월 13일 08시,수요일,대전광역시 서구 둔산동,경상사고,0,0,1,0,차대사람 - 기타,안전운전불이행,건조,맑음,미분류 - 미분류,자전거,남,17세,기타불명,보행자,남,53세,경상
2023091300100137,2023년 9월 13일 08시,수요일,대전광역시 서구 둔산동,경상사고,0,0,1,0,차대차 - 기타,안전거리미확보,건조,맑음,단일로 - 기타,승용,여,62세,상해없음,승용,여,37세,경상
2023091300100176,2023년 9월 13일 09시,수요일,대전광역시 서구 탄방동,경상사고,0,0,1,0,차대차 - 기타,안전운전불이행,건조,맑음,단일로 - 기타,승용,여,36세,상해없음,승용,남,39세,경상
2023091300100177,2023년 9월 13일 09시,수요일,대전광역시 유성구 화암동,경상사고,0,0,1,0,차대차 - 측면충돌,안전거리미확보,건조,맑음,단일로 - 기타,승용,남,62세,상해없음,승용,여,23세,경상
2023091300100206,2023년 9월 13일 10시,수요일,대전광역시 동구 중동,경상사고,0,0,4,0,차대차 - 측면충돌,신호위반,건조,맑음,교차로 - 교차로안,승용,남,58세,경상,승용,남,61세,경상
2023091300100207,2023년 9월 13일 10시,수요일,대전광역시 서구 도마동,경상사고,0,0,1,0,차대차 - 추돌,안전거리미확보,건조,맑음,교차로 - 교차로부근,승용,남,22세,상해없음,승용,남,82세,경상
2023091300100229,2023년 9월 13일 11시,수요일,대전광역시 동구 인동,경상사고,0,0,1,0,차대차 - 측면충돌,안전운전불이행,젖음/습기,비,교차로 - 교차로안,승용,남,69세,상해없음,승용,남,42세,경상
2023091300100230,2023년 9월 13일 11시,수요일,대전광역시 대덕구 신일동,경상사고,0,0,1,0,차대차 - 추돌,안전거리미확보,젖음/습기,비,단일로 - 기타,승용,남,29세,상해없음,승용,여,29세,상해없음
2023091300100300,2023년 9월 13일 13시,수요일,대전광역시 서구 월평동,경상사고,0,0,1,0,차대사람 - 기타,안전운전불이행,젖음/습기,비,단일로 - 기타,개인형이동수단(PM),남,15세,상해없음,보행자,여,74세,경상
2023091300100301,2023년 9월 13일 13시,수요일,대전광역시 유성구 봉명동,경상사고,0,0,1,0,차대차 - 기타,안전거리미확보,건조,맑음,교차로 - 교차로부근,승용,여,54세,상해없음,이륜,남,41세,경상
2023091300100421,2023년 9월 13일 16시,수요일,대전광역시 동구 인동,경상사고,0,0,3,0,차대차 - 후진중충돌,안전운전불이행,건조,흐림,교차로 - 교차로부근,승용,남,58세,상해없음,승용,여,29세,경상
2023091300100422,2023년 9월 13일 16시,수요일,대전광역시 서구 둔산동,경상사고,0,0,1,0,차대차 - 측면충돌,안전운전불이행,젖음/습기,비,단일로 - 기타,승용,여,67세,상해없음,승용,여,52세,경상
2023091300100424,2023년 9월 13일 16시,수요일,대전광역시 유성구 반석동,경상사고,0,0,1,0,차대차 - 기타,신호위반,건조,맑음,교차로 - 교차로횡단보도내,승용,여,52세,상해없음,자전거,남,13세,경상
2023091300100466,2023년 9월 13일 17시,수요일,대전광역시 대덕구 오정동,경상사고,0,0,1,0,차대차 - 측면충돌,안전운전불이행,젖음/습기,비,단일로 - 교량,승용,남,31세,상해없음,승용,여,24세,경상
2023091300100520,2023년 9월 13일 18시,수요일,대전광역시 동구 용운동,경상사고,0,0,1,0,차대차 - 추돌,안전운전불이행,젖음/습기,비,교차로 - 교차로부근,승용,여,29세,상해없음,승용,여,35세,경상
2023091300100521,2023년 9월 13일 18시,수요일,대전광역시 동구 가양동,경상사고,0,0,1,0,차대차 - 후진중충돌,안전운전불이행,젖음/습기,비,교차로 - 교차로부근,승용,여,24세,상해없음,승용,남,33세,경상
2023091300100522,2023년 9월 13일 18시,수요일,대전광역시 서구 관저동,경상사고,0,0,1,0,차대차 - 정면충돌,안전운전불이행,젖음/습기,비,교차로 - 교차로안,승용,남,70세,상해없음,승용,여,37세,경상
2023091300100523,2023년 9월 13일 18시,수요일,대전광역시 유성구 봉명동,경상사고,0,0,1,0,차대차 - 후진중충돌,안전운전불이행,젖음/습기,비,기타 - 기타,승용,남,76세,상해없음,승용,여,30세,경상
2023091300100524,2023년 9월 13일 18시,수요일,대전광역시 유성구 구성동,중상사고,0,1,0,0,차대차 - 기타,교차로운행방법위반,젖음/습기,비,교차로 - 교차로안,승용,여,35세,상해없음,이륜,남,40세,중상
2023091300100525,2023년 9월 13일 18시,수요일,대전광역시 유성구 궁동,경상사고,0,0,1,0,차대차 - 측면충돌,안전운전불이행,젖음/습기,비,교차로 - 교차로부근,승용,여,64세,상해없음,이륜,남,52세,경상
2023091300100585,2023년 9월 13일 19시,수요일,대전광역시 중구 중촌동,경상사고,0,0,1,0,차대차 - 기타,안전거리미확보,젖음/습기,비,단일로 - 기타,승용,남,61세,상해없음,승용,남,47세,경상
2023091300100586,2023년 9월 13일 19시,수요일,대전광역시 유성구 원촌동,경상사고,0,0,1,0,차대차 - 추돌,안전운전불이행,건조,맑음,교차로 - 교차로부근,승용,남,35세,상해없음,승용,남,62세,경상
2023091400100054,2023년 9월 14일 05시,목요일,대전광역시 동구 성남동,경상사고,0,0,2,0,차대차 - 추돌,안전운전불이행,젖음/습기,흐림,단일로 - 기타,화물,남,66세,상해없음,승용,남,62세,경상
2023091400100055,2023년 9월 14일 05시,목요일,대전광역시 유성구 노은동,경상사고,0,0,1,0,차대차 - 측면충돌,안전운전불이행,젖음/습기,비,교차로 - 교차로부근,화물,남,56세,기타불명,승용,남,69세,경상
2023091400100096,2023년 9월 14일 07시,목요일,대전광역시 대덕구 오정동,경상사고,0,0,1,0,차대차 - 기타,직진우회전진행방해,건조,맑음,교차로 - 교차로안,승용,남,72세,기타불명,자전거,여,23세,경상
2023091400100143,2023년 9월 14일 08시,목요일,대전광역시 동구 용전동,경상사고,0,0,1,0,차대차 - 측면충돌,안전거리미확보,건조,맑음,단일로 - 기타,건설기계,남,45세,상해없음,승용,여,65세,경상
2023091400100180,2023년 9월 14일 09시,목요일,대전광역시 서구 괴정동,경상사고,0,0,1,0,차대사람 - 기타,안전운전불이행,건조,맑음,단일로 - 기타,승용,남,69세,상해없음,보행자,여,62세,경상
2023091400100181,2023년 9월 14일 09시,목요일,대전광역시 대덕구 신탄진동,사망사고,1,0,0,0,차대사람 - 기타,안전운전불이행,젖음/습기,흐림,교차로 - 교차로부근,화물,남,58세,상해없음,보행자,남,70세,사망
2023091400100182,2023년 9월 14일 09시,목요일,대전광역시 유성구 방동,경상사고,0,0,2,0,차대차 - 추돌,안전운전불이행,건조,흐림,단일로 - 기타,건설기계,남,65세,상해없음,승용,여,62세,경상
2023091400100273,2023년 9월 14일 12시,목요일,대전광역시 유성구 구암동,경상사고,0,0,1,0,차대차 - 기타,차로위반,건조,맑음,교차로 - 교차로부근,승용,여,29세,상해없음,화물,남,47세,경상
2023091400100338,2023년 9월 14일 14시,목요일,대전광역시 서구 가장동,중상사고,0,1,0,0,차대차 - 측면충돌,안전운전불이행,건조,맑음,교차로 - 교차로안,승용,남,58세,상해없음,승용,여,68세,중상
2023091400100395,2023년 9월 14일 16시,목요일,대전광역시 중구 선화동,경상사고,0,0,1,0,차대사람 - 기타,안전운전불이행,건조,맑음,교차로 - 교차로부근,승용,여,64세,상해없음,보행자,남,55세,경상
2023091400100396,2023년 9월 14일 16시,목요일,대전광역시 유성구 원신흥동,경상사고,0,0,2,0,차대차 - 기타,안전운전불이행,건조,맑음,단일로 - 터널,승용,여,35세,기타불명,승용,여,32세,경상
2023091400100438,2023년 9월 14일 17시,목요일,대전광역시 유성구 구암동,중상사고,0,1,4,0,차대차 - 기타,안전운전불이행,건조,맑음,교차로 - 교차로안,승용,남,64세,상해없음,승합,남,44세,경상
2023091400100487,2023년 9월 14일 18시,목요일,대전광역시 중구 대흥동,경상사고,0,0,1,0,차대차 - 기타,신호위반,건조,맑음,교차로 - 교차로횡단보도내,승용,여,65세,상해없음,자전거,여,25세,경상
2023091400100488,2023년 9월 14일 18시,목요일,대전광역시 대덕구 오정동,경상사고,0,0,1,0,차대차 - 측면충돌,안전운전불이행,건조,맑음,교차로 - 교차로안,승용,남,42세,상해없음,승용,여,30세,경상
2023091400100489,2023년 9월 14일 18시,목요일,대전광역시 유성구 원내동,경상사고,0,0,1,0,차대사람 - 기타,안전운전불이행,건조,맑음,단일로 - 기타,화물,남,30세,상해없음,보행자,남,51세,경상
2023091400100490,2023년 9월 14일 18시,목요일,대전광역시 유성구 봉명동,경상사고,0,0,1,0,차대차 - 후진중충돌,안전운전불이행,건조,맑음,단일로 - 기타,승용,남,43세,기타불명,승용,여,40세,경상
2023091400100555,2023년 9월 14일 20시,목요일,대전광역시 서구 둔산동,경상사고,0,0,1,0,차대차 - 측면충돌,신호위반,건조,맑음,교차로 - 교차로부근,이륜,남,30세,기타불명,승용,남,67세,경상
2023091400100583,2023년 9월 14일 21시,목요일,대전광역시 대덕구 중리동,경상사고,0,0,2,0,차대차 - 측면충돌,안전운전불이행,건조,맑음,단일로 - 기타,승용,여,37세,상해없음,승용,남,63세,경상
2023091400100600,2023년 9월 14일 22시,목요일,대전광역시 동구 용전동,경상사고,0,0,3,0,차대차 - 측면충돌,안전거리미확보,건조,맑음,교차로 - 교차로부근,승용,남,58세,경상,승용,남,54세,경상
2023091500100014,2023년 9월 15일 00시,금요일,대전광역시 서구 갈마동,경상사고,0,0,2,0,차대차 - 측면충돌,안전운전불이행,젖음/습기,비,단일로 - 지하차도(도로)내,이륜,남,49세,기타불명,승용,여,51세,경상
2023091500100020,2023년 9월 15일 01시,금요일,대전광역시 유성구 봉명동,경상사고,0,0,1,0,차대차 - 측면충돌,안전운전불이행,젖음/습기,비,교차로 - 교차로부근,승용,남,55세,상해없음,승용,남,55세,경상
2023091500100134,2023년 9월 15일 08시,금요일,대전광역시 대덕구 덕암동,경상사고,0,0,1,0,차대사람 - 기타,안전운전불이행,건조,흐림,단일로 - 기타,승용,남,35세,상해없음,보행자,남,48세,경상
2023091500100135,2023년 9월 15일 08시,금요일,대전광역시 대덕구 오정동,경상사고,0,0,1,0,차대차 - 측면충돌,안전운전불이행,젖음/습기,비,단일로 - 기타,화물,남,65세,상해없음,승용,남,23세,경상
2023091500100172,2023년 9월 15일 09시,금요일,대전광역시 중구 선화동,중상사고,0,1,0,0,차대차 - 측면충돌,교차로운행방법위반,건조,맑음,교차로 - 교차로부근,승용,남,41세,상해없음,이륜,남,24세,중상
2023091500100196,2023년 9월 15일 10시,금요일,대전광역시 중구 유천동,경상사고,0,0,3,0,차대차 - 측면충돌,교차로운행방법위반,건조,맑음,교차로 - 교차로안,승용,남,68세,상해없음,승합,남,49세,경상
2023091500100197,2023년 9월 15일 10시,금요일,대전광역시 중구 부사동,경상사고,0,0,1,0,차대차 - 기타,안전운전불이행,젖음/습기,비,교차로 - 교차로안,자전거,남,20세,경상,승용,여,27세,상해없음
2023091500100198,2023년 9월 15일 10시,금요일,대전광역시 서구 둔산동,경상사고,0,0,2,0,차대차 - 측면충돌,신호위반,젖음/습기,비,교차로 - 교차로안,승용,남,45세,상해없음,승용,여,55세,경상
2023091500100258,2023년 9월 15일 12시,금요일,대전광역시 유성구 신성동,경상사고,0,0,1,0,차대차 - 기타,안전운전불이행,건조,맑음,기타 - 기타,승용,남,50세,상해없음,이륜,남,29세,경상
2023091500100297,2023년 9월 15일 13시,금요일,대전광역시 중구 유천동,경상사고,0,0,2,0,차대차 - 추돌,안전운전불이행,건조,맑음,단일로 - 기타,승용,남,36세,상해없음,승용,여,81세,경상
2023091500100298,2023년 9월 15일 13시,금요일,대전광역시 서구 내동,경상사고,0,0,1,0,차대차 - 기타,중앙선침범,건조,맑음,단일로 - 기타,승용,여,60세,상해없음,승용,여,70세,경상
2023091500100299,2023년 9월 15일 13시,금요일,대전광역시 대덕구 상서동,경상사고,0,0,2,0,차대차 - 추돌,안전운전불이행,젖음/습기,비,교차로 - 교차로부근,승용,남,44세,상해없음,승용,여,34세,경상
2023091500100329,2023년 9월 15일 14시,금요일,대전광역시 동구 성남동,경상사고,0,0,1,0,차대차 - 측면충돌,안전운전불이행,건조,맑음,교차로 - 교차로안,특수,남,47세,상해없음,승용,남,34세,경상
2023091500100330,2023년 9월 15일 14시,금요일,대전광역시 서구 정림동,경상사고,0,0,1,0,차대차 - 기타,직진우회전진행방해,젖음/습기,비,교차로 - 교차로안,승용,여,53세,상해없음,승용,남,69세,경상