사고번호,사고일시,요일,시군구,사고내용,사망자수,중상자수,경상자수,부상신고자수,사고유형,법규위반,노면상태,기상상태,도로형태,가해운전자 차종,가해운전자 성별,가해운전자 연령,가해운전자 상해정도,피해운전자 차종,피해운전자 성별,피해운전자 연령,피해운전자 상해정도
2023091500100403,2023년 9월 15일 16시,금요일,대전광역시 서구 월평동,경상사고,0,0,2,0,차대차 - 기타,안전운전불이행,건조,맑음,기타 - 기타,승용,남,64세,상해없음,승용,남,35세,경상
2023091500100447,2023년 9월 15일 17시,금요일,대전광역시 중구 대흥동,중상사고,0,1,0,0,차대차 - 추돌,안전거리미확보,건조,맑음,단일로 - 기타,승용,남,83세,상해없음,승용,여,67세,중상
2023091500100448,2023년 9월 15일 17시,금요일,대전광역시 중구 오류동,경상사고,0,0,1,0,차대차 - 기타,차로위반,건조,맑음,단일로 - 기타,승용,남,28세,상해없음,승합,남,40세,경상
2023091500100449,2023년 9월 15일 17시,금요일,대전광역시 대덕구 읍내동,경상사고,0,0,1,0,차대사람 - 기타,안전운전불이행,건조,맑음,단일로 - 기타,승합,남,56세,상해없음,보행자,여,57세,경상
2023091500100450,2023년 9월 15일 17시,금요일,대전광역시 서구 둔산동,부상신고사고,0,0,0,1,차대사람 - 기타,안전운전불이행,젖음/습기,비,단일로 - 기타,승용,남,37세,상해없음,보행자,여,55세,부상신고
2023091500100506,2023년 9월 15일 18시,금요일,대전광역시 동구 용전동,경상사고,0,0,1,0,차대차 - 측면충돌,안전운전불이행,건조,맑음,단일로 - 기타,승용,남,34세,상해없음,원동기,남,32세,경상
2023091500100507,2023년 9월 15일 18시,금요일,대전광역시 대덕구 오정동,중상사고,0,2,0,0,차대차 - 기타,신호위반,건조,맑음,교차로 - 교차로안,승용,남,56세,상해없음,승용,여,44세,중상
2023091500100566,2023년 9월 15일 19시,금요일,대전광역시 대덕구 법동,경상사고,0,0,1,0,차대차 - 기타,교차로운행방법위반,젖음/습기,비,단일로 - 기타,승용,남,61세,상해없음,승용,여,29세,경상
2023091500100567,2023년 9월 15일 19시,금요일,대전광역시 서구 월평동,경상사고,0,0,1,0,차대차 - 후진중충돌,안전운전불이행,젖음/습기,흐림,교차로 - 교차로안,승용,여,22세,상해없음,승용,남,31세,경상
2023091500100601,2023년 9월 15일 20시,금요일,대전광역시 중구 오류동,경상사고,0,0,3,0,차대차 - 기타,안전운전불이행,젖음/습기,비,교차로 - 교차로부근,승용,남,30세,상해없음,승합,남,49세,경상
2023091500100602,2023년 9월 15일 20시,금요일,대전광역시 유성구 복용동,중상사고,0,2,0,0,차대차 - 기타,신호위반,젖음/습기,비,교차로 - 교차로안,이륜,남,18세,중상,승용,남,49세,중상
2023091500100603,2023년 9월 15일 20시,금요일,대전광역시 유성구 도룡동,중상사고,0,1,0,0,차대차 - 측면충돌,안전운전불이행,젖음/습기,비,교차로 - 교차로안,승용,남,33세,상해없음,승용,여,56세,중상
2023091500100629,2023년 9월 15일 21시,금요일,대전광역시 대덕구 목상동,경상사고,0,0,1,0,차대차 - 기타,신호위반,젖음/습기,비,교차로 - 교차로안,승용,여,36세,상해없음,승용,여,53세,경상
2023091500100630,2023년 9월 15일 21시,금요일,대전광역시 유성구 도룡동,경상사고,0,0,2,0,차대차 - 기타,안전거리미확보,젖음/습기,비,단일로 - 기타,승용,남,41세,기타불명,승용,여,45세,경상
2023091500100689,2023년 9월 15일 23시,금요일,대전광역시 서구 괴정동,경상사고,0,0,1,0,차대차 - 기타,교차로운행방법위반,젖음/습기,흐림,교차로 - 교차로부근,승용,남,49세,상해없음,이륜,남,23세,경상
2023091600100079,2023년 9월 16일 07시,토요일,대전광역시 유성구 상대동,중상사고,0,1,1,1,차대차 - 측면충돌,신호위반,건조,맑음,교차로 - 교차로안,승합,남,67세,상해없음,승합,남,37세,부상신고
2023091600100080,2023년 9월 16일 07시,토요일,대전광역시 유성구 지족동,경상사고,0,0,1,0,차대차 - 추돌,안전운전불이행,젖음/습기,비,단일로 - 지하차도(도로)내,승용,남,51세,상해없음,건설기계,남,61세,경상
2023091600100191,2023년 9월 16일 11시,토요일,대전광역시 중구 선화동,경상사고,0,0,2,0,차대차 - 측면충돌,안전운전불이행,건조,맑음,단일로 - 기타,승용,남,65세,상해없음,개인형이동수단(PM),남,23세,경상
2023091600100192,2023년 9월 16일 11시,토요일,대전광역시 서구 둔산동,경상사고,0,0,1,0,차대차 - 기타,안전운전불이행,건조,맑음,교차로 - 교차로부근,승용,남,65세,상해없음,승용,남,45세,경상
2023091600100273,2023년 9월 16일 13시,토요일,대전광역시 서구 월평동,경상사고,0,0,2,0,차대차 - 측면충돌,안전거리미확보,건조,맑음,단일로 - 기타,이륜,남,42세,상해없음,승용,남,78세,경상
2023091600100274,2023년 9월 16일 13시,토요일,대전광역시 유성구 상대동,경상사고,0,0,2,0,차대차 - 기타,안전운전불이행,건조,맑음,단일로 - 기타,이륜,남,23세,기타불명,승용,여,51세,경상
2023091600100275,2023년 9월 16일 13시,토요일,대전광역시 유성구 원신흥동,경상사고,0,0,1,0,차대차 - 기타,안전거리미확보,건조,맑음,단일로 - 기타,승용,남,49세,기타불명,이륜,남,21세,경상
2023091600100309,2023년 9월 16일 14시,토요일,대전광역시 서구 갈마동,경상사고,0,0,1,0,차대사람 - 횡단중,보행자보호의무위반,건조,맑음,교차로 - 교차로횡단보도내,승용,남,37세,상해없음,보행자,남,48세,경상
2023091600100342,2023년 9월 16일 15시,토요일,대전광역시 대덕구 오정동,경상사고,0,0,3,0,차대차 - 측면충돌,신호위반,건조,맑음,교차로 - 교차로안,승용,여,27세,상해없음,승용,여,21세,경상
2023091600100381,2023년 9월 16일 16시,토요일,대전광역시 동구 인동,사망사고,1,0,0,0,차대사람 - 기타,안전운전불이행,젖음/습기,비,교차로 - 교차로횡단보도내,승용,남,67세,상해없음,보행자,여,88세,사망
2023091600100382,2023년 9월 16일 16시,토요일,대전광역시 동구 자양동,중상사고,0,1,0,0,차량단독 - 기타,기타,젖음/습기,비,교차로 - 교차로부근,승합,남,51세,상해없음,,,,
2023091600100383,2023년 9월 16일 16시,토요일,대전광역시 중구 중촌동,경상사고,0,0,1,0,차대차 - 추돌,안전거리미확보,젖음/습기,비,교차로 - 교차로안,승용,남,34세,기타불명,승용,남,53세,경상
2023091600100423,2023년 9월 16일 17시,토요일,대전광역시 대덕구 석봉동,중상사고,0,1,0,0,차대차 - 측면충돌,교차로운행방법위반,젖음/습기,비,교차로 - 교차로안,승용,남,54세,상해없음,이륜,남,49세,중상
2023091600100424,2023년 9월 16일 17시,토요일,대전광역시 서구 갈마동,경상사고,0,0,1,0,차대차 - 측면충돌,교차로운행방법위반,젖음/습기,비,교차로 - 교차로안,승용,남,42세,상해없음,승용,남,30세,경상
2023091600100458,2023년 9월 16일 18시,토요일,대전광역시 중구 석교동,경상사고,0,0,1,0,차대차 - 추돌,안전운전불이행,젖음/습기,비,교차로 - 교차로부근,승용,남,54세,상해없음,화물,남,33세,경상
2023091600100502,2023년 9월 16일 19시,토요일,대전광역시 동구 판암동,경상사고,0,0,2,0,차대차 - 측면충돌,안전운전불이행,젖음/습기,비,단일로 - 기타,승용,남,43세,상해없음,승용,남,29세,경상
2023091600100527,2023년 9월 16일 20시,토요일,대전광역시 유성구 화암동,경상사고,0,0,2,0,차대차 - 측면충돌,안전거리미확보,젖음/습기,비,단일로 - 기타,승용,여,56세,상해없음,승용,여,49세,경상
2023091600100566,2023년 9월 16일 21시,토요일,대전광역시 대덕구 오정동,경상사고,0,0,1,0,차대차 - 측면충돌,신호위반,젖음/습기,비,교차로 - 교차로안,이륜,남,21세,상해없음,승용,여,34세,경상
2023091600100585,2023년 9월 16일 22시,토요일,대전광역시 서구 도마동,경상사고,0,0,2,0,차대차 - 기타,안전운전불이행,젖음/습기,비,교차로 - 교차로안,승용,남,52세,상해없음,화물,남,46세,경상
2023091600100604,2023년 9월 16일 23시,토요일,대전광역시 유성구 원내동,사망사고,1,0,0,0,차대사람 - 기타,안전운전불이행,젖음/습기,비,교차로 - 교차로부근,승용,남,32세,상해없음,보행자,여,80세,사망
2023091700100016,2023년 9월 17일 00시,일요일,대전광역시 대덕구 중리동,경상사고,0,0,1,0,차대차 - 측면충돌,안전운전불이행,건조,맑음,교차로 - 교차로안,승용,남,23세,상해없음,자전거,남,27세,경상
2023091700100083,2023년 9월 17일 08시,일요일,대전광역시 중구 유천동,경상사고,0,0,1,0,차대차 - 기타,안전운전불이행,건조,맑음,단일로 - 기타,승용,남,73세,상해없음,자전거,남,62세,경상
2023091700100084,2023년 9월 17일 08시,일요일,대전광역시 동구 용전동,경상사고,0,0,1,0,차대차 - 측면충돌,안전운전불이행,건조,맑음,기타 - 기타,승용,남,70세,상해없음,자전거,남,47세,경상
2023091700100085,2023년 9월 17일 08시,일요일,대전광역시 서구 둔산동,경상사고,0,0,1,0,차대차 - 측면충돌,안전거리미확보,건조,맑음,단일로 - 기타,승용,남,55세,상해없음,승용,남,43세,경상
2023091700100129,2023년 9월 17일 10시,일요일,대전광역시 서구 둔산동,중상사고,0,1,0,0,차대차 - 기타,안전운전불이행,건조,맑음,교차로 - 교차로횡단보도내,승용,여,25세,상해없음,자전거,남,23세,중상
2023091700100154,2023년 9월 17일 11시,일요일,대전광역시 유성구 구암동,경상사고,0,0,1,0,차대차 - 기타,안전거리미확보,건조,맑음,교차로 - 교차로부근,기타불명,기타불명,미분류,기타불명,이륜,남,48세,경상
2023091700100177,2023년 9월 17일 12시,일요일,대전광역시 동구 소제동,경상사고,0,0,1,0,차대차 - 측면충돌,안전거리미확보,건조,맑음,교차로 - 교차로부근,승용,남,59세,상해없음,승용,여,67세,경상
2023091700100178,2023년 9월 17일 12시,일요일,대전광역시 서구 괴정동,경상사고,0,0,1,0,차대차 - 기타,중앙선침범,건조,맑음,교차로 - 교차로부근,승용,여,43세,상해없음,승용,남,61세,경상
2023091700100179,2023년 9월 17일 12시,일요일,대전광역시 서구 둔산동,중상사고,0,1,0,0,차대차 - 기타,안전운전불이행,건조,맑음,기타 - 기타,승용,남,36세,상해없음,이륜,남,40세,중상
2023091700100180,2023년 9월 17일 12시,일요일,대전광역시 유성구 원신흥동,경상사고,0,0,1,0,차대사람 - 기타,안전운전불이행,건조,맑음,단일로 - 기타,승용,여,68세,상해없음,보행자,남,17세,경상
2023091700100214,2023년 9월 17일 13시,일요일,대전광역시 서구 관저동,경상사고,0,0,1,0,차대차 - 추돌,안전거리미확보,건조,맑음,단일로 - 기타,승용,남,58세,기타불명,승용,남,54세,경상
2023091700100287,2023년 9월 17일 15시,일요일,대전광역시 동구 삼성동,경상사고,0,0,1,0,차대차 - 후진중충돌,안전운전불이행,건조,맑음,단일로 - 기타,승합,남,68세,상해없음,승용,남,51세,상해없음
2023091700100288,2023년 9월 17일 15시,일요일,대전광역시 서구 용문동,경상사고,0,0,1,0,차대차 - 측면충돌,신호위반,건조,맑음,교차로 - 교차로부근,승용,남,70세,상해없음,승용,남,26세,경상
2023091700100289,2023년 9월 17일 15시,일요일,대전광역시 대덕구 오정동,부상신고사고,0,0,0,1,차대차 - 측면충돌,교차로운행방법위반,건조,맑음,교차로 - 교차로횡단보도내,승용,남,58세,상해없음,자전거,남,60세,부상신고
2023091700100290,2023년 9월 17일 15시,일요일,대전광역시 서구 갈마동,부상신고사고,0,0,0,1,차대차 - 기타,안전운전불이행,건조,맑음,단일로 - 기타,이륜,남,23세,부상신고,승용,남,58세,상해없음
2023091700100317,2023년 9월 17일 16시,일요일,대전광역시 대덕구 오정동,경상사고,0,0,1,0,차대차 - 후진중충돌,안전운전불이행,건조,맑음,주차장 - 주차장,승용,남,63세,상해없음,승용,여,52세,경상
2023091700100340,2023년 9월 17일 17시,일요일,대전광역시 동구 원동,경상사고,0,0,2,0,차대차 - 후진중충돌,안전운전불이행,건조,맑음,단일로 - 지하차도(도로)내,승용,남,60세,상해없음,승용,남,55세,경상
2023091700100341,2023년 9월 17일 17시,일요일,대전광역시 서구 만년동,중상사고,0,1,0,0,차대차 - 기타,안전운전불이행,건조,맑음,교차로 - 교차로부근,승용,남,23세,상해없음,자전거,여,51세,중상
2023091700100372,2023년 9월 17일 18시,일요일,대전광역시 중구 용두동,경상사고,0,0,1,0,차대차 - 측면충돌,신호위반,건조,맑음,교차로 - 교차로안,기타불명,기타불명,미분류,기타불명,이륜,남,39세,경상
2023091700100373,2023년 9월 17일 18시,일요일,대전광역시 서구 둔산동,경상사고,0,0,1,0,차대차 - 기타,교차로운행방법위반,건조,맑음,교차로 - 교차로안,이륜,남,34세,상해없음,승용,여,35세,경상
2023091700100374,2023년 9월 17일 18시,일요일,대전광역시 서구 갈마동,경상사고,0,0,2,0,차대차 - 기타,안전운전불이행,젖음/습기,비,단일로 - 기타,이륜,남,29세,상해없음,승용,남,28세,경상
2023091700100403,2023년 9월 17일 19시,일요일,대전광역시 동구 가양동,경상사고,0,0,2,0,차대차 - 기타,안전운전불이행,젖음/습기,비,교차로 - 교차로안,이륜,남,37세,경상,이륜,남,22세,경상
2023091700100432,2023년 9월 17일 20시,일요일,대전광역시 중구 대흥동,경상사고,0,0,2,0,차대차 - 측면충돌,안전운전불이행,건조,맑음,단일로 - 기타,이륜,남,58세,기타불명,승용,여,37세,경상
2023091700100433,2023년 9월 17일 20시,일요일,대전광역시 동구 용전동,경상사고,0,0,1,0,차대차 - 정면충돌,신호위반,젖음/습기,흐림,교차로 - 교차로횡단보도내,승용,남,24세,상해없음,개인형이동수단(PM),남,17세,경상
2023091700100434,2023년 9월 17일 20시,일요일,대전광역시 서구 만년동,경상사고,0,0,2,0,차대차 - 기타,안전운전불이행,젖음/습기,비,교차로 - 교차로부근,승용,여,58세,기타불명,승용,남,61세,경상
2023091700100472,2023년 9월 17일 22시,일요일,대전광역시 중구 중촌동,경상사고,0,0,1,0,차대차 - 기타,교차로운행방법위반,건조,맑음,교차로 - 교차로안,승용,여,48세,상해없음,승용,남,55세,상해없음
2023091700100473,2023년 9월 17일 22시,일요일,대전광역시 서구 괴정동,경상사고,0,0,2,0,차대차 - 측면충돌,안전운전불이행,건조,맑음,단일로 - 기타,승용,남,66세,상해없음,개인형이동수단(PM),여,16세,경상
2023091700100474,2023년 9월 17일 22시,일요일,대전광역시 대덕구 읍내동,경상사고,0,0,1,0,차대차 - 기타,안전운전불이행,건조,맑음,단일로 - 기타,승용,남,39세,기타불명,승용,여,56세,경상
2023091800100043,2023년 9월 18일 06시,월요일,대전광역시 동구 신흥동,경상사고,0,0,1,0,차대차 - 기타,안전거리미확보,건조,맑음,단일로 - 기타,승용,여,26세,상해없음,화물,남,64세,경상
2023091800100069,2023년 9월 18일 07시,월요일,대전광역시 서구 도마동,중상사고,0,1,0,0,차대사람 - 기타,안전운전불이행,건조,맑음,단일로 - 기타,자전거,남,17세,상해없음,보행자,여,49세,중상
2023091800100115,2023년 9월 18일 08시,월요일,대전광역시 서구 탄방동,경상사고,0,0,1,0,차대차 - 기타,안전운전불이행,건조,맑음,단일로 - 기타,승용,여,44세,상해없음,승용,남,26세,경상
2023091800100116,2023년 9월 18일 08시,월요일,대전광역시 유성구 구암동,중상사고,0,1,1,0,차대차 - 추돌,안전운전불이행,건조,맑음,교차로 - 교차로부근,화물,남,27세,상해없음,승용,여,36세,경상
2023091800100161,2023년 9월 18일 09시,월요일,대전광역시 동구 용전동,경상사고,0,0,1,0,차대차 - 기타,안전운전불이행,건조,맑음,단일로 - 기타,승용,여,37세,상해없음,자전거,남,88세,경상
2023091800100162,2023년 9월 18일 09시,월요일,대전광역시 동구 성남동,중상사고,0,1,0,0,차량단독 - 기타,기타,건조,맑음,단일로 - 기타,승합,남,63세,상해없음,,,,
2023091800100192,2023년 9월 18일 10시,월요일,대전광역시 동구 삼성동,경상사고,0,0,1,0,차대차 - 측면충돌,신호위반,건조,맑음,단일로 - 기타,승용,남,75세,상해없음,승용,남,31세,경상
2023091800100193,2023년 9월 18일 10시,월요일,대전광역시 서구 갈마동,경상사고,0,0,2,0,차대차 - 기타,안전운전불이행,젖음/습기,흐림,단일로 - 고가도로위,원동기,남,39세,경상,승용,여,43세,경상
2023091800100229,2023년 9월 18일 11시,월요일,대전광역시 서구 도안동,중상사고,0,1,2,0,차대차 - 측면충돌,신호위반,건조,맑음,단일로 - 기타,승용,남,65세,중상,승합,남,74세,경상
2023091800100230,2023년 9월 18일 11시,월요일,대전광역시 서구 둔산동,부상신고사고,0,0,0,2,차대차 - 기타,교차로운행방법위반,건조,맑음,교차로 - 교차로안,승용,여,49세,상해없음,승합,남,52세,부상신고
2023091800100231,2023년 9월 18일 11시,월요일,대전광역시 유성구 봉명동,중상사고,0,1,0,0,차대차 - 기타,교차로운행방법위반,건조,맑음,기타 - 기타,이륜,남,43세,상해없음,승용,여,30세,중상
2023091800100247,2023년 9월 18일 12시,월요일,대전광역시 대덕구 신대동,경상사고,0,0,1,1,차대차 - 측면충돌,안전운전불이행,건조,맑음,단일로 - 기타,승용,남,57세,부상신고,화물,남,44세,경상
2023091800100262,2023년 9월 18일 12시,월요일,대전광역시 동구 가양동,경상사고,0,0,1,0,차대차 - 측면충돌,안전운전불이행,건조,맑음,단일로 - 기타,승용,남,70세,상해없음,승용,여,27세,경상
2023091800100264,2023년 9월 18일 12시,월요일,대전광역시 유성구 장대동,중상사고,0,1,0,0,차대차 - 측면충돌,직진우회전진행방해,건조,맑음,교차로 - 교차로안,승합,남,56세,상해없음,이륜,남,84세,중상
2023091800100293,2023년 9월 18일 13시,월요일,대전광역시 서구 만년동,경상사고,0,0,1,0,차대사람 - 기타,안전운전불이행,건조,맑음,단일로 - 기타,승용,남,64세,기타불명,보행자,남,43세,경상
2023091800100328,2023년 9월 18일 14시,월요일,대전광역시 서구 가장동,중상사고,0,1,0,0,차대차 - 측면충돌,안전운전불이행,건조,맑음,단일로 - 기타,자전거,여,60세,중상,승합,남,58세,상해없음
2023091800100375,2023년 9월 18일 15시,월요일,대전광역시 중구 오류동,경상사고,0,0,1,0,차대차 - 추돌,안전운전불이행,건조,맑음,단일로 - 기타,이륜,남,20세,상해없음,승용,남,34세,경상
2023091800100376,2023년 9월 18일 15시,월요일,대전광역시 서구 용문동,경상사고,0,0,1,0,차대차 - 측면충돌,신호위반,건조,맑음,교차로 - 교차로안,승용,여,56세,상해없음,승용,남,36세,경상
2023091800100377,2023년 9월 18일 15시,월요일,대전광역시 유성구 신성동,경상사고,0,0,1,1,차대차 - 정면충돌,신호위반,건조,맑음,교차로 - 교차로안,승용,여,34세,상해없음,승용,남,33세,경상
2023091800100417,2023년 9월 18일 16시,월요일,대전광역시 동구 판암동,경상사고,0,0,1,0,차대차 - 기타,안전운전불이행,건조,맑음,단일로 - 기타,승용,여,55세,상해없음,승용,남,65세,상해없음
2023091800100418,2023년 9월 18일 16시,월요일,대전광역시 동구 가오동,경상사고,0,0,1,0,차대차 - 측면충돌,안전운전불이행,건조,맑음,교차로 - 교차로부근,승용,여,43세,상해없음,승용,여,42세,경상
2023091800100419,2023년 9월 18일 16시,월요일,대전광역시 대덕구 중리동,경상사고,0,0,1,0,차대차 - 기타,안전거리미확보,건조,맑음,기타 - 기타,승용,여,52세,기타불명,승용,여,24세,경상
2023091800100476,2023년 9월 18일 17시,월요일,대전광역시 서구 정림동,경상사고,0,0,1,0,차대차 - 추돌,안전거리미확보,건조,맑음,교차로 - 교차로부근,승용,남,64세,상해없음,승용,남,32세,경상
2023091800100477,2023년 9월 18일 17시,월요일,대전광역시 대덕구 석봉동,경상사고,0,0,1,0,차대차 - 기타,신호위반,건조,맑음,기타 - 기타,승용,여,28세,기타불명,승용,남,40세,경상
2023091800100478,2023년 9월 18일 17시,월요일,대전광역시 서구 둔산동,경상사고,0,0,1,0,차대차 - 측면충돌,신호위반,건조,맑음,교차로 - 교차로안,승용,여,73세,상해없음,승용,남,26세,경상
2023091800100514,2023년 9월 18일 18시,월요일,대전광역시 유성구 자운동,경상사고,0,0,1,0,차대차 - 기타,안전운전불이행,건조,맑음,단일로 - 기타,승용,남,53세,상해없음,화물,남,53세,경상
2023091800100533,2023년 9월 18일 18시,월요일,대전광역시 대덕구 오정동,경상사고,0,0,1,0,차대사람 - 횡단중,안전운전불이행,건조,맑음,단일로 - 기타,승용,남,45세,상해없음,보행자,여,70세,경상
2023091800100534,2023년 9월 18일 18시,월요일,대전광역시 유성구 궁동,중상사고,0,1,0,0,차대사람 - 기타,안전운전불이행,건조,맑음,단일로 - 기타,자전거,남,42세,상해없음,보행자,여,75세,중상
2023091800100579,2023년 9월 18일 19시,월요일,대전광역시 서구 월평동,경상사고,0,0,1,0,차대사람 - 횡단중,보행자보호의무위반,건조,맑음,기타 - 기타,승용,남,59세,기타불명,보행자,여,20세,경상
2023091800100628,2023년 9월 18일 21시,월요일,대전광역시 유성구 상대동,경상사고,0,0,1,0,차대차 - 기타,신호위반,건조,맑음,교차로 - 교차로부근,승용,남,64세,상해없음,이륜,남,20세,경상
2023091900100036,2023년 9월 19일 05시,화요일,대전광역시 중구 대사동,경상사고,0,0,1,0,차대차 - 추돌,안전거리미확보,건조,맑음,단일로 - 기타,승용,남,37세,상해없음,승용,남,46세,경상
2023091900100037,2023년 9월 19일 05시,화요일,대전광역시 대덕구 오정동,경상사고,0,0,1,0,차대차 - 정면충돌,중앙선침범,건조,맑음,기타 - 기타,건설기계,남,40세,기타불명,이륜,남,30세,경상
2023091900100056,2023년 9월 19일 06시,화요일,대전광역시 동구 삼성동,중상사고,0,1,0,0,차량단독 - 기타,안전운전불이행,건조,맑음,단일로 - 기타,승합,남,47세,상해없음,,,,
2023091900100057,2023년 9월 19일 06시,화요일,대전광역시 유성구 신성동,경상사고,0,0,1,0,차대차 - 기타,안전거리미확보,건조,맑음,기타 - 기타,승용,남,30세,기타불명,승합,남,51세,경상
2023091900100066,2023년 9월 19일 07시,화요일,대전광역시 대덕구 덕암동,중상사고,0,1,1,0,차대차 - 추돌,안전운전불이행,건조,맑음,단일로 - 기타,화물,남,34세,상해없음,승용,남,35세,중상
2023091900100159,2023년 9월 19일 09시,화요일,대전광역시 서구 둔산동,경상사고,0,0,1,0,차량단독 - 기타,기타,건조,맑음,단일로 - 기타,승합,남,58세,상해없음,,,,
2023091900100160,2023년 9월 19일 09시,화요일,대전광역시 유성구 화암동,경상사고,0,0,1,0,차대차 - 측면충돌,안전거리미확보,건조,맑음,단일로 - 기타,승용,남,62세,상해없음,승용,여,32세,경상
2023091900100224,2023년 9월 19일 11시,화요일,대전광역시 대덕구 중리동,경상사고,0,0,1,0,차대사람 - 기타,안전운전불이행,건조,맑음,단일로 - 기타,승용,남,67세,상해없음,보행자,여,68세,경상
2023091900100225,2023년 9월 19일 11시,화요일,대전광역시 유성구 장대동,경상사고,0,0,1,0,차대차 - 추돌,안전운전불이행,건조,맑음,단일로 - 기타,승용,남,73세,상해없음,원동기,남,39세,경상
2023091900100323,2023년 9월 19일 14시,화요일,대전광역시 유성구 장대동,경상사고,0,0,1,0,차대차 - 측면충돌,안전거리미확보,건조,맑음,단일로 - 기타,승용,여,33세,상해없음,승용,남,36세,경상
2023091900100353,2023년 9월 19일 15시,화요일,대전광역시 서구 정림동,경상사고,0,0,2,0,차대차 - 기타,안전운전불이행,건조,맑음,단일로 - 기타,승용,남,63세,상해없음,승용,남,29세,경상
2023091900100387,2023년 9월 19일 16시,화요일,대전광역시 유성구 신성동,경상사고,0,0,1,0,차대사람 - 횡단중,보행자보호의무위반,건조,맑음,교차로 - 교차로안,승용,남,45세,상해없음,보행자,남,23세,경상
2023091900100476,2023년 9월 19일 18시,화요일,대전광역시 서구 괴정동,경상사고,0,0,3,0,차대차 - 측면충돌,안전거리미확보,건조,맑음,단일로 - 기타,승용,여,40세,경상,승용,남,31세,경상
2023091900100511,2023년 9월 19일 19시,화요일,대전광역시 동구 판암동,경상사고,0,0,1,0,차대차 - 추돌,안전운전불이행,건조,맑음,단일로 - 기타,이륜,남,48세,상해없음,승용,남,54세,경상
2023091900100512,2023년 9월 19일 19시,화요일,대전광역시 동구 홍도동,경상사고,0,0,1,0,차대차 - 기타,안전운전불이행,건조,맑음,단일로 - 기타,이륜,남,25세,경상,승용,남,65세,상해없음
2023091900100513,2023년 9월 19일 19시,화요일,대전광역시 대덕구 송촌동,경상사고,0,0,1,0,차대차 - 후진중충돌,신호위반,건조,맑음,교차로 - 교차로안,승용,여,46세,기타불명,승용,여,50세,경상
2023091900100536,2023년 9월 19일 20시,화요일,대전광역시 중구 용두동,중상사고,0,1,0,0,차대차 - 기타,신호위반,건조,맑음,교차로 - 교차로안,승용,여,61세,상해없음,이륜,남,56세,중상
2023091900100570,2023년 9월 19일 22시,화요일,대전광역시 동구 정동,경상사고,0,0,1,0,차대차 - 추돌,안전운전불이행,건조,맑음,교차로 - 교차로부근,승용,여,51세,상해없음,승용,남,27세,경상
2023091900100571,2023년 9월 19일 22시,화요일,대전광역시 서구 도마동,경상사고,0,0,1,0,차대차 - 기타,안전거리미확보,건조,맑음,교차로 - 교차로부근,이륜,남,30세,상해없음,승용,남,26세,경상
2023092000100007,2023년 9월 20일 00시,수요일,대전광역시 서구 둔산동,경상사고,0,0,2,0,차대차 - 기타,교차로운행방법위반,건조,맑음,교차로 - 교차로안,승용,남,25세,상해없음,승용,남,53세,상해없음
2023092000100008,2023년 9월 20일 00시,수요일,대전광역시 유성구 지족동,경상사고,0,0,1,0,차대차 - 추돌,안전운전불이행,건조,맑음,교차로 - 교차로부근,승용,남,71세,상해없음,승용,여,48세,경상
2023092000100047,2023년 9월 20일 06시,수요일,대전광역시 동구 원동,중상사고,0,1,0,0,차대사람 - 횡단중,신호위반,건조,맑음,단일로 - 기타,승용,남,27세,상해없음,보행자,남,78세,중상
2023092000100077,2023년 9월 20일 07시,수요일,대전광역시 동구 홍도동,경상사고,0,0,1,0,차대차 - 측면충돌,안전운전불이행,젖음/습기,흐림,단일로 - 기타,승용,남,53세,상해없음,승용,남,64세,경상
2023092000100139,2023년 9월 20일 08시,수요일,대전광역시 대덕구 오정동,경상사고,0,0,1,0,차대차 - 후진중충돌,안전거리미확보,건조,맑음,단일로 - 기타,승용,남,32세,상해없음,승용,여,54세,경상
2023092000100171,2023년 9월 20일 09시,수요일,대전광역시 대덕구 오정동,경상사고,0,0,2,0,차대차 - 측면충돌,신호위반,건조,맑음,교차로 - 교차로부근,화물,남,58세,상해없음,승용,남,72세,경상
2023092000100172,2023년 9월 20일 09시,수요일,대전광역시 유성구 봉명동,경상사고,0,0,1,0,차대차 - 추돌,안전운전불이행,건조,맑음,기타 - 기타,기타불명,기타불명,미분류,기타불명,승용,남,37세,경상
2023092000100203,2023년 9월 20일 10시,수요일,대전광역시 중구 태평동,중상사고,0,1,0,0,차대차 - 기타,안전운전불이행,건조,맑음,교차로 - 교차로안,승용,남,39세,상해없음,자전거,여,79세,중상
2023092000100204,2023년 9월 20일 10시,수요일,대전광역시 동구 삼성동,중상사고,0,1,0,0,차대차 - 기타,신호위반,젖음/습기,비,단일로 - 지하차도(도로)내,승용,남,53세,상해없음,승용,남,28세,중상
2023092000100276,2023년 9월 20일 12시,수요일,대전광역시 동구 용운동,경상사고,0,0,1,0,차대차 - 측면충돌,안전거리미확보,젖음/습기,비,단일로 - 기타,이륜,남,65세,상해없음,이륜,남,34세,경상
2023092000100277,2023년 9월 20일 12시,수요일,대전광역시 서구 둔산동,경상사고,0,0,1,0,차대차 - 기타,신호위반,건조,맑음,교차로 - 교차로안,승용,남,62세,상해없음,승합,남,57세,경상