사고번호,사고일시,요일,시군구,사고내용,사망자수,중상자수,경상자수,부상신고자수,사고유형,법규위반,노면상태,기상상태,도로형태,가해운전자 차종,가해운전자 성별,가해운전자 연령,가해운전자 상해정도,피해운전자 차종,피해운전자 성별,피해운전자 연령,피해운전자 상해정도
2023092000100278,2023년 9월 20일 12시,수요일,대전광역시 유성구 문지동,경상사고,0,0,3,0,차대차 - 측면충돌,안전운전불이행,젖음/습기,비,단일로 - 기타,승용,남,27세,상해없음,화물,남,38세,경상
2023092000100309,2023년 9월 20일 13시,수요일,대전광역시 서구 탄방동,경상사고,0,0,4,0,차대차 - 기타,안전운전불이행,젖음/습기,비,기타 - 기타,승용,남,32세,경상,승용,남,61세,경상
2023092000100310,2023년 9월 20일 13시,수요일,대전광역시 서구 둔산동,경상사고,0,0,1,0,차대차 - 후진중충돌,안전운전불이행,젖음/습기,비,기타 - 기타,화물,남,54세,상해없음,승용,여,48세,경상
2023092000100311,2023년 9월 20일 13시,수요일,대전광역시 유성구 원내동,부상신고사고,0,0,0,1,차대차 - 기타,안전운전불이행,젖음/습기,비,기타 - 기타,승용,남,66세,상해없음,이륜,남,38세,부상신고
2023092000100312,2023년 9월 20일 13시,수요일,대전광역시 유성구 문지동,경상사고,0,0,1,0,차대차 - 기타,안전거리미확보,건조,맑음,기타 - 기타,승용,남,67세,상해없음,승용,남,37세,경상
2023092000100352,2023년 9월 20일 14시,수요일,대전광역시 서구 용문동,경상사고,0,0,1,0,차대사람 - 횡단중,보행자보호의무위반,젖음/습기,비,교차로 - 교차로횡단보도내,승용,남,82세,상해없음,보행자,여,24세,경상
2023092000100389,2023년 9월 20일 15시,수요일,대전광역시 중구 문화동,경상사고,0,0,1,0,차대사람 - 횡단중,보행자보호의무위반,젖음/습기,비,교차로 - 교차로안,승합,남,61세,상해없음,보행자,여,81세,경상
2023092000100390,2023년 9월 20일 15시,수요일,대전광역시 대덕구 중리동,경상사고,0,0,1,0,차대차 - 기타,안전운전불이행,젖음/습기,비,교차로 - 교차로부근,승용,남,64세,기타불명,승용,남,60세,경상
2023092000100391,2023년 9월 20일 15시,수요일,대전광역시 유성구 대정동,경상사고,0,0,1,0,차대사람 - 횡단중,보행자보호의무위반,젖음/습기,비,단일로 - 기타,승용,남,29세,상해없음,보행자,남,51세,경상
2023092000100442,2023년 9월 20일 16시,수요일,대전광역시 동구 홍도동,경상사고,0,0,1,0,차대차 - 기타,안전운전불이행,젖음/습기,비,교차로 - 교차로안,승용,여,57세,상해없음,승용,여,68세,경상
2023092000100443,2023년 9월 20일 16시,수요일,대전광역시 유성구 봉명동,경상사고,0,0,1,0,차대차 - 후진중충돌,안전운전불이행,젖음/습기,비,주차장 - 주차장,승용,여,47세,상해없음,승용,여,54세,경상
2023092000100490,2023년 9월 20일 17시,수요일,대전광역시 대덕구 오정동,경상사고,0,0,1,0,차대차 - 후진중충돌,안전운전불이행,젖음/습기,비,기타 - 기타,특수,남,43세,기타불명,승용,남,61세,경상
2023092000100491,2023년 9월 20일 17시,수요일,대전광역시 유성구 전민동,경상사고,0,0,1,0,차대차 - 기타,안전운전불이행,젖음/습기,비,교차로 - 교차로안,승용,남,60세,상해없음,승용,여,37세,경상
2023092000100565,2023년 9월 20일 18시,수요일,대전광역시 중구 유천동,경상사고,0,0,1,0,차대차 - 기타,안전거리미확보,젖음/습기,비,교차로 - 교차로안,승용,남,63세,상해없음,승합,남,62세,상해없음
2023092000100566,2023년 9월 20일 18시,수요일,대전광역시 서구 월평동,경상사고,0,0,1,0,차대사람 - 횡단중,신호위반,젖음/습기,비,단일로 - 기타,이륜,남,28세,상해없음,보행자,남,24세,경상
2023092000100567,2023년 9월 20일 18시,수요일,대전광역시 서구 둔산동,경상사고,0,0,2,0,차대차 - 기타,안전운전불이행,젖음/습기,비,기타 - 기타,승용,여,60세,상해없음,승합,남,52세,경상
2023092000100568,2023년 9월 20일 18시,수요일,대전광역시 서구 월평동,중상사고,0,1,0,0,차대차 - 기타,신호위반,젖음/습기,비,단일로 - 기타,승용,여,54세,상해없음,이륜,남,33세,중상
2023092000100569,2023년 9월 20일 18시,수요일,대전광역시 서구 갈마동,경상사고,0,0,1,0,차대사람 - 보도통행중,신호위반,젖음/습기,비,교차로 - 교차로횡단보도내,승용,남,55세,기타불명,보행자,여,36세,경상
2023092000100570,2023년 9월 20일 18시,수요일,대전광역시 유성구 궁동,경상사고,0,0,1,0,차대사람 - 횡단중,안전운전불이행,젖음/습기,흐림,교차로 - 교차로안,기타불명,기타불명,미분류,기타불명,보행자,남,21세,경상
2023092000100627,2023년 9월 20일 19시,수요일,대전광역시 서구 관저동,경상사고,0,0,2,0,차대차 - 기타,신호위반,젖음/습기,비,교차로 - 교차로부근,승용,여,53세,상해없음,승합,남,65세,경상
2023092000100660,2023년 9월 20일 20시,수요일,대전광역시 동구 판암동,경상사고,0,0,1,0,차대차 - 측면충돌,신호위반,젖음/습기,비,교차로 - 교차로부근,승용,여,44세,상해없음,승용,남,62세,경상
2023092000100661,2023년 9월 20일 20시,수요일,대전광역시 서구 도안동,경상사고,0,0,2,0,차대차 - 측면충돌,직진우회전진행방해,젖음/습기,비,교차로 - 교차로안,승용,남,63세,경상,승용,남,21세,경상
2023092000100698,2023년 9월 20일 21시,수요일,대전광역시 중구 유천동,경상사고,0,0,2,0,차대차 - 추돌,안전운전불이행,젖음/습기,비,단일로 - 기타,승용,남,50세,상해없음,승용,남,68세,경상
2023092000100699,2023년 9월 20일 21시,수요일,대전광역시 동구 천동,경상사고,0,0,1,0,차대사람 - 횡단중,신호위반,젖음/습기,비,교차로 - 교차로횡단보도내,이륜,남,35세,상해없음,보행자,여,63세,경상
2023092000100700,2023년 9월 20일 21시,수요일,대전광역시 서구 용문동,경상사고,0,0,1,0,차대사람 - 횡단중,신호위반,젖음/습기,비,기타 - 기타,기타불명,기타불명,미분류,기타불명,보행자,남,36세,경상
2023092000100723,2023년 9월 20일 22시,수요일,대전광역시 서구 둔산동,경상사고,0,0,1,0,차대차 - 후진중충돌,안전운전불이행,젖음/습기,비,단일로 - 기타,승용,남,58세,상해없음,승용,남,30세,경상
2023092000100746,2023년 9월 20일 23시,수요일,대전광역시 중구 선화동,경상사고,0,0,1,0,차대사람 - 차도통행중,교차로운행방법위반,젖음/습기,비,교차로 - 교차로부근,승용,여,30세,상해없음,보행자,여,44세,경상
2023092100100118,2023년 9월 21일 08시,목요일,대전광역시 동구 삼성동,경상사고,0,0,2,0,차대차 - 측면충돌,안전운전불이행,젖음/습기,흐림,단일로 - 기타,승용,여,39세,상해없음,승용,여,45세,경상
2023092100100172,2023년 9월 21일 09시,목요일,대전광역시 중구 산성동,중상사고,0,1,1,0,차대차 - 추돌,안전운전불이행,건조,맑음,교차로 - 교차로부근,승용,남,60세,상해없음,이륜,남,48세,중상
2023092100100173,2023년 9월 21일 09시,목요일,대전광역시 유성구 원내동,경상사고,0,0,1,0,차대차 - 추돌,안전거리미확보,건조,맑음,교차로 - 교차로부근,승용,남,28세,상해없음,승용,여,55세,경상
2023092100100174,2023년 9월 21일 09시,목요일,대전광역시 서구 변동,경상사고,0,0,1,0,차대차 - 기타,직진우회전진행방해,건조,맑음,교차로 - 교차로안,승용,여,37세,상해없음,승용,여,52세,경상
2023092100100210,2023년 9월 21일 10시,목요일,대전광역시 유성구 용계동,중상사고,0,1,0,0,차대차 - 기타,신호위반,건조,맑음,교차로 - 교차로안,건설기계,남,63세,상해없음,승용,여,21세,중상
2023092100100272,2023년 9월 21일 12시,목요일,대전광역시 중구 산성동,경상사고,0,0,1,0,차대차 - 기타,안전운전불이행,건조,흐림,교차로 - 교차로안,화물,남,45세,경상,승용,여,57세,상해없음
2023092100100273,2023년 9월 21일 12시,목요일,대전광역시 유성구 봉명동,경상사고,0,0,1,0,차대차 - 측면충돌,신호위반,건조,맑음,교차로 - 교차로안,이륜,남,23세,상해없음,승합,남,46세,경상
2023092100100304,2023년 9월 21일 13시,목요일,대전광역시 동구 중동,중상사고,0,1,0,0,차대차 - 후진중충돌,안전운전불이행,건조,맑음,교차로 - 교차로안,화물,남,41세,상해없음,승용,여,61세,중상
2023092100100340,2023년 9월 21일 14시,목요일,대전광역시 동구 가오동,경상사고,0,0,1,0,차대차 - 추돌,안전운전불이행,건조,맑음,단일로 - 기타,승용,남,62세,상해없음,이륜,남,49세,경상
2023092100100341,2023년 9월 21일 14시,목요일,대전광역시 서구 갈마동,경상사고,0,0,1,0,차대차 - 추돌,안전운전불이행,건조,맑음,단일로 - 기타,승용,여,48세,상해없음,승용,여,36세,경상
2023092100100364,2023년 9월 21일 15시,목요일,대전광역시 대덕구 법동,사망사고,1,0,0,0,차대차 - 측면충돌,안전운전불이행,건조,맑음,단일로 - 기타,자전거,남,78세,사망,승용,여,73세,상해없음
2023092100100365,2023년 9월 21일 15시,목요일,대전광역시 서구 둔산동,경상사고,0,0,1,0,차대차 - 기타,안전운전불이행,건조,맑음,단일로 - 기타,화물,남,58세,기타불명,승용,남,52세,경상
2023092100100436,2023년 9월 21일 17시,목요일,대전광역시 동구 성남동,경상사고,0,0,1,0,차대사람 - 보도통행중,기타,건조,맑음,기타 - 기타,승용,여,46세,상해없음,보행자,남,61세,경상
2023092100100437,2023년 9월 21일 17시,목요일,대전광역시 유성구 궁동,경상사고,0,0,1,0,차대차 - 기타,안전운전불이행,건조,맑음,기타 - 기타,기타불명,기타불명,미분류,기타불명,개인형이동수단(PM),남,19세,경상
2023092100100481,2023년 9월 21일 18시,목요일,대전광역시 서구 탄방동,경상사고,0,0,1,0,차대사람 - 기타,안전운전불이행,건조,맑음,기타 - 기타,기타불명,기타불명,미분류,기타불명,보행자,남,13세,경상
2023092100100482,2023년 9월 21일 18시,목요일,대전광역시 서구 둔산동,경상사고,0,0,1,0,차대사람 - 기타,안전운전불이행,건조,맑음,교차로 - 교차로부근,승용,남,26세,상해없음,보행자,남,48세,경상
2023092100100483,2023년 9월 21일 18시,목요일,대전광역시 유성구 반석동,경상사고,0,0,1,0,차대차 - 측면충돌,안전운전불이행,건조,맑음,기타 - 기타,승용,여,73세,상해없음,승용,남,40세,경상
2023092100100523,2023년 9월 21일 19시,목요일,대전광역시 동구 성남동,경상사고,0,0,1,0,차대사람 - 기타,안전운전불이행,건조,맑음,교차로 - 교차로횡단보도내,승용,여,28세,상해없음,보행자,남,50세,경상
2023092100100579,2023년 9월 21일 21시,목요일,대전광역시 서구 월평동,경상사고,0,0,1,0,차대차 - 측면충돌,안전운전불이행,건조,맑음,단일로 - 기타,이륜,남,29세,상해없음,승용,남,39세,경상
2023092100100580,2023년 9월 21일 21시,목요일,대전광역시 서구 갈마동,경상사고,0,0,2,0,차대차 - 측면충돌,신호위반,건조,맑음,교차로 - 교차로안,이륜,남,23세,기타불명,승용,남,52세,경상
2023092100100604,2023년 9월 21일 22시,목요일,대전광역시 유성구 구암동,경상사고,0,0,2,0,차대차 - 측면충돌,교차로운행방법위반,건조,맑음,교차로 - 교차로안,화물,남,72세,경상,이륜,남,21세,경상
2023092200100008,2023년 9월 22일 00시,금요일,대전광역시 유성구 관평동,경상사고,0,0,1,0,차대차 - 측면충돌,안전거리미확보,건조,맑음,기타 - 기타,이륜,남,58세,경상,승용,남,33세,상해없음
2023092200100096,2023년 9월 22일 07시,금요일,대전광역시 서구 갈마동,경상사고,0,0,1,0,차대차 - 측면충돌,안전운전불이행,건조,맑음,단일로 - 기타,승용,남,69세,기타불명,승용,여,51세,경상
2023092200100097,2023년 9월 22일 07시,금요일,대전광역시 유성구 장대동,경상사고,0,0,1,0,차대차 - 기타,교차로운행방법위반,건조,맑음,교차로 - 교차로안,화물,남,62세,상해없음,승용,여,58세,경상
2023092200100098,2023년 9월 22일 07시,금요일,대전광역시 유성구 대정동,경상사고,0,0,1,0,차대차 - 측면충돌,안전거리미확보,건조,맑음,교차로 - 교차로부근,화물,남,57세,상해없음,승용,여,49세,경상
2023092200100147,2023년 9월 22일 08시,금요일,대전광역시 대덕구 덕암동,경상사고,0,0,1,0,차대차 - 추돌,안전운전불이행,건조,맑음,단일로 - 기타,화물,남,64세,상해없음,승용,여,55세,경상
2023092200100148,2023년 9월 22일 08시,금요일,대전광역시 유성구 원내동,경상사고,0,0,1,0,차대차 - 측면충돌,신호위반,건조,맑음,교차로 - 교차로부근,승용,여,42세,기타불명,승용,남,28세,경상
2023092200100192,2023년 9월 22일 09시,금요일,대전광역시 유성구 죽동,경상사고,0,0,1,0,차대사람 - 횡단중,보행자보호의무위반,건조,맑음,기타 - 기타,승용,남,51세,상해없음,보행자,남,27세,경상
2023092200100231,2023년 9월 22일 10시,금요일,대전광역시 중구 오류동,경상사고,0,0,3,0,차대차 - 기타,신호위반,건조,맑음,단일로 - 기타,승용,남,40세,상해없음,승합,남,44세,경상
2023092200100264,2023년 9월 22일 11시,금요일,대전광역시 대덕구 오정동,경상사고,0,0,1,0,차대차 - 기타,안전운전불이행,건조,맑음,기타 - 기타,승용,여,62세,상해없음,승용,남,78세,경상
2023092200100373,2023년 9월 22일 14시,금요일,대전광역시 유성구 전민동,경상사고,0,0,1,0,차대차 - 기타,안전운전불이행,건조,맑음,단일로 - 기타,승용,여,72세,상해없음,승용,여,34세,경상
2023092200100426,2023년 9월 22일 15시,금요일,대전광역시 중구 문화동,경상사고,0,0,1,0,차대차 - 기타,안전운전불이행,건조,맑음,단일로 - 기타,승용,남,78세,상해없음,승용,여,61세,경상
2023092200100427,2023년 9월 22일 15시,금요일,대전광역시 서구 도마동,경상사고,0,0,1,0,차대사람 - 횡단중,보행자보호의무위반,건조,맑음,교차로 - 교차로횡단보도내,승용,남,36세,상해없음,보행자,여,74세,경상
2023092200100428,2023년 9월 22일 15시,금요일,대전광역시 대덕구 법동,경상사고,0,0,1,0,차대차 - 기타,안전거리미확보,건조,맑음,단일로 - 기타,승용,여,68세,기타불명,승합,남,48세,경상
2023092200100480,2023년 9월 22일 16시,금요일,대전광역시 동구 소제동,경상사고,0,0,2,0,차대차 - 기타,교차로운행방법위반,건조,맑음,교차로 - 교차로안,승용,여,35세,상해없음,승용,남,42세,경상
2023092200100550,2023년 9월 22일 17시,금요일,대전광역시 중구 대사동,경상사고,0,0,1,0,차대사람 - 기타,안전운전불이행,건조,맑음,단일로 - 기타,승용,여,51세,상해없음,보행자,남,71세,경상
2023092200100551,2023년 9월 22일 17시,금요일,대전광역시 동구 가양동,경상사고,0,0,1,0,차대사람 - 길가장자리구역통행중,안전운전불이행,건조,맑음,단일로 - 기타,승용,여,58세,상해없음,보행자,여,37세,경상
2023092200100552,2023년 9월 22일 17시,금요일,대전광역시 서구 갈마동,경상사고,0,0,1,0,차대차 - 기타,안전운전불이행,건조,맑음,교차로 - 교차로횡단보도내,이륜,남,56세,기타불명,승용,남,31세,경상
2023092200100611,2023년 9월 22일 18시,금요일,대전광역시 서구 괴정동,경상사고,0,0,1,0,차대차 - 기타,신호위반,건조,맑음,교차로 - 교차로횡단보도내,이륜,남,28세,상해없음,이륜,남,29세,경상
2023092200100612,2023년 9월 22일 18시,금요일,대전광역시 서구 관저동,경상사고,0,0,1,0,차대차 - 기타,안전거리미확보,건조,맑음,단일로 - 기타,기타불명,기타불명,미분류,기타불명,이륜,남,28세,경상
2023092200100613,2023년 9월 22일 18시,금요일,대전광역시 서구 관저동,중상사고,0,1,1,0,차대사람 - 횡단중,신호위반,건조,맑음,단일로 - 기타,이륜,남,30세,중상,보행자,여,33세,경상
2023092200100614,2023년 9월 22일 18시,금요일,대전광역시 대덕구 중리동,중상사고,0,1,0,0,차대차 - 기타,신호위반,건조,맑음,기타 - 기타,승용,남,51세,상해없음,이륜,남,19세,중상
2023092200100615,2023년 9월 22일 18시,금요일,대전광역시 유성구 노은동,중상사고,0,1,0,0,차대사람 - 횡단중,안전운전불이행,건조,맑음,교차로 - 교차로안,승용,여,35세,상해없음,보행자,남,83세,중상
2023092200100616,2023년 9월 22일 18시,금요일,대전광역시 유성구 지족동,부상신고사고,0,0,0,2,차대사람 - 보도통행중,안전운전불이행,건조,맑음,기타 - 기타,자전거,남,14세,상해없음,보행자,남,36세,부상신고
2023092200100617,2023년 9월 22일 18시,금요일,대전광역시 유성구 봉명동,경상사고,0,0,2,0,차대차 - 기타,안전운전불이행,건조,맑음,교차로 - 교차로부근,승용,남,51세,상해없음,승용,남,31세,경상
2023092200100674,2023년 9월 22일 19시,금요일,대전광역시 중구 선화동,경상사고,0,0,1,0,차대차 - 기타,안전운전불이행,건조,맑음,단일로 - 기타,승용,남,25세,상해없음,승용,여,30세,경상
2023092200100675,2023년 9월 22일 19시,금요일,대전광역시 동구 가양동,경상사고,0,0,1,0,차대사람 - 보도통행중,기타,건조,맑음,단일로 - 기타,개인형이동수단(PM),남,16세,상해없음,보행자,여,60세,경상
2023092200100711,2023년 9월 22일 20시,금요일,대전광역시 중구 산성동,중상사고,0,1,0,0,차대차 - 기타,안전운전불이행,건조,맑음,교차로 - 교차로안,승용,여,26세,상해없음,이륜,남,40세,중상
2023092200100712,2023년 9월 22일 20시,금요일,대전광역시 서구 만년동,경상사고,0,0,4,0,차대차 - 추돌,안전운전불이행,건조,맑음,단일로 - 기타,승용,여,50세,상해없음,승용,남,42세,경상
2023092300100030,2023년 9월 23일 01시,토요일,대전광역시 유성구 장대동,경상사고,0,0,1,0,차대차 - 기타,신호위반,건조,맑음,교차로 - 교차로안,승용,남,30세,상해없음,승용,남,55세,상해없음
2023092300100113,2023년 9월 23일 08시,토요일,대전광역시 대덕구 비래동,경상사고,0,0,2,0,차대차 - 측면충돌,교차로운행방법위반,건조,맑음,교차로 - 교차로안,화물,남,63세,상해없음,승용,여,48세,경상
2023092300100114,2023년 9월 23일 08시,토요일,대전광역시 대덕구 덕암동,사망사고,1,0,0,0,차대사람 - 횡단중,안전운전불이행,건조,맑음,교차로 - 교차로안,화물,남,59세,상해없음,보행자,여,83세,사망
2023092300100144,2023년 9월 23일 09시,토요일,대전광역시 서구 내동,경상사고,0,0,1,0,차대차 - 기타,교차로운행방법위반,건조,맑음,교차로 - 교차로안,승용,남,78세,상해없음,승용,여,25세,경상
2023092300100196,2023년 9월 23일 10시,토요일,대전광역시 동구 용운동,경상사고,0,0,1,0,차대차 - 측면충돌,직진우회전진행방해,건조,맑음,교차로 - 교차로안,화물,남,57세,상해없음,이륜,남,42세,경상
2023092300100237,2023년 9월 23일 11시,토요일,대전광역시 동구 용전동,중상사고,0,1,0,0,차대차 - 측면충돌,안전운전불이행,건조,맑음,교차로 - 교차로안,승용,여,31세,상해없음,승용,남,46세,중상
2023092300100277,2023년 9월 23일 12시,토요일,대전광역시 유성구 봉명동,경상사고,0,0,1,0,차대차 - 측면충돌,안전거리미확보,건조,맑음,단일로 - 기타,승용,남,36세,기타불명,승용,남,67세,경상
2023092300100314,2023년 9월 23일 13시,토요일,대전광역시 서구 월평동,경상사고,0,0,1,0,차대차 - 추돌,안전운전불이행,건조,맑음,단일로 - 기타,승용,여,35세,상해없음,승용,여,41세,경상
2023092300100345,2023년 9월 23일 14시,토요일,대전광역시 대덕구 목상동,경상사고,0,0,2,0,차대사람 - 횡단중,안전운전불이행,건조,맑음,교차로 - 교차로부근,이륜,남,22세,상해없음,보행자,남,40세,경상
2023092300100346,2023년 9월 23일 14시,토요일,대전광역시 유성구 노은동,경상사고,0,0,1,0,차대차 - 기타,안전운전불이행,건조,맑음,교차로 - 교차로부근,승용,남,66세,상해없음,승용,여,58세,경상
2023092300100390,2023년 9월 23일 15시,토요일,대전광역시 동구 용전동,경상사고,0,0,1,0,차대사람 - 기타,안전운전불이행,건조,맑음,기타 - 기타,승용,남,75세,상해없음,보행자,남,24세,경상
2023092300100391,2023년 9월 23일 15시,토요일,대전광역시 유성구 관평동,경상사고,0,0,2,0,차대차 - 기타,신호위반,건조,맑음,기타 - 기타,승용,남,71세,상해없음,승용,남,38세,경상
2023092300100434,2023년 9월 23일 16시,토요일,대전광역시 서구 갈마동,경상사고,0,0,1,0,차대사람 - 길가장자리구역통행중,안전운전불이행,건조,맑음,단일로 - 기타,승용,남,58세,상해없음,보행자,여,24세,경상
2023092300100512,2023년 9월 23일 18시,토요일,대전광역시 서구 도마동,경상사고,0,0,1,0,차대차 - 측면충돌,중앙선침범,건조,맑음,교차로 - 교차로부근,자전거,남,67세,상해없음,이륜,남,30세,경상
2023092300100547,2023년 9월 23일 19시,토요일,대전광역시 동구 대동,경상사고,0,0,5,0,차대차 - 추돌,안전운전불이행,건조,맑음,단일로 - 기타,승용,남,60세,상해없음,승용,남,46세,경상
2023092300100548,2023년 9월 23일 19시,토요일,대전광역시 동구 용전동,경상사고,0,0,1,0,차대사람 - 기타,안전운전불이행,건조,맑음,단일로 - 기타,이륜,남,40세,상해없음,보행자,남,81세,경상
2023092300100576,2023년 9월 23일 20시,토요일,대전광역시 서구 용문동,경상사고,0,0,1,0,차대차 - 기타,신호위반,건조,맑음,교차로 - 교차로안,승용,남,28세,상해없음,이륜,남,29세,경상
2023092300100605,2023년 9월 23일 21시,토요일,대전광역시 중구 문화동,경상사고,0,0,2,0,차대차 - 기타,안전운전불이행,건조,흐림,교차로 - 교차로안,승용,여,59세,상해없음,승합,남,38세,경상
2023092300100606,2023년 9월 23일 21시,토요일,대전광역시 서구 관저동,경상사고,0,0,1,0,차대차 - 측면충돌,안전운전불이행,건조,맑음,단일로 - 기타,승용,남,27세,상해없음,이륜,남,23세,경상
2023092300100607,2023년 9월 23일 21시,토요일,대전광역시 서구 둔산동,경상사고,0,0,1,0,차대사람 - 길가장자리구역통행중,안전운전불이행,건조,맑음,단일로 - 기타,승용,여,54세,상해없음,보행자,여,20세,경상
2023092400100022,2023년 9월 24일 01시,일요일,대전광역시 유성구 봉명동,경상사고,0,0,1,0,차대사람 - 보도통행중,안전운전불이행,건조,맑음,교차로 - 교차로안,승용,남,39세,상해없음,보행자,남,39세,경상
2023092400100073,2023년 9월 24일 07시,일요일,대전광역시 서구 둔산동,경상사고,0,0,1,0,차대차 - 기타,신호위반,건조,맑음,교차로 - 교차로안,승용,여,62세,상해없음,승용,남,68세,경상
2023092400100094,2023년 9월 24일 08시,일요일,대전광역시 대덕구 중리동,중상사고,0,1,0,0,차량단독 - 주/정차차량 충돌,안전운전불이행,건조,맑음,단일로 - 기타,자전거,남,51세,중상,,,,
2023092400100113,2023년 9월 24일 09시,일요일,대전광역시 서구 월평동,경상사고,0,0,6,0,차대차 - 추돌,안전운전불이행,건조,맑음,단일로 - 기타,승용,여,46세,상해없음,승용,여,37세,경상
2023092400100130,2023년 9월 24일 10시,일요일,대전광역시 서구 둔산동,경상사고,0,0,1,0,차대차 - 측면충돌,신호위반,건조,맑음,교차로 - 교차로부근,승용,남,69세,상해없음,승용,남,41세,경상
2023092400100200,2023년 9월 24일 12시,일요일,대전광역시 서구 괴곡동,경상사고,0,0,4,0,차대차 - 측면충돌,안전운전불이행,건조,맑음,단일로 - 기타,승용,남,47세,상해없음,승용,남,46세,경상
2023092400100201,2023년 9월 24일 12시,일요일,대전광역시 서구 탄방동,경상사고,0,0,3,0,차대차 - 기타,안전운전불이행,건조,맑음,단일로 - 기타,승용,여,60세,상해없음,승용,남,46세,경상
2023092400100235,2023년 9월 24일 13시,일요일,대전광역시 서구 갈마동,경상사고,0,0,2,0,차대차 - 측면충돌,교차로운행방법위반,건조,맑음,교차로 - 교차로안,화물,남,73세,상해없음,승용,남,19세,경상
2023092400100328,2023년 9월 24일 16시,일요일,대전광역시 동구 용전동,경상사고,0,0,2,0,차대차 - 정면충돌,안전거리미확보,건조,맑음,단일로 - 기타,이륜,남,19세,상해없음,승용,남,66세,경상
2023092400100382,2023년 9월 24일 18시,일요일,대전광역시 중구 문창동,경상사고,0,0,1,0,차대사람 - 기타,안전운전불이행,건조,맑음,교차로 - 교차로안,승용,남,56세,상해없음,보행자,남,42세,경상
2023092400100411,2023년 9월 24일 19시,일요일,대전광역시 동구 용전동,경상사고,0,0,1,0,차대차 - 기타,안전운전불이행,건조,맑음,단일로 - 기타,원동기,남,19세,경상,승용,남,46세,상해없음
2023092400100435,2023년 9월 24일 20시,일요일,대전광역시 중구 산성동,중상사고,0,1,0,0,차대차 - 기타,안전운전불이행,건조,맑음,교차로 - 교차로안,승용,남,52세,상해없음,이륜,남,58세,중상
2023092400100436,2023년 9월 24일 20시,일요일,대전광역시 서구 갈마동,중상사고,0,1,0,0,차대차 - 기타,신호위반,건조,맑음,교차로 - 교차로안,승용,남,56세,상해없음,이륜,남,28세,중상
2023092400100484,2023년 9월 24일 23시,일요일,대전광역시 서구 갈마동,경상사고,0,0,1,0,차대차 - 추돌,안전거리미확보,건조,맑음,교차로 - 교차로부근,승용,남,47세,상해없음,이륜,남,18세,경상
2023092500100022,2023년 9월 25일 04시,월요일,대전광역시 서구 관저동,경상사고,0,0,1,0,차대사람 - 기타,안전운전불이행,건조,맑음,단일로 - 기타,승용,여,28세,상해없음,보행자,남,51세,경상
2023092500100034,2023년 9월 25일 05시,월요일,대전광역시 대덕구 오정동,중상사고,0,1,0,0,차대차 - 추돌,안전운전불이행,건조,맑음,단일로 - 기타,화물,남,75세,상해없음,이륜,남,67세,중상
2023092500100068,2023년 9월 25일 07시,월요일,대전광역시 서구 도안동,경상사고,0,0,1,0,차대차 - 추돌,안전운전불이행,건조,맑음,교차로 - 교차로부근,승용,남,65세,상해없음,승용,남,43세,경상
2023092500100115,2023년 9월 25일 08시,월요일,대전광역시 동구 용운동,경상사고,0,0,1,0,차대사람 - 기타,안전운전불이행,건조,맑음,교차로 - 교차로안,승용,남,79세,상해없음,보행자,남,62세,경상
2023092500100165,2023년 9월 25일 09시,월요일,대전광역시 서구 도마동,경상사고,0,0,1,0,차대차 - 측면충돌,교차로운행방법위반,건조,맑음,교차로 - 교차로안,승용,여,64세,기타불명,승합,남,54세,경상
2023092500100249,2023년 9월 25일 11시,월요일,대전광역시 서구 가장동,경상사고,0,0,1,0,차대차 - 측면충돌,안전거리미확보,건조,맑음,단일로 - 기타,승용,남,65세,상해없음,이륜,남,43세,경상
2023092500100250,2023년 9월 25일 11시,월요일,대전광역시 서구 괴정동,경상사고,0,0,2,0,차대차 - 측면충돌,직진우회전진행방해,건조,맑음,교차로 - 교차로안,승용,남,49세,상해없음,승용,남,55세,경상
2023092500100251,2023년 9월 25일 11시,월요일,대전광역시 유성구 화암동,경상사고,0,0,1,0,차대차 - 기타,안전운전불이행,건조,맑음,단일로 - 기타,승용,여,50세,기타불명,승용,남,42세,경상
2023092500100331,2023년 9월 25일 13시,월요일,대전광역시 대덕구 대화동,경상사고,0,0,1,0,차대차 - 측면충돌,안전운전불이행,건조,맑음,교차로 - 교차로안,승용,남,28세,상해없음,승용,여,26세,경상
2023092500100377,2023년 9월 25일 14시,월요일,대전광역시 서구 도안동,경상사고,0,0,1,0,차대차 - 측면충돌,안전거리미확보,건조,맑음,단일로 - 기타,이륜,남,42세,경상,승용,여,40세,상해없음
2023092500100378,2023년 9월 25일 14시,월요일,대전광역시 유성구 전민동,중상사고,0,1,0,0,차대차 - 기타,신호위반,건조,맑음,교차로 - 교차로안,승합,남,59세,상해없음,자전거,남,88세,중상
2023092500100423,2023년 9월 25일 15시,월요일,대전광역시 유성구 구암동,경상사고,0,0,1,0,차대차 - 기타,안전운전불이행,건조,맑음,단일로 - 기타,승합,남,43세,기타불명,이륜,남,18세,경상
2023092500100497,2023년 9월 25일 17시,월요일,대전광역시 중구 대흥동,경상사고,0,0,1,0,차대차 - 추돌,안전운전불이행,건조,맑음,기타 - 기타,승용,여,57세,상해없음,승용,남,27세,경상