사고번호,사고일시,요일,시군구,사고내용,사망자수,중상자수,경상자수,부상신고자수,사고유형,법규위반,노면상태,기상상태,도로형태,가해운전자 차종,가해운전자 성별,가해운전자 연령,가해운전자 상해정도,피해운전자 차종,피해운전자 성별,피해운전자 연령,피해운전자 상해정도
2023100700100059,2023년 10월 7일 06시,토요일,대전광역시 서구 갈마동,중상사고,0,1,0,0,차대차 - 기타,안전운전불이행,건조,맑음,교차로 - 교차로안,승용,여,51세,기타불명,화물,남,54세,중상
2023100700100102,2023년 10월 7일 09시,토요일,대전광역시 서구 탄방동,경상사고,0,0,1,0,차대차 - 기타,안전운전불이행,건조,맑음,교차로 - 교차로안,승용,남,20세,상해없음,승용,남,42세,경상
2023100700100130,2023년 10월 7일 10시,토요일,대전광역시 동구 홍도동,경상사고,0,0,1,0,차대차 - 측면충돌,직진우회전진행방해,건조,맑음,교차로 - 교차로안,승용,남,55세,상해없음,이륜,남,43세,경상
2023100700100162,2023년 10월 7일 11시,토요일,대전광역시 서구 관저동,경상사고,0,0,1,0,차대사람 - 보도통행중,안전운전불이행,건조,맑음,단일로 - 기타,승용,남,27세,상해없음,보행자,남,31세,경상
2023100700100231,2023년 10월 7일 13시,토요일,대전광역시 유성구 관평동,경상사고,0,0,1,0,차대차 - 추돌,안전운전불이행,건조,맑음,교차로 - 교차로부근,승용,여,45세,상해없음,이륜,남,34세,경상
2023100700100266,2023년 10월 7일 14시,토요일,대전광역시 서구 월평동,경상사고,0,0,1,0,차대차 - 측면충돌,교차로운행방법위반,건조,맑음,교차로 - 교차로부근,승용,여,57세,상해없음,이륜,남,38세,경상
2023100700100267,2023년 10월 7일 14시,토요일,대전광역시 유성구 원내동,경상사고,0,0,1,0,차대차 - 기타,안전운전불이행,건조,맑음,교차로 - 교차로부근,승용,남,41세,상해없음,승용,남,48세,경상
2023100700100336,2023년 10월 7일 16시,토요일,대전광역시 동구 대동,경상사고,0,0,2,0,차대차 - 측면충돌,안전운전불이행,건조,맑음,교차로 - 교차로안,승용,남,49세,경상,승용,여,55세,경상
2023100700100397,2023년 10월 7일 18시,토요일,대전광역시 서구 둔산동,경상사고,0,0,1,0,차대차 - 추돌,안전운전불이행,건조,맑음,단일로 - 기타,승용,남,73세,상해없음,원동기,여,40세,경상
2023100700100398,2023년 10월 7일 18시,토요일,대전광역시 유성구 신성동,중상사고,0,1,0,0,차대차 - 측면충돌,안전운전불이행,건조,맑음,단일로 - 기타,승용,남,31세,상해없음,자전거,여,14세,중상
2023100700100399,2023년 10월 7일 18시,토요일,대전광역시 유성구 송강동,중상사고,0,1,0,0,차대차 - 기타,안전운전불이행,건조,맑음,교차로 - 교차로횡단보도내,승용,남,44세,상해없음,자전거,남,58세,중상
2023100700100435,2023년 10월 7일 19시,토요일,대전광역시 서구 변동,경상사고,0,0,1,0,차대차 - 추돌,안전운전불이행,건조,맑음,단일로 - 기타,승용,여,54세,상해없음,승용,여,52세,경상
2023100700100500,2023년 10월 7일 21시,토요일,대전광역시 중구 대흥동,경상사고,0,0,3,0,차대차 - 기타,신호위반,건조,맑음,교차로 - 교차로안,승용,여,51세,상해없음,승용,여,71세,경상
2023100800100008,2023년 10월 8일 00시,일요일,대전광역시 서구 둔산동,경상사고,0,0,1,0,차대사람 - 기타,안전운전불이행,건조,맑음,단일로 - 기타,승용,남,31세,상해없음,보행자,남,30세,경상
2023100800100031,2023년 10월 8일 04시,일요일,대전광역시 유성구 봉명동,경상사고,0,0,1,0,차대차 - 측면충돌,중앙선침범,건조,맑음,교차로 - 교차로안,이륜,남,25세,기타불명,승용,여,45세,경상
2023100800100099,2023년 10월 8일 10시,일요일,대전광역시 유성구 덕명동,경상사고,0,0,3,0,차대차 - 측면충돌,교차로운행방법위반,건조,흐림,교차로 - 교차로안,승용,여,40세,경상,승용,남,64세,경상
2023100800100153,2023년 10월 8일 13시,일요일,대전광역시 서구 변동,경상사고,0,0,1,0,차대차 - 정면충돌,안전운전불이행,건조,맑음,주차장 - 주차장,승용,남,32세,상해없음,승용,여,40세,경상
2023100800100198,2023년 10월 8일 15시,일요일,대전광역시 유성구 궁동,중상사고,0,1,0,0,차대차 - 측면충돌,안전운전불이행,건조,맑음,기타 - 기타,승용,남,59세,상해없음,자전거,여,33세,중상
2023100800100244,2023년 10월 8일 17시,일요일,대전광역시 유성구 노은동,경상사고,0,0,1,0,차대사람 - 기타,기타,건조,맑음,교차로 - 교차로부근,기타불명,기타불명,미분류,기타불명,보행자,남,25세,경상
2023100800100320,2023년 10월 8일 20시,일요일,대전광역시 유성구 하기동,중상사고,0,1,0,0,차대차 - 기타,신호위반,건조,맑음,교차로 - 교차로안,승용,남,48세,상해없음,승용,남,37세,중상
2023100800100352,2023년 10월 8일 22시,일요일,대전광역시 서구 갈마동,경상사고,0,0,1,0,차대차 - 추돌,안전운전불이행,건조,맑음,단일로 - 기타,승용,남,33세,상해없음,승용,남,29세,경상
2023100800100353,2023년 10월 8일 22시,일요일,대전광역시 서구 둔산동,경상사고,0,0,3,0,차대차 - 기타,기타,건조,맑음,교차로 - 교차로안,승용,남,23세,경상,이륜,남,26세,경상
2023100800100354,2023년 10월 8일 22시,일요일,대전광역시 유성구 봉명동,경상사고,0,0,2,0,차대차 - 추돌,안전운전불이행,건조,맑음,교차로 - 교차로안,이륜,남,24세,상해없음,승용,여,61세,경상
2023100900100053,2023년 10월 9일 05시,월요일,대전광역시 서구 만년동,경상사고,0,0,1,0,차대차 - 측면충돌,교차로운행방법위반,건조,맑음,교차로 - 교차로안,승합,남,58세,상해없음,승용,남,72세,경상
2023100900100054,2023년 10월 9일 05시,월요일,대전광역시 서구 둔산동,경상사고,0,0,1,0,차대사람 - 횡단중,안전운전불이행,건조,맑음,교차로 - 교차로부근,승용,남,48세,상해없음,보행자,여,17세,경상
2023100900100118,2023년 10월 9일 10시,월요일,대전광역시 서구 괴정동,경상사고,0,0,1,0,차대차 - 기타,안전운전불이행,건조,맑음,교차로 - 교차로부근,승용,남,35세,상해없음,승용,여,23세,경상
2023100900100144,2023년 10월 9일 11시,월요일,대전광역시 유성구 하기동,중상사고,0,1,0,0,차대차 - 기타,안전운전불이행,건조,맑음,교차로 - 교차로횡단보도내,승용,남,31세,상해없음,개인형이동수단(PM),여,19세,중상
2023100900100223,2023년 10월 9일 14시,월요일,대전광역시 유성구 송강동,중상사고,0,1,0,0,차대차 - 추돌,안전운전불이행,건조,맑음,기타 - 기타,승용,남,46세,상해없음,원동기,남,47세,중상
2023100900100264,2023년 10월 9일 16시,월요일,대전광역시 서구 변동,경상사고,0,0,2,0,차대차 - 기타,안전운전불이행,건조,맑음,단일로 - 기타,승용,남,68세,상해없음,승용,여,31세,경상
2023100900100265,2023년 10월 9일 16시,월요일,대전광역시 대덕구 법동,경상사고,0,0,1,0,차대차 - 측면충돌,안전운전불이행,건조,맑음,교차로 - 교차로부근,승용,여,47세,상해없음,승용,남,62세,경상
2023100900100300,2023년 10월 9일 17시,월요일,대전광역시 서구 도안동,경상사고,0,0,5,1,차대차 - 측면충돌,신호위반,건조,맑음,교차로 - 교차로부근,승용,남,53세,기타불명,승합,남,47세,경상
2023100900100386,2023년 10월 9일 20시,월요일,대전광역시 동구 가오동,중상사고,0,1,0,0,차대사람 - 기타,안전운전불이행,건조,맑음,단일로 - 기타,자전거,남,59세,상해없음,보행자,여,63세,중상
2023100900100409,2023년 10월 9일 21시,월요일,대전광역시 서구 관저동,중상사고,0,1,0,0,차대사람 - 횡단중,보행자보호의무위반,건조,기타,교차로 - 교차로횡단보도내,승용,남,63세,상해없음,보행자,남,63세,중상
2023101000100167,2023년 10월 10일 09시,화요일,대전광역시 서구 도마동,경상사고,0,0,1,0,차대사람 - 기타,안전운전불이행,건조,맑음,단일로 - 기타,승합,남,55세,상해없음,보행자,여,72세,경상
2023101000100168,2023년 10월 10일 09시,화요일,대전광역시 유성구 원신흥동,경상사고,0,0,1,0,차대차 - 후진중충돌,안전운전불이행,건조,맑음,단일로 - 기타,화물,남,61세,기타불명,승용,남,39세,경상
2023101000100208,2023년 10월 10일 10시,화요일,대전광역시 유성구 방동,경상사고,0,0,2,0,차대차 - 정면충돌,안전운전불이행,건조,맑음,교차로 - 교차로부근,승용,남,42세,기타불명,승용,여,33세,경상
2023101000100249,2023년 10월 10일 11시,화요일,대전광역시 중구 유천동,중상사고,0,1,0,0,차대사람 - 기타,안전운전불이행,건조,맑음,교차로 - 교차로부근,승용,남,50세,상해없음,보행자,여,81세,중상
2023101000100320,2023년 10월 10일 13시,화요일,대전광역시 대덕구 법동,중상사고,0,1,0,0,차대차 - 기타,교차로운행방법위반,건조,맑음,교차로 - 교차로안,승용,여,66세,상해없음,승용,남,47세,중상
2023101000100321,2023년 10월 10일 13시,화요일,대전광역시 서구 둔산동,경상사고,0,0,1,0,차대사람 - 횡단중,보행자보호의무위반,건조,맑음,교차로 - 교차로횡단보도내,승용,여,39세,상해없음,보행자,남,49세,경상
2023101000100322,2023년 10월 10일 13시,화요일,대전광역시 유성구 지족동,중상사고,0,1,0,0,차대차 - 기타,신호위반,건조,맑음,교차로 - 교차로안,승용,여,66세,상해없음,승용,남,37세,중상
2023101000100345,2023년 10월 10일 14시,화요일,대전광역시 동구 신상동,사망사고,1,0,0,0,차대사람 - 기타,안전운전불이행,건조,맑음,단일로 - 기타,승용,여,58세,상해없음,보행자,남,54세,사망
2023101000100484,2023년 10월 10일 17시,화요일,대전광역시 유성구 대정동,경상사고,0,0,1,0,차대차 - 추돌,중앙선침범,건조,맑음,기타 - 기타,승용,남,63세,상해없음,승용,남,40세,경상
2023101000100485,2023년 10월 10일 17시,화요일,대전광역시 유성구 궁동,경상사고,0,0,2,0,차대차 - 추돌,안전운전불이행,건조,맑음,단일로 - 기타,승용,남,58세,기타불명,승용,여,26세,경상
2023101000100529,2023년 10월 10일 18시,화요일,대전광역시 서구 월평동,중상사고,0,1,0,0,차대차 - 기타,안전운전불이행,건조,맑음,교차로 - 교차로횡단보도내,승용,남,25세,상해없음,자전거,여,51세,중상
2023101000100577,2023년 10월 10일 19시,화요일,대전광역시 동구 인동,중상사고,0,1,0,0,차대사람 - 횡단중,신호위반,건조,맑음,교차로 - 교차로횡단보도내,승용,남,26세,상해없음,보행자,여,67세,중상
2023101100100037,2023년 10월 11일 06시,수요일,대전광역시 중구 유천동,경상사고,0,0,1,0,차대차 - 기타,안전운전불이행,건조,맑음,교차로 - 교차로안,승용,남,74세,상해없음,승용,여,71세,경상
2023101100100062,2023년 10월 11일 07시,수요일,대전광역시 유성구 방현동,경상사고,0,0,1,0,차대차 - 추돌,안전거리미확보,건조,맑음,단일로 - 기타,화물,남,55세,상해없음,특수,남,28세,경상
2023101100100112,2023년 10월 11일 08시,수요일,대전광역시 중구 문화동,경상사고,0,0,1,0,차대차 - 기타,교차로운행방법위반,건조,맑음,교차로 - 교차로안,승용,여,35세,상해없음,승용,여,58세,경상
2023101100100113,2023년 10월 11일 08시,수요일,대전광역시 서구 내동,경상사고,0,0,2,0,차대차 - 추돌,안전거리미확보,건조,맑음,단일로 - 터널,화물,남,52세,상해없음,승용,남,42세,경상
2023101100100114,2023년 10월 11일 08시,수요일,대전광역시 서구 용문동,경상사고,0,0,1,0,차량단독 - 기타,안전운전불이행,건조,맑음,교차로 - 교차로부근,승합,남,55세,상해없음,,,,
2023101100100146,2023년 10월 11일 09시,수요일,대전광역시 대덕구 신탄진동,경상사고,0,0,1,0,차대차 - 추돌,안전운전불이행,건조,맑음,교차로 - 교차로안,화물,남,61세,상해없음,승용,남,75세,상해없음
2023101100100147,2023년 10월 11일 09시,수요일,대전광역시 대덕구 비래동,경상사고,0,0,1,0,차대사람 - 보도통행중,기타,건조,맑음,단일로 - 기타,화물,남,44세,상해없음,보행자,여,52세,경상
2023101100100148,2023년 10월 11일 09시,수요일,대전광역시 유성구 하기동,경상사고,0,0,1,0,차대차 - 기타,안전운전불이행,건조,맑음,단일로 - 지하차도(도로)내,승용,남,64세,상해없음,승용,남,28세,경상
2023101100100176,2023년 10월 11일 10시,수요일,대전광역시 서구 둔산동,중상사고,0,1,0,0,차량단독 - 기타,안전운전불이행,건조,맑음,기타 - 기타,승합,남,51세,상해없음,,,,
2023101100100212,2023년 10월 11일 11시,수요일,대전광역시 서구 정림동,경상사고,0,0,1,0,차대차 - 측면충돌,안전운전불이행,건조,맑음,단일로 - 기타,화물,남,45세,상해없음,승용,여,55세,경상
2023101100100252,2023년 10월 11일 12시,수요일,대전광역시 동구 용전동,경상사고,0,0,1,0,차대사람 - 기타,안전운전불이행,건조,맑음,단일로 - 기타,승용,남,56세,기타불명,보행자,여,24세,경상
2023101100100253,2023년 10월 11일 12시,수요일,대전광역시 유성구 노은동,경상사고,0,0,1,0,차대차 - 기타,신호위반,건조,맑음,단일로 - 기타,승용,여,66세,상해없음,자전거,남,40세,경상
2023101100100318,2023년 10월 11일 14시,수요일,대전광역시 서구 정림동,경상사고,0,0,1,0,차대차 - 측면충돌,안전거리미확보,건조,맑음,단일로 - 기타,화물,남,53세,상해없음,승용,남,68세,경상
2023101100100319,2023년 10월 11일 14시,수요일,대전광역시 서구 복수동,경상사고,0,0,1,0,차대차 - 기타,안전운전불이행,건조,맑음,교차로 - 교차로부근,승용,여,55세,기타불명,승용,여,47세,경상
2023101100100320,2023년 10월 11일 14시,수요일,대전광역시 서구 갈마동,경상사고,0,0,2,0,차대차 - 추돌,안전거리미확보,건조,맑음,교차로 - 교차로부근,건설기계,남,64세,상해없음,승용,여,52세,경상
2023101100100394,2023년 10월 11일 16시,수요일,대전광역시 서구 도안동,경상사고,0,0,1,0,차대차 - 추돌,안전운전불이행,건조,맑음,단일로 - 기타,이륜,남,21세,상해없음,승용,여,38세,경상
2023101100100440,2023년 10월 11일 17시,수요일,대전광역시 서구 변동,경상사고,0,0,2,0,차량단독 - 기타,안전운전불이행,건조,맑음,단일로 - 기타,승합,남,52세,상해없음,,,,
2023101100100441,2023년 10월 11일 17시,수요일,대전광역시 대덕구 법동,중상사고,0,1,0,0,차대사람 - 횡단중,안전운전불이행,건조,맑음,단일로 - 기타,승용,여,29세,상해없음,보행자,남,69세,중상
2023101100100495,2023년 10월 11일 18시,수요일,대전광역시 유성구 죽동,경상사고,0,0,1,0,차대차 - 기타,안전운전불이행,건조,맑음,기타 - 기타,승용,남,37세,상해없음,승용,여,41세,경상
2023101100100524,2023년 10월 11일 18시,수요일,대전광역시 중구 태평동,중상사고,0,1,0,0,차대차 - 측면충돌,안전운전불이행,건조,맑음,교차로 - 교차로안,승용,남,80세,상해없음,이륜,남,36세,중상
2023101100100525,2023년 10월 11일 18시,수요일,대전광역시 중구 대흥동,경상사고,0,0,1,0,차대사람 - 보도통행중,보행자보호의무위반,건조,맑음,교차로 - 교차로횡단보도내,승용,남,26세,상해없음,보행자,여,41세,경상
2023101100100526,2023년 10월 11일 18시,수요일,대전광역시 대덕구 송촌동,경상사고,0,0,1,0,차량단독 - 기타,기타,건조,맑음,기타 - 기타,승합,남,50세,상해없음,,,,
2023101100100527,2023년 10월 11일 18시,수요일,대전광역시 유성구 원신흥동,중상사고,0,1,0,0,차대차 - 기타,안전운전불이행,건조,맑음,단일로 - 기타,승용,여,40세,상해없음,자전거,남,28세,중상
2023101100100567,2023년 10월 11일 19시,수요일,대전광역시 중구 대흥동,경상사고,0,0,1,0,차대사람 - 기타,안전운전불이행,건조,맑음,단일로 - 기타,승용,남,77세,상해없음,보행자,여,37세,경상
2023101100100568,2023년 10월 11일 19시,수요일,대전광역시 서구 정림동,경상사고,0,0,2,0,차대차 - 기타,안전거리미확보,건조,맑음,교차로 - 교차로안,승용,남,57세,상해없음,승용,남,40세,경상
2023101100100605,2023년 10월 11일 20시,수요일,대전광역시 동구 성남동,사망사고,1,0,0,0,차대사람 - 기타,안전운전불이행,건조,맑음,교차로 - 교차로안,승용,여,59세,상해없음,보행자,남,71세,사망
2023101100100640,2023년 10월 11일 21시,수요일,대전광역시 서구 둔산동,경상사고,0,0,1,0,차대사람 - 기타,보행자보호의무위반,건조,맑음,교차로 - 교차로횡단보도내,승용,남,61세,상해없음,보행자,남,25세,경상
2023101200100008,2023년 10월 12일 00시,목요일,대전광역시 유성구 원내동,중상사고,0,1,0,0,차량단독 - 기타,안전운전불이행,건조,맑음,단일로 - 기타,승합,남,66세,상해없음,,,,
2023101200100084,2023년 10월 12일 07시,목요일,대전광역시 서구 변동,경상사고,0,0,5,0,차대차 - 추돌,안전거리미확보,건조,맑음,단일로 - 기타,승용,남,48세,상해없음,승용,여,37세,경상
2023101200100122,2023년 10월 12일 08시,목요일,대전광역시 서구 정림동,중상사고,0,1,0,0,차대사람 - 차도통행중,안전운전불이행,건조,맑음,교차로 - 교차로부근,승용,여,56세,상해없음,보행자,여,68세,중상
2023101200100123,2023년 10월 12일 08시,목요일,대전광역시 유성구 봉명동,중상사고,0,1,0,0,차대사람 - 횡단중,보행자보호의무위반,건조,맑음,교차로 - 교차로횡단보도내,승용,남,72세,상해없음,보행자,남,77세,중상
2023101200100124,2023년 10월 12일 08시,목요일,대전광역시 유성구 관평동,경상사고,0,0,2,0,차대차 - 기타,신호위반,건조,맑음,교차로 - 교차로안,승용,남,62세,상해없음,승용,남,43세,경상
2023101200100198,2023년 10월 12일 10시,목요일,대전광역시 서구 도마동,경상사고,0,0,1,0,차대차 - 측면충돌,안전운전불이행,건조,맑음,교차로 - 교차로부근,승용,여,60세,상해없음,승합,남,47세,경상
2023101200100232,2023년 10월 12일 11시,목요일,대전광역시 동구 삼성동,중상사고,0,1,0,0,차량단독 - 기타,안전운전불이행,건조,맑음,단일로 - 기타,승합,남,59세,상해없음,,,,
2023101200100263,2023년 10월 12일 12시,목요일,대전광역시 중구 선화동,경상사고,0,0,1,0,차대차 - 측면충돌,신호위반,건조,맑음,단일로 - 기타,승용,남,38세,상해없음,승합,남,41세,경상
2023101200100300,2023년 10월 12일 13시,목요일,대전광역시 대덕구 비래동,경상사고,0,0,1,0,차대차 - 기타,안전거리미확보,건조,맑음,기타 - 기타,이륜,남,38세,상해없음,승용,여,28세,경상
2023101200100342,2023년 10월 12일 14시,목요일,대전광역시 서구 변동,경상사고,0,0,2,0,차대차 - 측면충돌,안전운전불이행,건조,맑음,교차로 - 교차로부근,승용,여,43세,기타불명,화물,남,56세,기타불명
2023101200100381,2023년 10월 12일 15시,목요일,대전광역시 서구 괴정동,경상사고,0,0,1,0,차대차 - 기타,안전운전불이행,건조,맑음,교차로 - 교차로안,승용,남,33세,상해없음,이륜,남,29세,경상
2023101200100382,2023년 10월 12일 15시,목요일,대전광역시 서구 둔산동,중상사고,0,1,0,0,차대차 - 기타,안전운전불이행,건조,맑음,기타 - 기타,승용,남,56세,상해없음,자전거,여,62세,중상
2023101200100418,2023년 10월 12일 16시,목요일,대전광역시 동구 홍도동,경상사고,0,0,1,0,차대사람 - 기타,안전운전불이행,건조,맑음,단일로 - 기타,승용,남,74세,상해없음,보행자,여,63세,경상
2023101200100450,2023년 10월 12일 17시,목요일,대전광역시 중구 안영동,경상사고,0,0,1,0,차대차 - 측면충돌,안전거리미확보,건조,맑음,단일로 - 기타,승용,남,83세,상해없음,승용,남,44세,경상
2023101200100498,2023년 10월 12일 18시,목요일,대전광역시 중구 대흥동,경상사고,0,0,1,0,차대차 - 기타,안전운전불이행,건조,맑음,교차로 - 교차로부근,승용,남,68세,상해없음,이륜,남,33세,경상
2023101200100499,2023년 10월 12일 18시,목요일,대전광역시 유성구 도룡동,경상사고,0,0,1,0,차대차 - 기타,안전거리미확보,건조,맑음,교차로 - 교차로부근,승용,남,34세,상해없음,승용,여,59세,경상
2023101200100500,2023년 10월 12일 18시,목요일,대전광역시 유성구 덕명동,경상사고,0,0,1,0,차대차 - 측면충돌,중앙선침범,건조,맑음,단일로 - 기타,승용,남,36세,상해없음,화물,남,39세,경상
2023101200100559,2023년 10월 12일 19시,목요일,대전광역시 서구 가수원동,경상사고,0,0,5,0,차대차 - 측면충돌,안전운전불이행,건조,맑음,단일로 - 기타,승용,여,62세,기타불명,승용,남,31세,경상
2023101200100591,2023년 10월 12일 20시,목요일,대전광역시 중구 용두동,경상사고,0,0,1,0,차대사람 - 기타,안전운전불이행,건조,맑음,기타 - 기타,승용,여,56세,상해없음,보행자,여,83세,경상
2023101200100628,2023년 10월 12일 22시,목요일,대전광역시 서구 둔산동,경상사고,0,0,2,0,차대차 - 기타,기타,건조,맑음,교차로 - 교차로부근,승용,남,57세,상해없음,이륜,남,63세,경상
2023101200100629,2023년 10월 12일 22시,목요일,대전광역시 서구 월평동,경상사고,0,0,1,0,차대차 - 추돌,안전운전불이행,건조,맑음,단일로 - 기타,승용,남,26세,상해없음,승용,남,26세,경상
2023101200100630,2023년 10월 12일 22시,목요일,대전광역시 서구 둔산동,경상사고,0,0,1,0,차대차 - 기타,기타,건조,맑음,단일로 - 기타,승용,남,57세,상해없음,이륜,남,39세,경상
2023101300100046,2023년 10월 13일 05시,금요일,대전광역시 유성구 안산동,경상사고,0,0,1,0,차대차 - 추돌,안전운전불이행,건조,기타,기타 - 기타,승용,남,70세,기타불명,승용,남,62세,경상
2023101300100057,2023년 10월 13일 06시,금요일,대전광역시 유성구 안산동,중상사고,0,1,0,0,차대사람 - 기타,안전운전불이행,건조,맑음,단일로 - 기타,화물,남,62세,상해없음,보행자,남,70세,중상
2023101300100123,2023년 10월 13일 08시,금요일,대전광역시 서구 도안동,중상사고,0,1,0,0,차대사람 - 횡단중,신호위반,건조,맑음,단일로 - 기타,승용,여,67세,상해없음,보행자,여,24세,중상
2023101300100124,2023년 10월 13일 08시,금요일,대전광역시 유성구 탑립동,경상사고,0,0,1,0,차대차 - 기타,안전운전불이행,건조,맑음,교차로 - 교차로부근,승용,여,41세,상해없음,승용,여,58세,경상
2023101300100159,2023년 10월 13일 09시,금요일,대전광역시 서구 만년동,경상사고,0,0,1,0,차대차 - 기타,안전운전불이행,건조,맑음,단일로 - 기타,승용,여,64세,상해없음,승용,남,65세,경상
2023101300100206,2023년 10월 13일 10시,금요일,대전광역시 동구 성남동,경상사고,0,0,1,0,차대차 - 기타,신호위반,건조,맑음,교차로 - 교차로안,승용,여,53세,상해없음,승합,남,30세,경상
2023101300100250,2023년 10월 13일 11시,금요일,대전광역시 동구 판암동,경상사고,0,0,1,0,차대차 - 측면충돌,안전운전불이행,건조,맑음,교차로 - 교차로안,승합,남,56세,상해없음,승용,여,62세,경상
2023101300100252,2023년 10월 13일 11시,금요일,대전광역시 서구 도마동,경상사고,0,0,1,0,차대사람 - 차도통행중,안전운전불이행,건조,맑음,교차로 - 교차로부근,자전거,남,87세,상해없음,보행자,여,58세,경상
2023101300100253,2023년 10월 13일 11시,금요일,대전광역시 서구 둔산동,경상사고,0,0,1,0,차량단독 - 기타,안전운전불이행,건조,맑음,단일로 - 기타,승합,남,44세,상해없음,,,,
2023101300100285,2023년 10월 13일 12시,금요일,대전광역시 중구 선화동,경상사고,0,0,1,0,차대사람 - 기타,보행자보호의무위반,건조,맑음,교차로 - 교차로부근,승용,남,53세,상해없음,보행자,여,19세,경상
2023101300100286,2023년 10월 13일 12시,금요일,대전광역시 서구 내동,경상사고,0,0,1,0,차대차 - 기타,교차로운행방법위반,건조,맑음,교차로 - 교차로안,승용,남,61세,상해없음,승용,남,30세,경상
2023101300100424,2023년 10월 13일 16시,금요일,대전광역시 중구 대사동,경상사고,0,0,1,0,차대차 - 측면충돌,안전거리미확보,건조,맑음,단일로 - 기타,건설기계,남,73세,상해없음,화물,남,52세,경상
2023101300100425,2023년 10월 13일 16시,금요일,대전광역시 서구 둔산동,중상사고,0,1,0,0,차대사람 - 기타,안전운전불이행,건조,맑음,기타 - 기타,개인형이동수단(PM),남,18세,기타불명,보행자,여,58세,중상
2023101300100426,2023년 10월 13일 16시,금요일,대전광역시 유성구 지족동,경상사고,0,0,2,0,차대차 - 기타,안전거리미확보,건조,맑음,기타 - 기타,승용,여,62세,상해없음,승용,여,52세,경상
2023101300100474,2023년 10월 13일 17시,금요일,대전광역시 대덕구 읍내동,경상사고,0,0,1,0,차대차 - 측면충돌,안전운전불이행,건조,맑음,단일로 - 기타,승용,남,64세,상해없음,승용,여,63세,경상
2023101300100548,2023년 10월 13일 18시,금요일,대전광역시 중구 오류동,경상사고,0,0,1,0,차대차 - 측면충돌,안전운전불이행,건조,맑음,교차로 - 교차로부근,이륜,남,62세,기타불명,승용,남,27세,경상
2023101300100549,2023년 10월 13일 18시,금요일,대전광역시 유성구 상대동,경상사고,0,0,2,0,차대차 - 측면충돌,신호위반,건조,흐림,교차로 - 교차로안,승용,여,59세,상해없음,승용,남,76세,경상
2023101300100550,2023년 10월 13일 18시,금요일,대전광역시 유성구 어은동,경상사고,0,0,2,0,차대차 - 기타,안전거리미확보,건조,맑음,교차로 - 교차로부근,승용,남,36세,경상,승용,남,46세,경상
2023101300100609,2023년 10월 13일 19시,금요일,대전광역시 동구 판암동,중상사고,0,1,0,0,차대사람 - 기타,안전운전불이행,건조,맑음,기타 - 기타,개인형이동수단(PM),남,19세,상해없음,보행자,남,18세,중상
2023101300100666,2023년 10월 13일 21시,금요일,대전광역시 서구 둔산동,경상사고,0,0,1,0,차대사람 - 기타,보행자보호의무위반,건조,맑음,교차로 - 교차로안,승용,남,58세,상해없음,보행자,남,14세,경상
2023101300100667,2023년 10월 13일 21시,금요일,대전광역시 유성구 봉명동,경상사고,0,0,1,0,차대차 - 기타,안전운전불이행,건조,맑음,단일로 - 기타,기타불명,기타불명,미분류,기타불명,이륜,남,48세,경상
2023101400100043,2023년 10월 14일 04시,토요일,대전광역시 서구 둔산동,경상사고,0,0,1,0,차대차 - 측면충돌,신호위반,건조,맑음,교차로 - 교차로안,이륜,남,26세,상해없음,승용,남,57세,경상
2023101400100067,2023년 10월 14일 06시,토요일,대전광역시 대덕구 목상동,경상사고,0,0,1,1,차대차 - 측면충돌,안전운전불이행,건조,맑음,단일로 - 기타,화물,남,67세,상해없음,특수,남,44세,경상
2023101400100068,2023년 10월 14일 06시,토요일,대전광역시 유성구 장대동,경상사고,0,0,1,0,차대차 - 추돌,안전운전불이행,건조,맑음,교차로 - 교차로부근,승용,남,83세,상해없음,승용,남,67세,경상
2023101400100079,2023년 10월 14일 07시,토요일,대전광역시 대덕구 신탄진동,경상사고,0,0,1,0,차대차 - 기타,안전운전불이행,건조,맑음,교차로 - 교차로안,승용,남,47세,상해없음,승용,남,68세,상해없음
2023101400100119,2023년 10월 14일 09시,토요일,대전광역시 동구 가양동,중상사고,0,1,0,0,차대사람 - 기타,안전운전불이행,건조,맑음,단일로 - 기타,승용,남,80세,상해없음,보행자,여,61세,중상
2023101400100120,2023년 10월 14일 09시,토요일,대전광역시 서구 정림동,경상사고,0,0,1,0,차대차 - 추돌,안전거리미확보,건조,맑음,단일로 - 기타,승용,남,62세,상해없음,승용,여,53세,경상
2023101400100153,2023년 10월 14일 10시,토요일,대전광역시 유성구 반석동,경상사고,0,0,3,0,차대차 - 기타,안전운전불이행,건조,맑음,교차로 - 교차로부근,이륜,남,26세,경상,승용,여,45세,경상
2023101400100224,2023년 10월 14일 12시,토요일,대전광역시 동구 중동,경상사고,0,0,5,0,차대차 - 추돌,안전거리미확보,건조,맑음,교차로 - 교차로안,승합,남,52세,상해없음,승용,여,51세,경상