사고번호,사고일시,요일,시군구,사고내용,사망자수,중상자수,경상자수,부상신고자수,사고유형,법규위반,노면상태,기상상태,도로형태,가해운전자 차종,가해운전자 성별,가해운전자 연령,가해운전자 상해정도,피해운전자 차종,피해운전자 성별,피해운전자 연령,피해운전자 상해정도
2023101400100262,2023년 10월 14일 13시,토요일,대전광역시 동구 가양동,경상사고,0,0,1,0,차대차 - 정면충돌,신호위반,건조,맑음,교차로 - 교차로안,승용,남,57세,상해없음,승용,남,59세,경상
2023101400100301,2023년 10월 14일 14시,토요일,대전광역시 서구 용문동,경상사고,0,0,1,0,차량단독 - 기타,안전운전불이행,건조,맑음,기타 - 기타,승용,남,69세,기타불명,,,,
2023101400100302,2023년 10월 14일 14시,토요일,대전광역시 유성구 원신흥동,경상사고,0,0,1,0,차대차 - 측면충돌,교차로운행방법위반,건조,맑음,기타 - 기타,승용,여,45세,상해없음,이륜,남,39세,경상
2023101400100330,2023년 10월 14일 15시,토요일,대전광역시 중구 오류동,경상사고,0,0,4,0,차대차 - 기타,교차로운행방법위반,건조,맑음,교차로 - 교차로안,승용,남,72세,상해없음,승합,남,53세,경상
2023101400100331,2023년 10월 14일 15시,토요일,대전광역시 동구 홍도동,경상사고,0,0,1,0,차대차 - 정면충돌,안전운전불이행,건조,맑음,단일로 - 기타,승용,여,74세,상해없음,이륜,남,34세,경상
2023101400100373,2023년 10월 14일 16시,토요일,대전광역시 유성구 반석동,경상사고,0,0,1,0,차대차 - 정면충돌,교차로운행방법위반,건조,맑음,교차로 - 교차로안,승용,여,42세,기타불명,이륜,남,31세,경상
2023101400100374,2023년 10월 14일 16시,토요일,대전광역시 유성구 원신흥동,경상사고,0,0,1,0,차대차 - 추돌,안전운전불이행,건조,맑음,교차로 - 교차로안,승용,여,32세,상해없음,승용,여,39세,경상
2023101400100408,2023년 10월 14일 17시,토요일,대전광역시 유성구 장대동,경상사고,0,0,1,0,차대차 - 기타,안전운전불이행,건조,맑음,기타 - 기타,승용,여,64세,상해없음,승용,여,56세,경상
2023101400100443,2023년 10월 14일 18시,토요일,대전광역시 서구 관저동,중상사고,0,1,0,0,차대차 - 기타,교차로운행방법위반,젖음/습기,비,교차로 - 교차로안,승용,남,43세,상해없음,이륜,남,59세,중상
2023101400100444,2023년 10월 14일 18시,토요일,대전광역시 대덕구 비래동,경상사고,0,0,2,0,차대차 - 측면충돌,안전운전불이행,젖음/습기,비,단일로 - 기타,화물,남,56세,상해없음,승용,남,45세,경상
2023101400100476,2023년 10월 14일 19시,토요일,대전광역시 중구 안영동,경상사고,0,0,2,0,차대차 - 기타,안전운전불이행,건조,맑음,단일로 - 기타,승용,남,43세,상해없음,승용,남,28세,경상
2023101400100477,2023년 10월 14일 19시,토요일,대전광역시 대덕구 문평동,경상사고,0,0,1,0,차대차 - 기타,신호위반,건조,맑음,교차로 - 교차로안,승용,여,61세,상해없음,승용,남,41세,경상
2023101500100117,2023년 10월 15일 10시,일요일,대전광역시 서구 갈마동,경상사고,0,0,2,0,차대차 - 기타,신호위반,건조,맑음,교차로 - 교차로안,승용,여,35세,경상,승용,여,43세,경상
2023101500100157,2023년 10월 15일 12시,일요일,대전광역시 대덕구 상서동,경상사고,0,0,1,0,차대차 - 기타,불법유턴,건조,맑음,기타 - 기타,화물,남,45세,기타불명,이륜,남,40세,경상
2023101500100158,2023년 10월 15일 12시,일요일,대전광역시 유성구 죽동,경상사고,0,0,1,0,차대차 - 기타,신호위반,건조,맑음,교차로 - 교차로안,승용,여,71세,기타불명,승용,여,59세,경상
2023101500100194,2023년 10월 15일 13시,일요일,대전광역시 중구 부사동,경상사고,0,0,1,0,차대사람 - 기타,안전운전불이행,건조,맑음,기타 - 기타,승용,남,48세,상해없음,보행자,남,37세,경상
2023101500100233,2023년 10월 15일 14시,일요일,대전광역시 서구 정림동,경상사고,0,0,1,0,차대차 - 측면충돌,안전거리미확보,건조,맑음,단일로 - 기타,승용,여,57세,상해없음,승용,남,54세,경상
2023101500100234,2023년 10월 15일 14시,일요일,대전광역시 서구 월평동,경상사고,0,0,2,0,차대차 - 추돌,안전거리미확보,건조,맑음,교차로 - 교차로부근,이륜,남,47세,상해없음,승용,남,55세,경상
2023101500100235,2023년 10월 15일 14시,일요일,대전광역시 유성구 덕명동,경상사고,0,0,2,0,차대차 - 기타,안전운전불이행,건조,맑음,단일로 - 교량,승합,남,35세,상해없음,승용,남,62세,경상
2023101500100409,2023년 10월 15일 20시,일요일,대전광역시 대덕구 법동,경상사고,0,0,1,0,차대차 - 추돌,안전운전불이행,건조,맑음,단일로 - 지하차도(도로)내,승용,남,66세,기타불명,승합,남,54세,경상
2023101500100410,2023년 10월 15일 20시,일요일,대전광역시 유성구 반석동,경상사고,0,0,2,0,차대차 - 후진중충돌,안전운전불이행,건조,맑음,단일로 - 교량,화물,남,61세,상해없음,승용,남,37세,경상
2023101600100123,2023년 10월 16일 08시,월요일,대전광역시 유성구 반석동,경상사고,0,0,1,0,차대차 - 추돌,안전거리미확보,건조,맑음,단일로 - 기타,승용,남,42세,상해없음,승용,남,65세,경상
2023101600100164,2023년 10월 16일 09시,월요일,대전광역시 중구 석교동,중상사고,0,1,0,0,차대차 - 측면충돌,안전운전불이행,건조,맑음,교차로 - 교차로횡단보도내,승용,남,65세,상해없음,자전거,남,78세,중상
2023101600100165,2023년 10월 16일 09시,월요일,대전광역시 대덕구 오정동,경상사고,0,0,3,0,차대차 - 추돌,안전거리미확보,건조,맑음,단일로 - 기타,승용,남,25세,경상,승용,남,70세,경상
2023101600100193,2023년 10월 16일 10시,월요일,대전광역시 중구 유천동,중상사고,0,1,0,0,차대사람 - 기타,기타,건조,흐림,단일로 - 기타,화물,남,36세,상해없음,보행자,여,58세,중상
2023101600100194,2023년 10월 16일 10시,월요일,대전광역시 동구 가양동,중상사고,0,1,0,0,차대사람 - 횡단중,보행자보호의무위반,건조,맑음,단일로 - 기타,이륜,남,23세,기타불명,보행자,여,66세,중상
2023101600100195,2023년 10월 16일 10시,월요일,대전광역시 서구 둔산동,경상사고,0,0,1,0,차대차 - 추돌,안전운전불이행,건조,맑음,교차로 - 교차로부근,승합,남,33세,상해없음,승용,여,43세,경상
2023101600100235,2023년 10월 16일 11시,월요일,대전광역시 중구 태평동,경상사고,0,0,1,0,차대차 - 측면충돌,안전운전불이행,건조,맑음,교차로 - 교차로안,승용,남,26세,상해없음,승용,여,31세,경상
2023101600100307,2023년 10월 16일 13시,월요일,대전광역시 중구 문창동,중상사고,0,1,0,0,차대사람 - 기타,안전운전불이행,건조,맑음,교차로 - 교차로안,화물,남,73세,상해없음,보행자,여,48세,중상
2023101600100308,2023년 10월 16일 13시,월요일,대전광역시 동구 대성동,경상사고,0,0,3,0,차대차 - 측면충돌,안전운전불이행,건조,맑음,단일로 - 기타,승용,남,72세,상해없음,승용,남,57세,경상
2023101600100340,2023년 10월 16일 14시,월요일,대전광역시 중구 태평동,경상사고,0,0,1,0,차대차 - 추돌,안전운전불이행,건조,흐림,교차로 - 교차로부근,승용,여,70세,상해없음,승용,여,31세,경상
2023101600100341,2023년 10월 16일 14시,월요일,대전광역시 유성구 봉명동,경상사고,0,0,1,0,차대차 - 기타,안전운전불이행,건조,맑음,교차로 - 교차로안,승용,남,69세,상해없음,승용,여,27세,경상
2023101600100386,2023년 10월 16일 15시,월요일,대전광역시 중구 사정동,부상신고사고,0,0,0,1,차대차 - 기타,안전운전불이행,건조,맑음,단일로 - 기타,자전거,남,73세,부상신고,승용,남,64세,상해없음
2023101600100440,2023년 10월 16일 16시,월요일,대전광역시 동구 가양동,경상사고,0,0,1,0,차대차 - 기타,안전운전불이행,건조,맑음,교차로 - 교차로안,승용,남,51세,상해없음,자전거,남,11세,경상
2023101600100441,2023년 10월 16일 16시,월요일,대전광역시 유성구 방동,경상사고,0,0,1,0,차대차 - 기타,안전거리미확보,건조,맑음,기타 - 기타,화물,남,38세,상해없음,승용,남,43세,상해없음
2023101600100484,2023년 10월 16일 17시,월요일,대전광역시 중구 대흥동,중상사고,0,1,0,0,차량단독 - 전도전복 - 전도,안전운전불이행,건조,맑음,단일로 - 기타,원동기,남,59세,상해없음,,,,
2023101600100485,2023년 10월 16일 17시,월요일,대전광역시 동구 자양동,경상사고,0,0,2,0,차대차 - 측면충돌,안전운전불이행,건조,맑음,기타 - 기타,화물,남,42세,상해없음,승용,남,61세,경상
2023101600100547,2023년 10월 16일 18시,월요일,대전광역시 서구 내동,경상사고,0,0,1,0,차대차 - 기타,안전운전불이행,건조,맑음,교차로 - 교차로부근,승용,여,54세,상해없음,승용,여,55세,경상
2023101600100548,2023년 10월 16일 18시,월요일,대전광역시 서구 둔산동,경상사고,0,0,3,0,차대차 - 추돌,안전운전불이행,건조,맑음,단일로 - 기타,승용,남,61세,상해없음,승용,남,46세,경상
2023101600100549,2023년 10월 16일 18시,월요일,대전광역시 유성구 장대동,경상사고,0,0,1,0,차대차 - 측면충돌,안전운전불이행,건조,기타,교차로 - 교차로부근,승용,남,53세,기타불명,이륜,남,43세,경상
2023101600100580,2023년 10월 16일 19시,월요일,대전광역시 서구 변동,경상사고,0,0,1,0,차대사람 - 기타,안전운전불이행,건조,맑음,기타 - 기타,자전거,남,41세,상해없음,보행자,남,3세,경상
2023101600100645,2023년 10월 16일 23시,월요일,대전광역시 유성구 노은동,경상사고,0,0,1,0,차대차 - 기타,신호위반,건조,맑음,교차로 - 교차로안,승용,남,41세,상해없음,승용,남,29세,경상
2023101700100029,2023년 10월 17일 04시,화요일,대전광역시 중구 대흥동,경상사고,0,0,2,0,차대차 - 추돌,신호위반,건조,맑음,교차로 - 교차로안,승용,여,47세,상해없음,승용,남,53세,경상
2023101700100047,2023년 10월 17일 06시,화요일,대전광역시 동구 판암동,경상사고,0,0,2,0,차대차 - 추돌,안전운전불이행,건조,맑음,단일로 - 기타,승용,남,41세,상해없음,화물,남,68세,경상
2023101700100297,2023년 10월 17일 12시,화요일,대전광역시 유성구 용산동,경상사고,0,0,2,0,차대차 - 기타,신호위반,건조,맑음,교차로 - 교차로부근,승용,여,54세,상해없음,승용,남,49세,경상
2023101700100369,2023년 10월 17일 14시,화요일,대전광역시 중구 옥계동,경상사고,0,0,1,0,차대차 - 측면충돌,안전운전불이행,건조,맑음,교차로 - 교차로횡단보도내,화물,남,41세,상해없음,자전거,남,68세,경상
2023101700100370,2023년 10월 17일 14시,화요일,대전광역시 서구 탄방동,중상사고,0,1,0,0,차대차 - 기타,안전운전불이행,건조,맑음,기타 - 기타,승용,남,86세,상해없음,자전거,여,29세,중상
2023101700100411,2023년 10월 17일 15시,화요일,대전광역시 동구 가오동,경상사고,0,0,1,0,차대사람 - 기타,안전운전불이행,건조,맑음,교차로 - 교차로부근,승용,여,52세,상해없음,보행자,여,55세,경상
2023101700100412,2023년 10월 17일 15시,화요일,대전광역시 서구 괴정동,경상사고,0,0,3,0,차대차 - 추돌,안전운전불이행,건조,맑음,단일로 - 기타,승용,여,40세,상해없음,승용,남,53세,경상
2023101700100413,2023년 10월 17일 15시,화요일,대전광역시 서구 탄방동,경상사고,0,0,1,0,차대차 - 기타,신호위반,건조,맑음,교차로 - 교차로안,승용,여,24세,상해없음,이륜,남,38세,경상
2023101700100462,2023년 10월 17일 16시,화요일,대전광역시 중구 오류동,중상사고,0,1,0,0,차대사람 - 기타,안전운전불이행,건조,맑음,단일로 - 기타,승용,남,68세,상해없음,보행자,여,54세,중상
2023101700100463,2023년 10월 17일 16시,화요일,대전광역시 대덕구 중리동,경상사고,0,0,1,0,차대사람 - 횡단중,보행자보호의무위반,건조,맑음,교차로 - 교차로횡단보도내,화물,남,66세,상해없음,보행자,남,58세,경상
2023101700100505,2023년 10월 17일 17시,화요일,대전광역시 대덕구 목상동,중상사고,0,1,1,0,차대차 - 측면충돌,안전운전불이행,건조,맑음,교차로 - 교차로안,이륜,남,23세,중상,승합,남,43세,경상
2023101700100506,2023년 10월 17일 17시,화요일,대전광역시 유성구 지족동,경상사고,0,0,3,0,차대차 - 기타,안전운전불이행,건조,맑음,교차로 - 교차로부근,승용,남,47세,기타불명,승용,남,37세,경상
2023101700100507,2023년 10월 17일 17시,화요일,대전광역시 유성구 구암동,경상사고,0,0,2,0,차대차 - 기타,안전운전불이행,건조,맑음,기타 - 기타,자전거,남,63세,경상,자전거,남,73세,경상
2023101700100564,2023년 10월 17일 18시,화요일,대전광역시 중구 은행동,경상사고,0,0,1,0,차대차 - 측면충돌,직진우회전진행방해,건조,맑음,교차로 - 교차로안,승용,남,59세,상해없음,자전거,남,23세,경상
2023101700100565,2023년 10월 17일 18시,화요일,대전광역시 동구 용전동,경상사고,0,0,1,0,차대차 - 기타,안전운전불이행,건조,맑음,단일로 - 기타,승용,남,54세,상해없음,개인형이동수단(PM),남,63세,경상
2023101700100566,2023년 10월 17일 18시,화요일,대전광역시 서구 관저동,중상사고,0,1,0,0,차대차 - 측면충돌,불법유턴,건조,맑음,교차로 - 교차로안,이륜,남,44세,중상,승용,여,36세,상해없음
2023101700100567,2023년 10월 17일 18시,화요일,대전광역시 유성구 구암동,경상사고,0,0,3,0,차대차 - 기타,안전거리미확보,건조,맑음,교차로 - 교차로부근,승용,여,63세,경상,승용,남,51세,경상
2023101700100611,2023년 10월 17일 19시,화요일,대전광역시 서구 도마동,경상사고,0,0,1,0,차대사람 - 기타,안전운전불이행,건조,맑음,기타 - 기타,승용,여,46세,상해없음,보행자,여,18세,경상
2023101700100661,2023년 10월 17일 21시,화요일,대전광역시 유성구 원신흥동,경상사고,0,0,2,0,차대차 - 추돌,안전운전불이행,건조,맑음,단일로 - 기타,승용,여,59세,상해없음,승용,남,53세,경상
2023101800100133,2023년 10월 18일 08시,수요일,대전광역시 서구 도마동,경상사고,0,0,1,0,차대차 - 추돌,안전운전불이행,건조,맑음,교차로 - 교차로안,건설기계,남,59세,상해없음,승용,남,26세,경상
2023101800100134,2023년 10월 18일 08시,수요일,대전광역시 서구 둔산동,경상사고,0,0,1,0,차대차 - 측면충돌,신호위반,건조,맑음,교차로 - 교차로안,승용,여,34세,상해없음,승용,남,32세,경상
2023101800100169,2023년 10월 18일 09시,수요일,대전광역시 중구 유천동,중상사고,0,1,0,0,차대사람 - 기타,안전운전불이행,건조,맑음,단일로 - 기타,승용,남,68세,기타불명,보행자,남,61세,중상
2023101800100170,2023년 10월 18일 09시,수요일,대전광역시 중구 용두동,경상사고,0,0,1,0,차대차 - 측면충돌,교차로운행방법위반,건조,맑음,교차로 - 교차로안,승용,여,62세,상해없음,승용,남,64세,경상
2023101800100171,2023년 10월 18일 09시,수요일,대전광역시 서구 용문동,경상사고,0,0,3,1,차대차 - 측면충돌,안전거리미확보,건조,맑음,단일로 - 기타,승용,여,32세,상해없음,승합,남,52세,상해없음
2023101800100172,2023년 10월 18일 09시,수요일,대전광역시 서구 둔산동,경상사고,0,0,5,0,차대차 - 기타,안전운전불이행,건조,맑음,단일로 - 기타,승용,남,28세,상해없음,승합,남,57세,상해없음
2023101800100200,2023년 10월 18일 10시,수요일,대전광역시 중구 사정동,경상사고,0,0,3,0,차대차 - 측면충돌,중앙선침범,건조,맑음,단일로 - 기타,화물,남,53세,상해없음,승용,여,49세,경상
2023101800100201,2023년 10월 18일 10시,수요일,대전광역시 유성구 학하동,경상사고,0,0,1,0,차량단독 - 기타,안전거리미확보,건조,맑음,단일로 - 기타,승용,남,35세,기타불명,,,,
2023101800100270,2023년 10월 18일 12시,수요일,대전광역시 중구 은행동,경상사고,0,0,1,0,차대차 - 추돌,안전운전불이행,건조,맑음,단일로 - 기타,화물,남,65세,상해없음,승용,여,50세,경상
2023101800100271,2023년 10월 18일 12시,수요일,대전광역시 동구 가양동,경상사고,0,0,1,0,차대차 - 측면충돌,안전운전불이행,건조,맑음,단일로 - 기타,승용,남,28세,상해없음,승용,남,33세,경상
2023101800100313,2023년 10월 18일 13시,수요일,대전광역시 대덕구 오정동,중상사고,0,1,0,0,차대차 - 측면충돌,안전운전불이행,건조,맑음,기타 - 기타,자전거,남,53세,상해없음,자전거,남,70세,중상
2023101800100357,2023년 10월 18일 14시,수요일,대전광역시 동구 판암동,경상사고,0,0,1,0,차대차 - 측면충돌,안전운전불이행,건조,맑음,교차로 - 교차로안,승용,여,23세,상해없음,승용,남,31세,경상
2023101800100358,2023년 10월 18일 14시,수요일,대전광역시 서구 도마동,경상사고,0,0,1,0,차대사람 - 횡단중,안전운전불이행,건조,맑음,단일로 - 기타,원동기,남,16세,상해없음,보행자,여,10세,경상
2023101800100480,2023년 10월 18일 17시,수요일,대전광역시 중구 오류동,중상사고,0,1,1,0,차대차 - 측면충돌,안전운전불이행,건조,맑음,단일로 - 기타,승용,여,65세,상해없음,승용,여,25세,경상
2023101800100481,2023년 10월 18일 17시,수요일,대전광역시 유성구 봉명동,경상사고,0,0,1,0,차대차 - 추돌,안전거리미확보,건조,맑음,단일로 - 기타,승용,남,58세,상해없음,원동기,남,27세,경상
2023101800100482,2023년 10월 18일 17시,수요일,대전광역시 유성구 봉명동,경상사고,0,0,1,0,차대차 - 측면충돌,안전운전불이행,건조,맑음,기타 - 기타,승용,여,61세,상해없음,승용,여,73세,경상
2023101800100534,2023년 10월 18일 18시,수요일,대전광역시 동구 대동,중상사고,0,1,0,0,차대사람 - 횡단중,보행자보호의무위반,건조,맑음,교차로 - 교차로부근,이륜,기타불명,미분류,기타불명,보행자,남,61세,중상
2023101800100573,2023년 10월 18일 19시,수요일,대전광역시 서구 괴정동,경상사고,0,0,1,0,차대차 - 기타,안전운전불이행,건조,맑음,교차로 - 교차로부근,승용,남,31세,상해없음,이륜,남,40세,경상
2023101800100574,2023년 10월 18일 19시,수요일,대전광역시 유성구 봉산동,경상사고,0,0,1,0,차대차 - 정면충돌,안전운전불이행,건조,맑음,교차로 - 교차로안,승용,남,39세,기타불명,승용,남,39세,경상
2023101800100629,2023년 10월 18일 21시,수요일,대전광역시 대덕구 석봉동,중상사고,0,1,0,0,차대차 - 측면충돌,중앙선침범,건조,맑음,교차로 - 교차로부근,승용,여,67세,상해없음,이륜,남,18세,중상
2023101800100630,2023년 10월 18일 21시,수요일,대전광역시 유성구 구성동,중상사고,0,2,0,0,차대차 - 기타,안전운전불이행,건조,맑음,교차로 - 교차로안,승용,남,25세,상해없음,승용,남,61세,중상
2023101800100651,2023년 10월 18일 22시,수요일,대전광역시 중구 산성동,경상사고,0,0,1,0,차대차 - 기타,안전운전불이행,건조,맑음,단일로 - 기타,승용,남,27세,상해없음,승용,여,56세,경상
2023101800100662,2023년 10월 18일 23시,수요일,대전광역시 유성구 노은동,경상사고,0,0,1,0,차대차 - 추돌,안전운전불이행,건조,맑음,단일로 - 기타,승용,남,62세,상해없음,원동기,남,26세,경상
2023101900100023,2023년 10월 19일 03시,목요일,대전광역시 대덕구 오정동,경상사고,0,0,1,0,차량단독 - 전도전복 - 전도,안전운전불이행,건조,맑음,단일로 - 기타,이륜,남,55세,경상,,,,
2023101900100077,2023년 10월 19일 07시,목요일,대전광역시 대덕구 송촌동,경상사고,0,0,6,0,차대차 - 측면충돌,안전운전불이행,건조,맑음,교차로 - 교차로안,승용,남,65세,경상,승용,남,31세,경상
2023101900100119,2023년 10월 19일 08시,목요일,대전광역시 유성구 학하동,경상사고,0,0,1,0,차대차 - 측면충돌,안전운전불이행,건조,맑음,단일로 - 기타,승용,남,41세,상해없음,승용,남,39세,경상
2023101900100189,2023년 10월 19일 10시,목요일,대전광역시 동구 용운동,중상사고,0,1,0,0,차대차 - 측면충돌,중앙선침범,건조,맑음,단일로 - 기타,승용,남,68세,상해없음,승용,여,27세,중상
2023101900100190,2023년 10월 19일 10시,목요일,대전광역시 서구 변동,경상사고,0,0,1,0,차대차 - 측면충돌,안전운전불이행,건조,맑음,교차로 - 교차로안,승용,남,73세,기타불명,승용,여,49세,경상
2023101900100207,2023년 10월 19일 11시,목요일,대전광역시 유성구 관평동,경상사고,0,0,2,0,차대차 - 측면충돌,안전거리미확보,건조,맑음,단일로 - 기타,화물,남,56세,상해없음,승합,남,49세,경상
2023101900100220,2023년 10월 19일 11시,목요일,대전광역시 서구 도안동,경상사고,0,0,1,0,차대사람 - 보도통행중,안전운전불이행,건조,맑음,기타 - 기타,승용,남,73세,상해없음,보행자,남,37세,경상
2023101900100272,2023년 10월 19일 13시,목요일,대전광역시 중구 선화동,경상사고,0,0,1,0,차대차 - 기타,불법유턴,건조,맑음,단일로 - 기타,승용,남,64세,상해없음,개인형이동수단(PM),남,69세,경상
2023101900100273,2023년 10월 19일 13시,목요일,대전광역시 유성구 구암동,경상사고,0,0,1,0,차대차 - 측면충돌,신호위반,건조,맑음,교차로 - 교차로안,승용,남,58세,상해없음,승용,여,61세,경상
2023101900100300,2023년 10월 19일 14시,목요일,대전광역시 서구 도마동,중상사고,0,1,0,0,차대차 - 기타,안전운전불이행,젖음/습기,비,기타 - 기타,승용,여,64세,기타불명,이륜,남,60세,중상
2023101900100301,2023년 10월 19일 14시,목요일,대전광역시 유성구 봉산동,경상사고,0,0,3,0,차대차 - 추돌,안전거리미확보,젖음/습기,비,교차로 - 교차로안,승용,남,69세,경상,승용,남,45세,상해없음
2023101900100337,2023년 10월 19일 15시,목요일,대전광역시 동구 가오동,중상사고,0,1,0,0,차대차 - 측면충돌,교차로운행방법위반,젖음/습기,비,교차로 - 교차로안,승용,남,60세,상해없음,승용,여,48세,중상
2023101900100338,2023년 10월 19일 15시,목요일,대전광역시 서구 정림동,경상사고,0,0,1,0,차대차 - 후진중충돌,안전운전불이행,젖음/습기,비,단일로 - 기타,승용,남,62세,상해없음,승합,여,43세,기타불명
2023101900100339,2023년 10월 19일 15시,목요일,대전광역시 대덕구 송촌동,경상사고,0,0,1,0,차대차 - 측면충돌,안전운전불이행,건조,맑음,단일로 - 기타,승용,남,51세,기타불명,화물,남,60세,경상
2023101900100375,2023년 10월 19일 16시,목요일,대전광역시 유성구 지족동,경상사고,0,0,1,0,차대차 - 측면충돌,안전운전불이행,젖음/습기,흐림,교차로 - 교차로안,승용,여,55세,상해없음,개인형이동수단(PM),여,17세,경상
2023101900100462,2023년 10월 19일 18시,목요일,대전광역시 동구 가양동,경상사고,0,0,1,0,차대차 - 측면충돌,차로위반,젖음/습기,비,단일로 - 기타,승용,남,24세,상해없음,승용,남,32세,경상
2023101900100463,2023년 10월 19일 18시,목요일,대전광역시 서구 용문동,경상사고,0,0,1,0,차대차 - 추돌,안전운전불이행,젖음/습기,비,단일로 - 기타,승용,남,46세,상해없음,승용,남,36세,경상
2023101900100464,2023년 10월 19일 18시,목요일,대전광역시 유성구 복용동,중상사고,0,1,0,0,차대사람 - 횡단중,보행자보호의무위반,젖음/습기,비,기타 - 기타,승용,남,42세,상해없음,보행자,여,36세,중상
2023101900100505,2023년 10월 19일 19시,목요일,대전광역시 서구 갈마동,경상사고,0,0,1,0,차대차 - 후진중충돌,안전운전불이행,건조,맑음,교차로 - 교차로부근,승용,여,77세,상해없음,이륜,남,28세,경상
2023101900100506,2023년 10월 19일 19시,목요일,대전광역시 서구 탄방동,경상사고,0,0,1,0,차대사람 - 횡단중,신호위반,젖음/습기,비,단일로 - 기타,이륜,남,32세,상해없음,보행자,여,33세,경상
2023101900100507,2023년 10월 19일 19시,목요일,대전광역시 유성구 노은동,경상사고,0,0,1,0,차대차 - 추돌,신호위반,건조,맑음,단일로 - 터널,승용,여,53세,상해없음,승용,남,27세,경상
2023101900100508,2023년 10월 19일 19시,목요일,대전광역시 유성구 장대동,경상사고,0,0,1,0,차대차 - 추돌,안전운전불이행,건조,맑음,단일로 - 기타,이륜,남,54세,상해없음,승용,여,30세,경상
2023101900100509,2023년 10월 19일 19시,목요일,대전광역시 유성구 지족동,경상사고,0,0,1,0,차대차 - 정면충돌,안전운전불이행,건조,맑음,교차로 - 교차로횡단보도내,개인형이동수단(PM),남,15세,상해없음,자전거,남,12세,경상
2023101900100542,2023년 10월 19일 20시,목요일,대전광역시 대덕구 중리동,경상사고,0,0,1,0,차대차 - 기타,교차로운행방법위반,젖음/습기,비,교차로 - 교차로안,승용,여,23세,상해없음,이륜,남,25세,경상
2023101900100543,2023년 10월 19일 20시,목요일,대전광역시 서구 탄방동,경상사고,0,0,1,0,차대사람 - 기타,안전운전불이행,건조,맑음,단일로 - 기타,승용,남,22세,상해없음,보행자,남,21세,경상
2023101900100572,2023년 10월 19일 21시,목요일,대전광역시 유성구 봉명동,사망사고,1,0,0,0,차대차 - 측면충돌,중앙선침범,젖음/습기,비,단일로 - 기타,승용,남,40세,상해없음,이륜,남,20세,사망
2023101900100596,2023년 10월 19일 22시,목요일,대전광역시 유성구 지족동,부상신고사고,0,0,0,1,차대사람 - 횡단중,안전운전불이행,건조,맑음,교차로 - 교차로횡단보도내,기타불명,기타불명,미분류,기타불명,보행자,남,30세,부상신고
2023101900100619,2023년 10월 19일 23시,목요일,대전광역시 유성구 관평동,경상사고,0,0,2,0,차대차 - 기타,안전거리미확보,건조,맑음,교차로 - 교차로부근,승용,남,47세,기타불명,승용,남,50세,경상
2023102000100022,2023년 10월 20일 02시,금요일,대전광역시 유성구 지족동,중상사고,0,1,0,0,차대사람 - 기타,보행자보호의무위반,젖음/습기,비,교차로 - 교차로횡단보도내,승용,여,28세,상해없음,보행자,남,63세,중상
2023102000100048,2023년 10월 20일 05시,금요일,대전광역시 유성구 신성동,경상사고,0,0,1,0,차대차 - 기타,신호위반,젖음/습기,비,교차로 - 교차로안,승용,여,76세,상해없음,승용,여,58세,경상
2023102000100083,2023년 10월 20일 07시,금요일,대전광역시 대덕구 평촌동,중상사고,0,1,0,0,차대차 - 추돌,안전운전불이행,건조,맑음,교차로 - 교차로부근,화물,남,61세,상해없음,승용,여,46세,중상
2023102000100139,2023년 10월 20일 08시,금요일,대전광역시 중구 용두동,경상사고,0,0,1,0,차대사람 - 횡단중,보행자보호의무위반,건조,맑음,교차로 - 교차로횡단보도내,승용,여,48세,상해없음,보행자,남,25세,경상
2023102000100174,2023년 10월 20일 09시,금요일,대전광역시 중구 태평동,경상사고,0,0,1,0,차대차 - 기타,안전운전불이행,건조,맑음,교차로 - 교차로횡단보도내,승용,여,56세,상해없음,자전거,남,74세,경상
2023102000100175,2023년 10월 20일 09시,금요일,대전광역시 대덕구 비래동,경상사고,0,0,2,1,차대차 - 기타,안전거리미확보,건조,맑음,단일로 - 기타,승용,남,67세,상해없음,승용,남,38세,경상
2023102000100176,2023년 10월 20일 09시,금요일,대전광역시 유성구 구암동,경상사고,0,0,4,0,차대차 - 추돌,안전운전불이행,건조,맑음,교차로 - 교차로부근,승용,여,60세,상해없음,승합,남,61세,경상
2023102000100202,2023년 10월 20일 10시,금요일,대전광역시 서구 괴정동,경상사고,0,0,1,0,차대차 - 추돌,안전운전불이행,건조,맑음,교차로 - 교차로안,이륜,남,30세,상해없음,승용,남,69세,경상
2023102000100239,2023년 10월 20일 11시,금요일,대전광역시 동구 용전동,경상사고,0,0,2,0,차대차 - 추돌,안전운전불이행,건조,맑음,교차로 - 교차로부근,승용,남,53세,상해없음,승용,남,41세,경상
2023102000100240,2023년 10월 20일 11시,금요일,대전광역시 서구 변동,경상사고,0,0,1,0,차대차 - 기타,안전거리미확보,건조,맑음,단일로 - 기타,승용,남,68세,상해없음,승용,여,31세,경상