사고번호,사고일시,요일,시군구,사고내용,사망자수,중상자수,경상자수,부상신고자수,사고유형,법규위반,노면상태,기상상태,도로형태,가해운전자 차종,가해운전자 성별,가해운전자 연령,가해운전자 상해정도,피해운전자 차종,피해운전자 성별,피해운전자 연령,피해운전자 상해정도
2023102600100231,2023년 10월 26일 12시,목요일,대전광역시 서구 둔산동,경상사고,0,0,1,0,차대차 - 기타,안전운전불이행,건조,맑음,단일로 - 기타,승용,여,35세,상해없음,승용,여,38세,경상
2023102600100267,2023년 10월 26일 13시,목요일,대전광역시 유성구 어은동,경상사고,0,0,1,1,차대차 - 기타,신호위반,건조,맑음,교차로 - 교차로안,이륜,남,59세,부상신고,승용,남,50세,경상
2023102600100292,2023년 10월 26일 14시,목요일,대전광역시 유성구 도룡동,경상사고,0,0,1,0,차대차 - 기타,안전운전불이행,건조,맑음,단일로 - 기타,승용,여,31세,기타불명,승용,남,66세,경상
2023102600100503,2023년 10월 26일 18시,목요일,대전광역시 대덕구 오정동,경상사고,0,0,1,0,차대사람 - 횡단중,기타,건조,맑음,단일로 - 기타,이륜,여,32세,상해없음,보행자,여,27세,경상
2023102600100504,2023년 10월 26일 18시,목요일,대전광역시 유성구 관평동,경상사고,0,0,2,0,차대차 - 추돌,안전운전불이행,건조,맑음,교차로 - 교차로부근,승용,여,61세,상해없음,승용,남,23세,경상
2023102600100543,2023년 10월 26일 19시,목요일,대전광역시 유성구 노은동,경상사고,0,0,3,0,차대차 - 측면충돌,안전거리미확보,건조,맑음,단일로 - 기타,승용,여,33세,경상,승용,남,51세,경상
2023102600100573,2023년 10월 26일 20시,목요일,대전광역시 유성구 덕명동,경상사고,0,0,1,0,차대차 - 추돌,안전운전불이행,건조,맑음,단일로 - 기타,승용,남,70세,상해없음,승용,남,27세,경상
2023102600100585,2023년 10월 26일 21시,목요일,대전광역시 동구 자양동,중상사고,0,1,0,0,차대차 - 추돌,안전운전불이행,건조,맑음,교차로 - 교차로안,승용,남,38세,상해없음,원동기,남,23세,중상
2023102600100586,2023년 10월 26일 21시,목요일,대전광역시 서구 갈마동,경상사고,0,0,1,0,차대차 - 기타,안전운전불이행,건조,맑음,교차로 - 교차로부근,승용,남,65세,상해없음,이륜,남,46세,경상
2023102600100599,2023년 10월 26일 22시,목요일,대전광역시 동구 용전동,경상사고,0,0,1,0,차대사람 - 기타,안전운전불이행,건조,맑음,교차로 - 교차로안,승용,남,37세,상해없음,보행자,남,19세,경상
2023102600100600,2023년 10월 26일 22시,목요일,대전광역시 동구 대동,경상사고,0,0,1,0,차량단독 - 기타,기타,건조,맑음,교차로 - 교차로부근,화물,남,65세,경상,,,,
2023102600100615,2023년 10월 26일 23시,목요일,대전광역시 서구 만년동,경상사고,0,0,2,0,차대차 - 기타,신호위반,건조,맑음,교차로 - 교차로안,승용,남,43세,상해없음,승용,남,61세,경상
2023102700100021,2023년 10월 27일 01시,금요일,대전광역시 서구 월평동,경상사고,0,0,1,0,차대차 - 기타,기타,건조,맑음,교차로 - 교차로부근,승용,여,42세,기타불명,승용,남,26세,경상
2023102700100115,2023년 10월 27일 08시,금요일,대전광역시 중구 대사동,경상사고,0,0,1,0,차대차 - 추돌,신호위반,건조,맑음,단일로 - 기타,승용,여,57세,상해없음,원동기,남,43세,경상
2023102700100116,2023년 10월 27일 08시,금요일,대전광역시 동구 대동,경상사고,0,0,1,0,차대차 - 측면충돌,안전운전불이행,건조,맑음,교차로 - 교차로부근,승합,남,62세,상해없음,이륜,남,75세,경상
2023102700100182,2023년 10월 27일 10시,금요일,대전광역시 대덕구 미호동,경상사고,0,0,1,0,차대차 - 기타,기타,건조,맑음,교차로 - 교차로안,승용,여,62세,상해없음,자전거,여,52세,경상
2023102700100211,2023년 10월 27일 11시,금요일,대전광역시 중구 선화동,중상사고,0,1,0,0,차량단독 - 기타,안전운전불이행,건조,맑음,단일로 - 기타,승합,남,48세,상해없음,,,,
2023102700100212,2023년 10월 27일 11시,금요일,대전광역시 유성구 구암동,경상사고,0,0,1,0,차대차 - 측면충돌,안전운전불이행,건조,맑음,단일로 - 기타,승용,남,27세,상해없음,이륜,남,50세,경상
2023102700100243,2023년 10월 27일 12시,금요일,대전광역시 중구 산성동,경상사고,0,0,1,0,차량단독 - 기타,안전운전불이행,건조,맑음,단일로 - 기타,승합,남,54세,상해없음,,,,
2023102700100280,2023년 10월 27일 13시,금요일,대전광역시 유성구 봉명동,중상사고,0,1,1,0,차대차 - 기타,교차로운행방법위반,건조,맑음,교차로 - 교차로안,승용,여,51세,상해없음,승합,남,65세,상해없음
2023102700100305,2023년 10월 27일 14시,금요일,대전광역시 대덕구 신탄진동,경상사고,0,0,2,0,차대차 - 측면충돌,안전운전불이행,건조,맑음,교차로 - 교차로부근,이륜,남,64세,상해없음,승용,여,31세,경상
2023102700100306,2023년 10월 27일 14시,금요일,대전광역시 유성구 도룡동,경상사고,0,0,1,0,차대차 - 측면충돌,신호위반,건조,맑음,기타 - 기타,화물,남,59세,상해없음,화물,남,49세,경상
2023102700100387,2023년 10월 27일 16시,금요일,대전광역시 서구 월평동,경상사고,0,0,1,0,차대차 - 측면충돌,신호위반,건조,맑음,교차로 - 교차로안,승용,여,68세,기타불명,승용,여,29세,경상
2023102700100388,2023년 10월 27일 16시,금요일,대전광역시 유성구 봉명동,경상사고,0,0,1,0,차대사람 - 기타,안전운전불이행,건조,맑음,단일로 - 기타,자전거,남,56세,상해없음,보행자,여,29세,경상
2023102700100429,2023년 10월 27일 17시,금요일,대전광역시 중구 산성동,중상사고,0,1,1,0,차대차 - 측면충돌,안전거리미확보,건조,맑음,교차로 - 교차로안,승용,남,69세,상해없음,승합,남,55세,중상
2023102700100430,2023년 10월 27일 17시,금요일,대전광역시 동구 가양동,경상사고,0,0,1,0,차대사람 - 횡단중,보행자보호의무위반,건조,맑음,교차로 - 교차로횡단보도내,화물,남,63세,상해없음,보행자,남,54세,경상
2023102700100431,2023년 10월 27일 17시,금요일,대전광역시 동구 용운동,경상사고,0,0,1,0,차대사람 - 기타,안전운전불이행,건조,맑음,교차로 - 교차로안,승용,남,45세,상해없음,보행자,여,27세,경상
2023102700100432,2023년 10월 27일 17시,금요일,대전광역시 서구 둔산동,중상사고,0,1,0,0,차대사람 - 기타,안전운전불이행,건조,맑음,기타 - 기타,자전거,남,56세,상해없음,보행자,여,47세,중상
2023102700100497,2023년 10월 27일 18시,금요일,대전광역시 동구 성남동,경상사고,0,0,1,0,차대차 - 측면충돌,안전거리미확보,건조,맑음,단일로 - 기타,승합,남,54세,상해없음,승용,남,29세,경상
2023102700100498,2023년 10월 27일 18시,금요일,대전광역시 대덕구 오정동,중상사고,0,1,1,0,차대차 - 기타,불법유턴,건조,맑음,교차로 - 교차로안,자전거,남,61세,중상,승용,남,23세,경상
2023102700100499,2023년 10월 27일 18시,금요일,대전광역시 유성구 송강동,중상사고,0,1,0,0,차대차 - 측면충돌,신호위반,건조,맑음,교차로 - 교차로안,승용,여,50세,상해없음,승용,여,62세,중상
2023102700100552,2023년 10월 27일 19시,금요일,대전광역시 서구 변동,경상사고,0,0,1,0,차대차 - 기타,신호위반,건조,맑음,교차로 - 교차로부근,승용,남,66세,상해없음,승용,남,26세,경상
2023102700100553,2023년 10월 27일 19시,금요일,대전광역시 서구 괴정동,경상사고,0,0,1,0,차대차 - 기타,안전운전불이행,건조,맑음,교차로 - 교차로안,승용,여,44세,상해없음,승합,남,54세,상해없음
2023102700100554,2023년 10월 27일 19시,금요일,대전광역시 대덕구 중리동,부상신고사고,0,0,0,1,차대사람 - 기타,안전운전불이행,건조,맑음,교차로 - 교차로부근,승합,남,53세,상해없음,보행자,남,58세,부상신고
2023102700100555,2023년 10월 27일 19시,금요일,대전광역시 서구 둔산동,경상사고,0,0,1,0,차대차 - 기타,신호위반,건조,맑음,교차로 - 교차로안,이륜,남,25세,상해없음,이륜,남,58세,경상
2023102700100556,2023년 10월 27일 19시,금요일,대전광역시 유성구 원내동,경상사고,0,0,1,0,차대사람 - 횡단중,보행자보호의무위반,건조,맑음,교차로 - 교차로안,승용,남,71세,상해없음,보행자,여,43세,경상
2023102700100589,2023년 10월 27일 20시,금요일,대전광역시 서구 도마동,중상사고,0,1,1,0,차대차 - 측면충돌,교차로운행방법위반,건조,맑음,교차로 - 교차로안,승용,여,32세,상해없음,승용,남,66세,중상
2023102700100590,2023년 10월 27일 20시,금요일,대전광역시 서구 월평동,경상사고,0,0,1,0,차대차 - 기타,안전운전불이행,건조,맑음,교차로 - 교차로안,승합,남,56세,상해없음,승용,여,58세,상해없음
2023102700100591,2023년 10월 27일 20시,금요일,대전광역시 유성구 지족동,중상사고,0,2,0,0,차대차 - 기타,안전거리미확보,건조,맑음,기타 - 기타,승용,남,64세,상해없음,승용,남,35세,중상
2023102800100032,2023년 10월 28일 01시,토요일,대전광역시 동구 삼성동,경상사고,0,0,1,0,차량단독 - 기타,안전운전불이행,건조,맑음,교차로 - 교차로안,승용,남,67세,상해없음,,,,
2023102800100049,2023년 10월 28일 03시,토요일,대전광역시 동구 용전동,중상사고,0,1,0,0,차대차 - 추돌,안전운전불이행,건조,맑음,교차로 - 교차로부근,승용,여,46세,상해없음,승용,남,62세,중상
2023102800100050,2023년 10월 28일 03시,토요일,대전광역시 서구 갈마동,경상사고,0,0,1,0,차대차 - 기타,안전운전불이행,건조,맑음,교차로 - 교차로안,승용,남,60세,기타불명,승용,남,22세,경상
2023102800100120,2023년 10월 28일 08시,토요일,대전광역시 서구 복수동,경상사고,0,0,1,0,차대차 - 기타,안전거리미확보,건조,맑음,단일로 - 기타,승용,여,45세,상해없음,승용,여,45세,경상
2023102800100152,2023년 10월 28일 09시,토요일,대전광역시 유성구 장대동,부상신고사고,0,0,0,1,차대차 - 측면충돌,직진우회전진행방해,건조,맑음,교차로 - 교차로안,자전거,여,21세,기타불명,승용,남,34세,부상신고
2023102800100153,2023년 10월 28일 09시,토요일,대전광역시 유성구 장대동,경상사고,0,0,2,0,차대차 - 기타,안전거리미확보,건조,맑음,교차로 - 교차로안,승용,남,45세,상해없음,승용,남,42세,경상
2023102800100179,2023년 10월 28일 10시,토요일,대전광역시 서구 내동,경상사고,0,0,1,0,차대차 - 후진중충돌,안전운전불이행,건조,맑음,교차로 - 교차로안,승용,남,22세,상해없음,승용,여,27세,경상
2023102800100219,2023년 10월 28일 11시,토요일,대전광역시 유성구 원신흥동,중상사고,0,1,1,0,차대차 - 측면충돌,신호위반,건조,맑음,교차로 - 교차로안,승용,남,34세,상해없음,승합,남,62세,경상
2023102800100220,2023년 10월 28일 11시,토요일,대전광역시 유성구 계산동,중상사고,0,1,0,0,차대차 - 측면충돌,안전운전불이행,건조,맑음,교차로 - 교차로부근,승용,여,66세,상해없음,승용,남,35세,중상
2023102800100261,2023년 10월 28일 12시,토요일,대전광역시 동구 홍도동,경상사고,0,0,1,0,차대차 - 측면충돌,안전운전불이행,건조,맑음,교차로 - 교차로안,이륜,남,52세,상해없음,승용,남,46세,경상
2023102800100262,2023년 10월 28일 12시,토요일,대전광역시 서구 도마동,경상사고,0,0,2,0,차대차 - 측면충돌,안전운전불이행,건조,맑음,기타 - 기타,승합,여,59세,상해없음,승용,여,35세,경상
2023102800100263,2023년 10월 28일 12시,토요일,대전광역시 유성구 구암동,경상사고,0,0,1,0,차대차 - 기타,교차로운행방법위반,건조,맑음,교차로 - 교차로안,승용,여,52세,기타불명,승용,여,50세,경상
2023102800100347,2023년 10월 28일 14시,토요일,대전광역시 중구 선화동,경상사고,0,0,2,0,차대차 - 기타,안전운전불이행,건조,맑음,교차로 - 교차로부근,승용,남,57세,상해없음,승용,여,31세,경상
2023102800100348,2023년 10월 28일 14시,토요일,대전광역시 중구 대흥동,경상사고,0,0,2,0,차대차 - 기타,안전거리미확보,건조,맑음,단일로 - 기타,승용,남,37세,상해없음,승용,남,30세,경상
2023102800100349,2023년 10월 28일 14시,토요일,대전광역시 동구 효동,경상사고,0,0,1,0,차대차 - 후진중충돌,안전운전불이행,건조,맑음,교차로 - 교차로안,승용,남,59세,상해없음,이륜,남,32세,경상
2023102800100398,2023년 10월 28일 15시,토요일,대전광역시 동구 판암동,경상사고,0,0,1,0,차대차 - 측면충돌,교차로운행방법위반,건조,맑음,교차로 - 교차로안,승용,남,49세,상해없음,승용,여,49세,경상
2023102800100399,2023년 10월 28일 15시,토요일,대전광역시 서구 정림동,경상사고,0,0,3,0,차대차 - 측면충돌,안전거리미확보,건조,맑음,단일로 - 기타,승용,남,42세,기타불명,승용,남,51세,경상
2023102800100400,2023년 10월 28일 15시,토요일,대전광역시 유성구 갑동,경상사고,0,0,1,0,차대차 - 기타,안전운전불이행,건조,맑음,기타 - 기타,승용,남,64세,상해없음,승용,남,56세,경상
2023102800100438,2023년 10월 28일 16시,토요일,대전광역시 유성구 노은동,경상사고,0,0,2,0,차대차 - 측면충돌,직진우회전진행방해,건조,맑음,교차로 - 교차로안,승용,남,36세,상해없음,승용,여,36세,경상
2023102800100474,2023년 10월 28일 17시,토요일,대전광역시 서구 변동,경상사고,0,0,1,0,차대차 - 측면충돌,안전운전불이행,건조,맑음,단일로 - 기타,승용,남,43세,상해없음,자전거,남,73세,경상
2023102800100475,2023년 10월 28일 17시,토요일,대전광역시 서구 도안동,경상사고,0,0,3,0,차대차 - 측면충돌,안전운전불이행,젖음/습기,맑음,교차로 - 교차로안,이륜,여,24세,상해없음,승용,여,38세,경상
2023102800100476,2023년 10월 28일 17시,토요일,대전광역시 유성구 갑동,경상사고,0,0,2,0,차대차 - 측면충돌,신호위반,건조,흐림,교차로 - 교차로안,승용,여,63세,상해없음,승용,남,43세,경상
2023102800100536,2023년 10월 28일 18시,토요일,대전광역시 대덕구 신탄진동,경상사고,0,0,2,0,차대차 - 측면충돌,교차로운행방법위반,건조,맑음,교차로 - 교차로안,승용,여,24세,상해없음,승용,남,27세,경상
2023102800100537,2023년 10월 28일 18시,토요일,대전광역시 유성구 원신흥동,경상사고,0,0,1,0,차대차 - 기타,안전운전불이행,건조,맑음,교차로 - 교차로부근,승용,남,30세,상해없음,승용,남,43세,경상
2023102800100627,2023년 10월 28일 22시,토요일,대전광역시 서구 갈마동,경상사고,0,0,3,0,차대차 - 측면충돌,안전운전불이행,건조,맑음,교차로 - 교차로부근,승용,여,53세,기타불명,승용,여,52세,경상
2023102800100644,2023년 10월 28일 23시,토요일,대전광역시 서구 내동,경상사고,0,0,1,0,차대사람 - 횡단중,안전운전불이행,건조,맑음,교차로 - 교차로안,승용,남,29세,상해없음,보행자,여,16세,경상
2023102900100049,2023년 10월 29일 05시,일요일,대전광역시 서구 도안동,중상사고,0,1,1,0,차대차 - 측면충돌,신호위반,건조,맑음,교차로 - 교차로안,승용,여,67세,기타불명,승용,남,46세,중상
2023102900100151,2023년 10월 29일 11시,일요일,대전광역시 동구 가양동,중상사고,0,1,2,0,차대차 - 측면충돌,신호위반,건조,맑음,교차로 - 교차로안,이륜,남,20세,중상,승용,여,22세,경상
2023102900100219,2023년 10월 29일 13시,일요일,대전광역시 중구 용두동,경상사고,0,0,3,0,차대차 - 추돌,안전운전불이행,건조,맑음,단일로 - 기타,승용,남,49세,상해없음,승용,남,37세,경상
2023102900100220,2023년 10월 29일 13시,일요일,대전광역시 대덕구 오정동,경상사고,0,0,1,0,차대차 - 측면충돌,중앙선침범,건조,맑음,단일로 - 기타,승용,남,30세,상해없음,이륜,남,35세,경상
2023102900100264,2023년 10월 29일 14시,일요일,대전광역시 유성구 용계동,경상사고,0,0,2,0,차대차 - 추돌,안전거리미확보,건조,맑음,단일로 - 기타,이륜,남,39세,상해없음,승용,남,35세,경상
2023102900100298,2023년 10월 29일 15시,일요일,대전광역시 중구 중촌동,경상사고,0,0,1,0,차대차 - 기타,안전운전불이행,건조,맑음,단일로 - 기타,승용,여,44세,기타불명,승용,남,56세,경상
2023102900100342,2023년 10월 29일 16시,일요일,대전광역시 동구 용전동,중상사고,0,1,0,0,차대차 - 측면충돌,안전거리미확보,건조,맑음,교차로 - 교차로부근,승용,여,48세,상해없음,이륜,남,48세,중상
2023102900100343,2023년 10월 29일 16시,일요일,대전광역시 서구 월평동,경상사고,0,0,2,0,차대차 - 기타,안전운전불이행,건조,맑음,교차로 - 교차로부근,승용,남,28세,상해없음,승용,남,46세,경상
2023102900100412,2023년 10월 29일 18시,일요일,대전광역시 대덕구 비래동,경상사고,0,0,1,0,차대차 - 측면충돌,신호위반,건조,맑음,단일로 - 기타,승용,남,44세,상해없음,승용,남,65세,경상
2023102900100413,2023년 10월 29일 18시,일요일,대전광역시 서구 월평동,경상사고,0,0,2,2,차대차 - 기타,직진우회전진행방해,건조,맑음,교차로 - 교차로안,승용,남,32세,부상신고,승용,여,45세,경상
2023102900100465,2023년 10월 29일 20시,일요일,대전광역시 동구 성남동,경상사고,0,0,2,0,차대차 - 기타,안전운전불이행,건조,맑음,교차로 - 교차로안,승용,남,57세,상해없음,승용,여,23세,경상
2023102900100466,2023년 10월 29일 20시,일요일,대전광역시 서구 갈마동,경상사고,0,0,1,0,차대차 - 측면충돌,안전운전불이행,건조,맑음,교차로 - 교차로부근,기타불명,기타불명,미분류,기타불명,이륜,남,31세,경상
2023102900100484,2023년 10월 29일 21시,일요일,대전광역시 중구 대흥동,경상사고,0,0,2,0,차대차 - 후진중충돌,불법유턴,건조,맑음,단일로 - 기타,승용,남,66세,상해없음,승용,여,22세,경상
2023103000100066,2023년 10월 30일 07시,월요일,대전광역시 서구 갈마동,경상사고,0,0,1,0,차대차 - 측면충돌,안전운전불이행,건조,맑음,단일로 - 기타,승용,남,28세,상해없음,승용,남,70세,경상
2023103000100141,2023년 10월 30일 09시,월요일,대전광역시 서구 도안동,경상사고,0,0,1,0,차대차 - 기타,신호위반,건조,맑음,교차로 - 교차로안,이륜,남,30세,상해없음,승용,여,50세,경상
2023103000100142,2023년 10월 30일 09시,월요일,대전광역시 대덕구 석봉동,경상사고,0,0,1,0,차대차 - 측면충돌,교차로운행방법위반,건조,맑음,교차로 - 교차로안,승용,남,41세,상해없음,승용,여,35세,경상
2023103000100167,2023년 10월 30일 10시,월요일,대전광역시 동구 삼괴동,중상사고,0,1,0,0,차대차 - 추돌,안전운전불이행,건조,맑음,단일로 - 기타,화물,남,66세,상해없음,승용,남,78세,중상
2023103000100212,2023년 10월 30일 11시,월요일,대전광역시 유성구 신성동,경상사고,0,0,1,0,차대차 - 후진중충돌,안전운전불이행,건조,맑음,기타 - 기타,승용,남,55세,상해없음,이륜,남,29세,경상
2023103000100268,2023년 10월 30일 13시,월요일,대전광역시 서구 도마동,경상사고,0,0,1,0,차대차 - 측면충돌,안전운전불이행,건조,맑음,단일로 - 기타,승용,남,69세,상해없음,승용,남,48세,경상
2023103000100388,2023년 10월 30일 16시,월요일,대전광역시 서구 갈마동,경상사고,0,0,1,0,차대사람 - 기타,안전운전불이행,건조,맑음,기타 - 기타,승용,여,68세,상해없음,보행자,여,53세,경상
2023103000100389,2023년 10월 30일 16시,월요일,대전광역시 유성구 원신흥동,경상사고,0,0,1,0,차대차 - 측면충돌,안전운전불이행,건조,맑음,단일로 - 기타,승용,남,54세,상해없음,개인형이동수단(PM),남,27세,경상
2023103000100430,2023년 10월 30일 17시,월요일,대전광역시 서구 도마동,경상사고,0,0,1,0,차대차 - 기타,안전운전불이행,건조,맑음,기타 - 기타,건설기계,남,60세,상해없음,승용,여,63세,경상
2023103000100431,2023년 10월 30일 17시,월요일,대전광역시 서구 갈마동,경상사고,0,0,1,0,차대차 - 측면충돌,안전운전불이행,건조,맑음,단일로 - 기타,승용,여,35세,상해없음,이륜,남,53세,경상
2023103000100478,2023년 10월 30일 18시,월요일,대전광역시 중구 대흥동,중상사고,0,1,0,0,차대차 - 추돌,안전운전불이행,건조,맑음,기타 - 기타,승용,남,66세,상해없음,승용,남,58세,상해없음
2023103000100569,2023년 10월 30일 21시,월요일,대전광역시 서구 갈마동,경상사고,0,0,1,0,차대차 - 기타,안전운전불이행,건조,맑음,교차로 - 교차로안,승용,남,68세,상해없음,개인형이동수단(PM),여,24세,경상
2023103000100570,2023년 10월 30일 21시,월요일,대전광역시 서구 갈마동,경상사고,0,0,1,0,차대사람 - 횡단중,중앙선침범,건조,맑음,교차로 - 교차로횡단보도내,개인형이동수단(PM),남,38세,상해없음,보행자,여,52세,경상
2023103100100031,2023년 10월 31일 02시,화요일,대전광역시 대덕구 오정동,경상사고,0,0,1,0,차대차 - 측면충돌,신호위반,건조,맑음,교차로 - 교차로안,승용,여,40세,상해없음,승용,남,27세,경상
2023103100100036,2023년 10월 31일 03시,화요일,대전광역시 서구 도안동,경상사고,0,0,2,0,차대차 - 측면충돌,안전운전불이행,건조,맑음,교차로 - 교차로안,승용,남,40세,상해없음,승합,남,47세,경상
2023103100100051,2023년 10월 31일 05시,화요일,대전광역시 유성구 지족동,경상사고,0,0,1,0,차대차 - 기타,신호위반,건조,맑음,교차로 - 교차로안,승용,남,55세,상해없음,화물,남,54세,경상
2023103100100088,2023년 10월 31일 07시,화요일,대전광역시 서구 탄방동,경상사고,0,0,1,0,차대차 - 기타,교차로운행방법위반,건조,맑음,교차로 - 교차로안,승용,남,48세,상해없음,승용,남,35세,경상
2023103100100127,2023년 10월 31일 08시,화요일,대전광역시 중구 문화동,경상사고,0,0,1,0,차대사람 - 기타,신호위반,건조,맑음,단일로 - 기타,개인형이동수단(PM),남,18세,상해없음,보행자,남,16세,경상
2023103100100128,2023년 10월 31일 08시,화요일,대전광역시 중구 중촌동,경상사고,0,0,2,0,차대차 - 기타,안전거리미확보,건조,흐림,교차로 - 교차로부근,화물,여,61세,상해없음,승용,여,42세,경상
2023103100100129,2023년 10월 31일 08시,화요일,대전광역시 유성구 지족동,경상사고,0,0,4,0,차대차 - 기타,안전거리미확보,건조,맑음,단일로 - 기타,승용,남,59세,상해없음,승용,여,34세,경상
2023103100100169,2023년 10월 31일 09시,화요일,대전광역시 중구 선화동,경상사고,0,0,3,0,차대차 - 측면충돌,교차로운행방법위반,건조,맑음,교차로 - 교차로안,승용,남,71세,상해없음,승용,여,64세,경상
2023103100100170,2023년 10월 31일 09시,화요일,대전광역시 대덕구 법동,경상사고,0,0,1,0,차대차 - 기타,안전운전불이행,건조,맑음,기타 - 기타,승용,여,33세,기타불명,승용,남,61세,경상
2023103100100201,2023년 10월 31일 10시,화요일,대전광역시 서구 관저동,경상사고,0,0,1,0,차대사람 - 횡단중,안전운전불이행,건조,맑음,단일로 - 기타,승용,남,28세,상해없음,보행자,여,44세,경상
2023103100100202,2023년 10월 31일 10시,화요일,대전광역시 유성구 노은동,경상사고,0,0,2,0,차대차 - 추돌,안전운전불이행,건조,맑음,기타 - 기타,승용,남,63세,기타불명,승용,여,35세,경상
2023103100100233,2023년 10월 31일 11시,화요일,대전광역시 중구 선화동,경상사고,0,0,1,0,차대차 - 기타,교차로운행방법위반,건조,맑음,교차로 - 교차로안,승용,남,30세,상해없음,화물,남,27세,경상
2023103100100234,2023년 10월 31일 11시,화요일,대전광역시 유성구 장대동,경상사고,0,0,1,0,차대사람 - 기타,안전운전불이행,건조,맑음,기타 - 기타,승용,여,29세,상해없음,보행자,남,45세,경상
2023103100100268,2023년 10월 31일 12시,화요일,대전광역시 동구 가양동,중상사고,0,1,3,0,차대차 - 측면충돌,신호위반,건조,맑음,교차로 - 교차로안,이륜,남,38세,중상,승용,여,26세,경상
2023103100100299,2023년 10월 31일 13시,화요일,대전광역시 중구 중촌동,경상사고,0,0,1,0,차량단독 - 기타,안전운전불이행,건조,맑음,교차로 - 교차로부근,승합,남,51세,기타불명,,,,
2023103100100300,2023년 10월 31일 13시,화요일,대전광역시 동구 가양동,경상사고,0,0,2,0,차대차 - 측면충돌,교차로운행방법위반,건조,맑음,교차로 - 교차로안,승용,남,45세,상해없음,승용,남,69세,경상
2023103100100340,2023년 10월 31일 14시,화요일,대전광역시 중구 대흥동,경상사고,0,0,1,0,차대차 - 측면충돌,안전거리미확보,건조,맑음,교차로 - 교차로안,화물,남,61세,상해없음,승합,남,52세,경상
2023103100100341,2023년 10월 31일 14시,화요일,대전광역시 유성구 관평동,중상사고,0,1,0,0,차대차 - 정면충돌,중앙선침범,건조,맑음,단일로 - 기타,승용,여,69세,상해없음,이륜,남,42세,중상
2023103100100379,2023년 10월 31일 15시,화요일,대전광역시 중구 오류동,경상사고,0,0,2,0,차대차 - 기타,안전운전불이행,건조,맑음,교차로 - 교차로부근,승용,여,50세,상해없음,승용,남,28세,경상
2023103100100404,2023년 10월 31일 16시,화요일,대전광역시 동구 가양동,중상사고,0,1,2,0,차대차 - 기타,안전거리미확보,건조,맑음,교차로 - 교차로부근,승용,여,50세,중상,승용,남,43세,경상
2023103100100405,2023년 10월 31일 16시,화요일,대전광역시 서구 용문동,경상사고,0,0,1,0,차대차 - 기타,안전운전불이행,건조,맑음,교차로 - 교차로횡단보도내,승용,여,32세,상해없음,자전거,여,77세,경상
2023103100100406,2023년 10월 31일 16시,화요일,대전광역시 서구 내동,경상사고,0,0,1,0,차대차 - 기타,안전운전불이행,건조,맑음,교차로 - 교차로부근,승용,남,60세,기타불명,승용,남,42세,경상
2023103100100407,2023년 10월 31일 16시,화요일,대전광역시 대덕구 송촌동,중상사고,0,1,0,0,차대차 - 기타,안전운전불이행,건조,맑음,교차로 - 교차로안,승용,여,63세,상해없음,이륜,남,18세,중상
2023103100100535,2023년 10월 31일 18시,화요일,대전광역시 서구 복수동,중상사고,0,1,0,0,차대차 - 기타,신호위반,건조,맑음,교차로 - 교차로안,승용,남,51세,상해없음,승용,남,41세,중상
2023103100100536,2023년 10월 31일 18시,화요일,대전광역시 대덕구 목상동,경상사고,0,0,1,0,차대사람 - 차도통행중,안전운전불이행,건조,맑음,단일로 - 기타,승용,여,55세,상해없음,보행자,여,53세,경상
2023103100100537,2023년 10월 31일 18시,화요일,대전광역시 서구 탄방동,경상사고,0,0,1,0,차대차 - 기타,안전운전불이행,건조,맑음,교차로 - 교차로부근,승용,남,55세,상해없음,승용,여,42세,경상
2023103100100576,2023년 10월 31일 19시,화요일,대전광역시 서구 도안동,경상사고,0,0,1,0,차대차 - 기타,직진우회전진행방해,건조,맑음,교차로 - 교차로안,승용,남,22세,상해없음,원동기,남,39세,경상
2023110100100035,2023년 11월 1일 05시,수요일,대전광역시 서구 변동,중상사고,0,1,0,0,차대차 - 추돌,안전운전불이행,건조,기타,교차로 - 교차로안,승용,남,26세,상해없음,화물,남,36세,중상
2023110100100059,2023년 11월 1일 06시,수요일,대전광역시 서구 월평동,경상사고,0,0,1,0,차대차 - 기타,안전운전불이행,건조,맑음,교차로 - 교차로안,승용,남,55세,상해없음,승용,남,67세,경상
2023110100100087,2023년 11월 1일 07시,수요일,대전광역시 중구 목동,중상사고,0,1,2,0,차대차 - 기타,안전운전불이행,건조,맑음,단일로 - 기타,승용,남,35세,상해없음,승합,남,35세,경상
2023110100100088,2023년 11월 1일 07시,수요일,대전광역시 서구 내동,경상사고,0,0,1,0,차대사람 - 보도통행중,보행자보호의무위반,건조,맑음,교차로 - 교차로횡단보도내,승용,여,61세,상해없음,보행자,남,63세,경상