사고번호,사고일시,요일,시군구,사고내용,사망자수,중상자수,경상자수,부상신고자수,사고유형,법규위반,노면상태,기상상태,도로형태,가해운전자 차종,가해운전자 성별,가해운전자 연령,가해운전자 상해정도,피해운전자 차종,피해운전자 성별,피해운전자 연령,피해운전자 상해정도
2023110600100044,2023년 11월 6일 05시,월요일,대전광역시 동구 중동,경상사고,0,0,1,0,차대사람 - 기타,안전운전불이행,건조,맑음,단일로 - 기타,승용,남,70세,상해없음,보행자,남,59세,경상
2023110600100045,2023년 11월 6일 05시,월요일,대전광역시 서구 둔산동,중상사고,0,1,0,0,차대사람 - 횡단중,보행자보호의무위반,젖음/습기,비,교차로 - 교차로횡단보도내,승용,남,30세,상해없음,보행자,여,56세,중상
2023110600100066,2023년 11월 6일 06시,월요일,대전광역시 동구 삼성동,중상사고,0,1,0,0,차대차 - 측면충돌,안전운전불이행,젖음/습기,비,교차로 - 교차로안,승합,남,47세,상해없음,승용,여,64세,중상
2023110600100101,2023년 11월 6일 07시,월요일,대전광역시 중구 태평동,경상사고,0,0,1,0,차대차 - 기타,교차로운행방법위반,젖음/습기,비,교차로 - 교차로안,승용,남,24세,상해없음,승용,남,61세,경상
2023110600100156,2023년 11월 6일 08시,월요일,대전광역시 동구 정동,중상사고,0,1,0,0,차대사람 - 횡단중,신호위반,젖음/습기,비,단일로 - 기타,승용,남,28세,상해없음,보행자,남,17세,중상
2023110600100157,2023년 11월 6일 08시,월요일,대전광역시 서구 월평동,경상사고,0,0,2,0,차대차 - 기타,안전운전불이행,건조,맑음,단일로 - 기타,승용,여,56세,기타불명,승용,남,33세,경상
2023110600100158,2023년 11월 6일 08시,월요일,대전광역시 유성구 장대동,경상사고,0,0,1,0,차대차 - 기타,안전운전불이행,젖음/습기,비,단일로 - 기타,승용,남,23세,상해없음,승용,여,51세,경상
2023110600100159,2023년 11월 6일 08시,월요일,대전광역시 유성구 방동,경상사고,0,0,1,0,차대차 - 추돌,안전거리미확보,젖음/습기,비,기타 - 기타,화물,남,56세,상해없음,승용,여,39세,경상
2023110600100195,2023년 11월 6일 09시,월요일,대전광역시 유성구 구암동,경상사고,0,0,1,0,차대차 - 기타,안전거리미확보,건조,맑음,교차로 - 교차로부근,승용,남,61세,상해없음,승용,여,55세,경상
2023110600100196,2023년 11월 6일 09시,월요일,대전광역시 유성구 용계동,경상사고,0,0,2,0,차대차 - 기타,안전운전불이행,기타,흐림,단일로 - 기타,기타불명,기타불명,미분류,기타불명,승용,여,41세,상해없음
2023110600100303,2023년 11월 6일 13시,월요일,대전광역시 동구 용전동,경상사고,0,0,1,0,차대차 - 기타,신호위반,건조,맑음,교차로 - 교차로부근,개인형이동수단(PM),남,40세,경상,화물,남,61세,상해없음
2023110600100339,2023년 11월 6일 14시,월요일,대전광역시 중구 문화동,경상사고,0,0,2,1,차대차 - 기타,직진우회전진행방해,건조,맑음,교차로 - 교차로안,승용,남,44세,부상신고,승용,여,35세,경상
2023110600100340,2023년 11월 6일 14시,월요일,대전광역시 동구 성남동,경상사고,0,0,1,0,차대차 - 후진중충돌,안전운전불이행,건조,맑음,교차로 - 교차로안,승용,여,62세,상해없음,승용,남,68세,경상
2023110600100363,2023년 11월 6일 15시,월요일,대전광역시 서구 내동,경상사고,0,0,2,0,차대차 - 측면충돌,안전운전불이행,건조,맑음,단일로 - 기타,승용,남,75세,경상,승합,남,63세,경상
2023110600100364,2023년 11월 6일 15시,월요일,대전광역시 서구 탄방동,중상사고,0,1,0,0,차대사람 - 횡단중,보행자보호의무위반,기타,맑음,교차로 - 교차로횡단보도내,승용,남,60세,상해없음,보행자,여,28세,중상
2023110600100403,2023년 11월 6일 16시,월요일,대전광역시 유성구 봉명동,중상사고,0,1,0,0,차대사람 - 기타,보행자보호의무위반,기타,맑음,기타 - 기타,승용,남,47세,상해없음,보행자,여,66세,중상
2023110600100512,2023년 11월 6일 18시,월요일,대전광역시 동구 용운동,경상사고,0,0,1,0,차대차 - 정면충돌,안전운전불이행,건조,맑음,교차로 - 교차로안,승용,여,62세,기타불명,이륜,남,31세,경상
2023110600100513,2023년 11월 6일 18시,월요일,대전광역시 서구 관저동,경상사고,0,0,1,0,차대차 - 측면충돌,중앙선침범,건조,맑음,단일로 - 기타,승용,남,42세,상해없음,승용,남,38세,경상
2023110600100514,2023년 11월 6일 18시,월요일,대전광역시 서구 갈마동,경상사고,0,0,4,0,차대차 - 기타,안전거리미확보,건조,맑음,단일로 - 기타,승용,여,27세,상해없음,승용,남,41세,경상
2023110600100515,2023년 11월 6일 18시,월요일,대전광역시 유성구 봉명동,부상신고사고,0,0,0,1,차대사람 - 횡단중,보행자보호의무위반,건조,맑음,교차로 - 교차로안,기타불명,기타불명,미분류,기타불명,보행자,남,31세,부상신고
2023110600100564,2023년 11월 6일 19시,월요일,대전광역시 중구 산성동,중상사고,0,1,2,0,차대차 - 기타,안전운전불이행,건조,맑음,단일로 - 기타,승용,남,60세,상해없음,원동기,남,55세,중상
2023110600100565,2023년 11월 6일 19시,월요일,대전광역시 서구 변동,경상사고,0,0,1,0,차대차 - 추돌,안전운전불이행,건조,맑음,교차로 - 교차로안,승용,남,25세,상해없음,이륜,남,63세,경상
2023110600100595,2023년 11월 6일 20시,월요일,대전광역시 서구 관저동,경상사고,0,0,1,0,차대사람 - 기타,기타,건조,맑음,단일로 - 기타,개인형이동수단(PM),남,17세,상해없음,보행자,남,64세,경상
2023110600100623,2023년 11월 6일 21시,월요일,대전광역시 동구 신흥동,경상사고,0,0,1,0,차대차 - 측면충돌,안전운전불이행,건조,맑음,단일로 - 기타,승용,남,51세,상해없음,승용,남,36세,경상
2023110600100624,2023년 11월 6일 21시,월요일,대전광역시 동구 용전동,경상사고,0,0,1,0,차대차 - 측면충돌,안전운전불이행,건조,맑음,교차로 - 교차로안,승용,여,63세,상해없음,승용,남,58세,경상
2023110600100625,2023년 11월 6일 21시,월요일,대전광역시 서구 괴정동,경상사고,0,0,1,0,차대사람 - 기타,안전운전불이행,건조,맑음,기타 - 기타,자전거,여,49세,상해없음,보행자,여,71세,경상
2023110700100016,2023년 11월 7일 01시,화요일,대전광역시 서구 월평동,경상사고,0,0,1,0,차대차 - 기타,안전운전불이행,건조,맑음,교차로 - 교차로부근,승용,남,59세,상해없음,승용,여,35세,경상
2023110700100056,2023년 11월 7일 06시,화요일,대전광역시 중구 유천동,중상사고,0,2,1,0,차대차 - 기타,신호위반,건조,맑음,교차로 - 교차로안,승용,남,67세,상해없음,승합,남,63세,경상
2023110700100076,2023년 11월 7일 07시,화요일,대전광역시 대덕구 덕암동,경상사고,0,0,1,0,차대차 - 기타,교차로운행방법위반,건조,맑음,기타 - 기타,화물,남,47세,상해없음,승합,남,58세,상해없음
2023110700100077,2023년 11월 7일 07시,화요일,대전광역시 유성구 장대동,경상사고,0,0,3,0,차대차 - 기타,안전운전불이행,건조,맑음,단일로 - 기타,화물,남,59세,경상,승용,남,31세,경상
2023110700100131,2023년 11월 7일 08시,화요일,대전광역시 서구 만년동,경상사고,0,0,1,0,차대차 - 기타,안전운전불이행,건조,맑음,단일로 - 교량,특수,남,58세,기타불명,승용,남,31세,기타불명
2023110700100132,2023년 11월 7일 08시,화요일,대전광역시 유성구 복용동,경상사고,0,0,1,0,차대차 - 정면충돌,안전운전불이행,건조,맑음,단일로 - 기타,이륜,남,70세,기타불명,승용,여,63세,경상
2023110700100133,2023년 11월 7일 08시,화요일,대전광역시 유성구 지족동,경상사고,0,0,1,0,차대차 - 기타,안전운전불이행,건조,맑음,교차로 - 교차로부근,승용,남,49세,상해없음,승용,여,32세,경상
2023110700100168,2023년 11월 7일 09시,화요일,대전광역시 중구 오류동,경상사고,0,0,1,0,차대차 - 기타,안전운전불이행,건조,맑음,단일로 - 기타,승용,여,34세,상해없음,자전거,남,82세,경상
2023110700100169,2023년 11월 7일 09시,화요일,대전광역시 동구 낭월동,경상사고,0,0,2,0,차대차 - 추돌,안전운전불이행,건조,맑음,단일로 - 기타,승용,여,38세,경상,화물,남,54세,기타불명
2023110700100170,2023년 11월 7일 09시,화요일,대전광역시 동구 용전동,경상사고,0,0,2,0,차대차 - 기타,안전운전불이행,건조,맑음,단일로 - 기타,승용,남,61세,상해없음,승용,남,46세,경상
2023110700100171,2023년 11월 7일 09시,화요일,대전광역시 유성구 노은동,경상사고,0,0,1,0,차대차 - 측면충돌,안전운전불이행,건조,맑음,단일로 - 기타,승용,남,80세,상해없음,승용,남,39세,경상
2023110700100211,2023년 11월 7일 10시,화요일,대전광역시 대덕구 목상동,경상사고,0,0,2,0,차대차 - 정면충돌,신호위반,건조,맑음,교차로 - 교차로안,승용,남,84세,경상,화물,남,57세,상해없음
2023110700100212,2023년 11월 7일 10시,화요일,대전광역시 유성구 궁동,경상사고,0,0,1,0,차대차 - 측면충돌,안전거리미확보,건조,맑음,교차로 - 교차로부근,승용,남,87세,기타불명,화물,남,48세,경상
2023110700100213,2023년 11월 7일 10시,화요일,대전광역시 유성구 원내동,경상사고,0,0,2,0,차대차 - 측면충돌,안전운전불이행,건조,맑음,단일로 - 기타,승용,여,63세,기타불명,승용,여,38세,경상
2023110700100255,2023년 11월 7일 11시,화요일,대전광역시 동구 용운동,경상사고,0,0,5,0,차대차 - 기타,신호위반,건조,맑음,교차로 - 교차로안,승용,여,69세,경상,이륜,남,24세,경상
2023110700100256,2023년 11월 7일 11시,화요일,대전광역시 서구 월평동,경상사고,0,0,1,0,차대차 - 기타,안전운전불이행,건조,맑음,교차로 - 교차로부근,승용,여,44세,상해없음,이륜,남,35세,경상
2023110700100257,2023년 11월 7일 11시,화요일,대전광역시 유성구 봉명동,경상사고,0,0,2,0,차대차 - 측면충돌,신호위반,건조,맑음,교차로 - 교차로안,승용,남,68세,상해없음,승합,남,42세,경상
2023110700100295,2023년 11월 7일 12시,화요일,대전광역시 중구 선화동,경상사고,0,0,1,0,차대차 - 기타,안전운전불이행,건조,맑음,교차로 - 교차로안,화물,남,49세,상해없음,자전거,남,40세,경상
2023110700100296,2023년 11월 7일 12시,화요일,대전광역시 동구 가오동,경상사고,0,0,1,0,차대차 - 정면충돌,안전운전불이행,건조,맑음,교차로 - 교차로안,승용,여,64세,상해없음,이륜,남,51세,경상
2023110700100328,2023년 11월 7일 13시,화요일,대전광역시 동구 가오동,경상사고,0,0,1,0,차대차 - 측면충돌,안전거리미확보,건조,맑음,교차로 - 교차로부근,건설기계,남,58세,상해없음,승용,남,59세,경상
2023110700100329,2023년 11월 7일 13시,화요일,대전광역시 유성구 노은동,중상사고,0,1,1,0,차대차 - 기타,안전운전불이행,건조,맑음,기타 - 기타,승용,남,33세,상해없음,승용,여,41세,경상
2023110700100449,2023년 11월 7일 16시,화요일,대전광역시 동구 판암동,경상사고,0,0,2,0,차대차 - 측면충돌,안전운전불이행,건조,맑음,단일로 - 기타,승용,여,60세,상해없음,승용,남,54세,경상
2023110700100450,2023년 11월 7일 16시,화요일,대전광역시 서구 도마동,경상사고,0,0,1,0,차대차 - 기타,신호위반,건조,맑음,단일로 - 기타,승용,남,49세,상해없음,자전거,남,68세,경상
2023110700100451,2023년 11월 7일 16시,화요일,대전광역시 서구 둔산동,중상사고,0,1,0,0,차대차 - 기타,안전운전불이행,건조,맑음,기타 - 기타,승용,남,61세,상해없음,자전거,남,77세,중상
2023110700100452,2023년 11월 7일 16시,화요일,대전광역시 서구 만년동,경상사고,0,0,1,0,차대차 - 기타,안전운전불이행,건조,맑음,주차장 - 주차장,승용,남,65세,상해없음,승용,여,64세,경상
2023110700100453,2023년 11월 7일 16시,화요일,대전광역시 유성구 방동,중상사고,0,1,4,0,차대차 - 추돌,안전운전불이행,건조,맑음,단일로 - 교량,승용,여,45세,기타불명,승용,남,73세,경상
2023110700100506,2023년 11월 7일 17시,화요일,대전광역시 동구 판암동,경상사고,0,0,1,0,차대사람 - 기타,안전운전불이행,건조,맑음,기타 - 기타,승용,여,73세,상해없음,보행자,남,54세,경상
2023110700100507,2023년 11월 7일 17시,화요일,대전광역시 서구 도마동,중상사고,0,1,0,0,차대차 - 측면충돌,안전거리미확보,건조,맑음,단일로 - 기타,승용,여,61세,상해없음,승용,여,62세,중상
2023110700100568,2023년 11월 7일 18시,화요일,대전광역시 동구 용운동,중상사고,0,1,1,0,차대차 - 측면충돌,안전운전불이행,건조,맑음,교차로 - 교차로부근,개인형이동수단(PM),남,22세,상해없음,승용,남,23세,중상
2023110700100569,2023년 11월 7일 18시,화요일,대전광역시 대덕구 오정동,경상사고,0,0,3,1,차대차 - 측면충돌,안전거리미확보,건조,맑음,단일로 - 기타,화물,남,57세,상해없음,승용,여,27세,경상
2023110700100570,2023년 11월 7일 18시,화요일,대전광역시 유성구 구성동,경상사고,0,0,1,0,차대차 - 측면충돌,안전거리미확보,건조,맑음,단일로 - 기타,승용,여,31세,상해없음,승용,여,55세,경상
2023110700100611,2023년 11월 7일 19시,화요일,대전광역시 유성구 대정동,경상사고,0,0,1,0,차대차 - 기타,안전운전불이행,건조,맑음,단일로 - 기타,화물,남,49세,상해없음,승용,여,36세,경상
2023110700100650,2023년 11월 7일 21시,화요일,대전광역시 대덕구 법동,경상사고,0,0,1,0,차대차 - 추돌,안전운전불이행,건조,맑음,단일로 - 기타,승용,여,60세,상해없음,기타불명,남,54세,경상
2023110800100014,2023년 11월 8일 04시,수요일,대전광역시 서구 정림동,경상사고,0,0,1,0,차량단독 - 주/정차차량 충돌,안전운전불이행,건조,맑음,단일로 - 기타,승용,여,62세,경상,,,,
2023110800100026,2023년 11월 8일 05시,수요일,대전광역시 서구 둔산동,사망사고,1,0,0,0,차대사람 - 기타,안전운전불이행,건조,맑음,단일로 - 기타,승용,남,41세,상해없음,보행자,여,91세,사망
2023110800100037,2023년 11월 8일 06시,수요일,대전광역시 대덕구 비래동,경상사고,0,0,6,0,차대차 - 측면충돌,안전거리미확보,건조,맑음,단일로 - 기타,승용,남,45세,경상,승합,남,29세,경상
2023110800100041,2023년 11월 8일 06시,수요일,대전광역시 서구 괴정동,경상사고,0,0,1,0,차대사람 - 보도통행중,보행자보호의무위반,건조,맑음,교차로 - 교차로횡단보도내,승용,남,43세,상해없음,보행자,여,39세,경상
2023110800100042,2023년 11월 8일 06시,수요일,대전광역시 유성구 봉산동,경상사고,0,0,1,0,차대차 - 기타,안전운전불이행,건조,맑음,기타 - 기타,이륜,남,55세,상해없음,자전거,남,51세,경상
2023110800100075,2023년 11월 8일 07시,수요일,대전광역시 동구 판암동,경상사고,0,0,2,0,차대차 - 측면충돌,안전운전불이행,건조,맑음,교차로 - 교차로안,승용,여,52세,경상,승용,남,34세,경상
2023110800100262,2023년 11월 8일 12시,수요일,대전광역시 서구 도마동,경상사고,0,0,1,0,차대사람 - 보도통행중,안전운전불이행,건조,맑음,단일로 - 기타,승용,여,63세,상해없음,보행자,남,25세,경상
2023110800100263,2023년 11월 8일 12시,수요일,대전광역시 유성구 궁동,경상사고,0,0,1,0,차대사람 - 횡단중,안전운전불이행,건조,맑음,기타 - 기타,승용,남,74세,기타불명,보행자,여,29세,경상
2023110800100341,2023년 11월 8일 14시,수요일,대전광역시 동구 구도동,경상사고,0,0,1,0,차대차 - 추돌,안전운전불이행,건조,맑음,교차로 - 교차로부근,화물,남,61세,상해없음,승용,여,42세,경상
2023110800100377,2023년 11월 8일 15시,수요일,대전광역시 유성구 구암동,경상사고,0,0,1,0,차대차 - 기타,안전운전불이행,건조,맑음,교차로 - 교차로부근,승용,남,55세,상해없음,승합,남,64세,경상
2023110800100473,2023년 11월 8일 17시,수요일,대전광역시 중구 문화동,경상사고,0,0,1,0,차대차 - 측면충돌,안전운전불이행,건조,맑음,교차로 - 교차로안,승용,남,49세,상해없음,승용,남,47세,경상
2023110800100474,2023년 11월 8일 17시,수요일,대전광역시 유성구 봉명동,경상사고,0,0,2,0,차대차 - 기타,안전운전불이행,건조,맑음,교차로 - 교차로횡단보도내,승용,남,29세,기타불명,승용,여,48세,경상
2023110800100532,2023년 11월 8일 18시,수요일,대전광역시 중구 안영동,경상사고,0,0,1,0,차대차 - 기타,안전운전불이행,건조,맑음,단일로 - 기타,승용,남,68세,상해없음,화물,남,57세,경상
2023110800100533,2023년 11월 8일 18시,수요일,대전광역시 중구 태평동,중상사고,0,1,0,0,차대사람 - 기타,안전운전불이행,건조,맑음,단일로 - 기타,승합,남,54세,상해없음,보행자,여,71세,중상
2023110800100534,2023년 11월 8일 18시,수요일,대전광역시 서구 둔산동,경상사고,0,0,1,0,차대차 - 기타,안전운전불이행,건조,맑음,교차로 - 교차로부근,승용,여,39세,상해없음,승용,여,52세,경상
2023110800100573,2023년 11월 8일 19시,수요일,대전광역시 서구 만년동,경상사고,0,0,1,0,차대차 - 측면충돌,안전운전불이행,건조,맑음,교차로 - 교차로안,승용,남,45세,상해없음,이륜,남,28세,경상
2023110800100601,2023년 11월 8일 20시,수요일,대전광역시 서구 갈마동,경상사고,0,0,1,0,차대차 - 기타,직진우회전진행방해,건조,맑음,단일로 - 기타,승용,남,60세,상해없음,승용,남,33세,경상
2023110800100622,2023년 11월 8일 21시,수요일,대전광역시 유성구 갑동,경상사고,0,0,2,0,차대차 - 추돌,안전운전불이행,건조,맑음,단일로 - 기타,승용,남,50세,경상,승용,남,31세,경상
2023110800100649,2023년 11월 8일 23시,수요일,대전광역시 유성구 궁동,경상사고,0,0,1,0,차대차 - 측면충돌,안전거리미확보,건조,맑음,단일로 - 기타,승용,남,57세,기타불명,승용,남,30세,경상
2023110900100015,2023년 11월 9일 00시,목요일,대전광역시 유성구 노은동,경상사고,0,0,1,0,차대차 - 기타,안전운전불이행,건조,맑음,교차로 - 교차로부근,승용,남,36세,상해없음,이륜,남,45세,경상
2023110900100026,2023년 11월 9일 03시,목요일,대전광역시 서구 갈마동,경상사고,0,0,1,0,차대차 - 기타,안전운전불이행,건조,맑음,단일로 - 기타,이륜,남,33세,기타불명,승용,남,73세,경상
2023110900100030,2023년 11월 9일 04시,목요일,대전광역시 대덕구 대화동,부상신고사고,0,0,0,1,차량단독 - 기타,안전운전불이행,건조,맑음,단일로 - 기타,승용,남,33세,부상신고,,,,
2023110900100057,2023년 11월 9일 06시,목요일,대전광역시 서구 만년동,경상사고,0,0,2,0,차대차 - 정면충돌,신호위반,건조,맑음,교차로 - 교차로안,화물,남,52세,상해없음,승용,남,68세,경상
2023110900100078,2023년 11월 9일 07시,목요일,대전광역시 유성구 원신흥동,경상사고,0,0,1,0,차대차 - 추돌,안전운전불이행,건조,맑음,단일로 - 기타,승용,남,39세,기타불명,화물,남,61세,경상
2023110900100122,2023년 11월 9일 08시,목요일,대전광역시 유성구 전민동,경상사고,0,0,1,0,차대차 - 기타,안전운전불이행,건조,맑음,기타 - 기타,승용,남,29세,상해없음,자전거,남,41세,경상
2023110900100155,2023년 11월 9일 09시,목요일,대전광역시 대덕구 신탄진동,중상사고,0,1,1,0,차대차 - 기타,신호위반,건조,맑음,교차로 - 교차로안,승용,남,50세,상해없음,승용,여,53세,중상
2023110900100156,2023년 11월 9일 09시,목요일,대전광역시 서구 둔산동,중상사고,0,1,0,0,차대차 - 측면충돌,신호위반,건조,맑음,교차로 - 교차로횡단보도내,승합,남,55세,상해없음,자전거,여,62세,중상
2023110900100157,2023년 11월 9일 09시,목요일,대전광역시 서구 갈마동,경상사고,0,0,1,0,차대차 - 기타,신호위반,건조,맑음,단일로 - 기타,승합,남,35세,기타불명,승용,여,25세,경상
2023110900100189,2023년 11월 9일 10시,목요일,대전광역시 서구 괴정동,경상사고,0,0,2,0,차대차 - 기타,안전거리미확보,건조,맑음,교차로 - 교차로횡단보도내,승용,여,60세,상해없음,승용,남,67세,경상
2023110900100190,2023년 11월 9일 10시,목요일,대전광역시 대덕구 대화동,경상사고,0,0,1,0,차대차 - 기타,안전운전불이행,건조,맑음,단일로 - 교량,승용,남,68세,상해없음,건설기계,남,45세,경상
2023110900100220,2023년 11월 9일 11시,목요일,대전광역시 동구 성남동,경상사고,0,0,1,0,차대차 - 기타,안전운전불이행,건조,맑음,교차로 - 교차로안,화물,남,70세,상해없음,승용,여,49세,경상
2023110900100282,2023년 11월 9일 13시,목요일,대전광역시 유성구 장대동,경상사고,0,0,1,0,차대차 - 측면충돌,안전거리미확보,건조,맑음,단일로 - 기타,승용,남,40세,상해없음,승용,여,29세,경상
2023110900100306,2023년 11월 9일 14시,목요일,대전광역시 중구 선화동,경상사고,0,0,1,0,차대차 - 기타,신호위반,건조,맑음,단일로 - 기타,승용,남,38세,상해없음,승용,남,38세,경상
2023110900100377,2023년 11월 9일 16시,목요일,대전광역시 중구 오류동,경상사고,0,0,1,0,차대차 - 기타,안전운전불이행,건조,맑음,교차로 - 교차로안,승용,여,57세,상해없음,자전거,남,77세,경상
2023110900100378,2023년 11월 9일 16시,목요일,대전광역시 동구 정동,경상사고,0,0,3,0,차대차 - 추돌,안전운전불이행,건조,맑음,단일로 - 기타,승용,남,76세,상해없음,승용,남,64세,경상
2023110900100379,2023년 11월 9일 16시,목요일,대전광역시 대덕구 오정동,경상사고,0,0,1,0,차대차 - 기타,직진우회전진행방해,건조,맑음,교차로 - 교차로안,화물,남,57세,상해없음,원동기,남,49세,경상
2023110900100422,2023년 11월 9일 17시,목요일,대전광역시 동구 낭월동,중상사고,0,1,0,0,차대차 - 측면충돌,차로위반,건조,맑음,교차로 - 교차로부근,승용,여,60세,상해없음,승합,남,54세,중상
2023110900100423,2023년 11월 9일 17시,목요일,대전광역시 동구 구도동,경상사고,0,0,1,0,차대차 - 후진중충돌,안전운전불이행,건조,맑음,단일로 - 기타,승용,남,51세,상해없음,승용,남,51세,경상
2023110900100424,2023년 11월 9일 17시,목요일,대전광역시 서구 용문동,경상사고,0,0,1,0,차대차 - 기타,신호위반,건조,맑음,교차로 - 교차로안,승합,남,33세,상해없음,승용,남,28세,경상
2023110900100425,2023년 11월 9일 17시,목요일,대전광역시 서구 월평동,경상사고,0,0,1,0,차대차 - 기타,안전운전불이행,건조,맑음,교차로 - 교차로부근,승용,남,63세,상해없음,승용,여,26세,경상
2023110900100530,2023년 11월 9일 19시,목요일,대전광역시 동구 낭월동,경상사고,0,0,1,0,차대차 - 측면충돌,안전운전불이행,건조,맑음,교차로 - 교차로안,승용,여,67세,상해없음,승용,남,41세,경상
2023110900100531,2023년 11월 9일 19시,목요일,대전광역시 서구 관저동,경상사고,0,0,1,0,차대차 - 측면충돌,안전운전불이행,건조,맑음,교차로 - 교차로안,이륜,남,57세,상해없음,승용,여,23세,경상
2023110900100532,2023년 11월 9일 19시,목요일,대전광역시 대덕구 신탄진동,부상신고사고,0,0,0,1,차대차 - 추돌,안전거리미확보,건조,맑음,교차로 - 교차로부근,이륜,남,48세,상해없음,이륜,남,22세,부상신고
2023110900100533,2023년 11월 9일 19시,목요일,대전광역시 서구 둔산동,경상사고,0,0,1,0,차대사람 - 기타,안전운전불이행,건조,맑음,단일로 - 기타,승용,여,26세,상해없음,보행자,여,23세,경상
2023110900100534,2023년 11월 9일 19시,목요일,대전광역시 서구 월평동,경상사고,0,0,1,0,차대차 - 추돌,안전운전불이행,건조,맑음,교차로 - 교차로부근,승용,남,29세,상해없음,승용,여,28세,경상
2023110900100535,2023년 11월 9일 19시,목요일,대전광역시 유성구 원내동,경상사고,0,0,4,0,차대차 - 기타,안전거리미확보,젖음/습기,비,기타 - 기타,이륜,남,50세,상해없음,승용,여,37세,경상
2023110900100584,2023년 11월 9일 21시,목요일,대전광역시 대덕구 법동,경상사고,0,0,2,0,차대차 - 측면충돌,교차로운행방법위반,젖음/습기,맑음,교차로 - 교차로안,승용,남,55세,상해없음,승용,남,54세,경상
2023110900100605,2023년 11월 9일 22시,목요일,대전광역시 중구 선화동,경상사고,0,0,1,0,차대차 - 기타,신호위반,젖음/습기,비,교차로 - 교차로안,승용,남,43세,상해없음,승용,남,25세,경상
2023110900100606,2023년 11월 9일 22시,목요일,대전광역시 중구 용두동,경상사고,0,0,2,0,차대차 - 추돌,안전운전불이행,젖음/습기,비,교차로 - 교차로부근,승용,남,52세,상해없음,승용,남,24세,경상
2023110900100607,2023년 11월 9일 22시,목요일,대전광역시 동구 삼성동,중상사고,0,1,0,0,차대차 - 측면충돌,불법유턴,젖음/습기,비,단일로 - 기타,자전거,남,60세,중상,승용,여,39세,상해없음
2023110900100608,2023년 11월 9일 22시,목요일,대전광역시 서구 월평동,경상사고,0,0,1,0,차대사람 - 횡단중,보행자보호의무위반,젖음/습기,비,교차로 - 교차로횡단보도내,승용,남,62세,상해없음,보행자,남,29세,경상
2023110900100609,2023년 11월 9일 22시,목요일,대전광역시 유성구 죽동,경상사고,0,0,2,0,차대차 - 추돌,안전운전불이행,젖음/습기,비,교차로 - 교차로부근,승용,여,28세,상해없음,승용,여,44세,경상
2023110900100620,2023년 11월 9일 23시,목요일,대전광역시 서구 용문동,경상사고,0,0,1,0,차대차 - 추돌,안전거리미확보,젖음/습기,비,교차로 - 교차로부근,승용,여,33세,상해없음,승용,여,54세,경상
2023110900100621,2023년 11월 9일 23시,목요일,대전광역시 서구 탄방동,중상사고,0,1,0,0,차대차 - 추돌,안전운전불이행,젖음/습기,비,교차로 - 교차로부근,승용,남,28세,상해없음,이륜,남,22세,중상
2023110900100622,2023년 11월 9일 23시,목요일,대전광역시 유성구 탑립동,경상사고,0,0,1,0,차대차 - 측면충돌,안전운전불이행,젖음/습기,비,교차로 - 교차로안,승용,남,30세,상해없음,승용,남,30세,경상
2023111000100010,2023년 11월 10일 00시,금요일,대전광역시 유성구 탑립동,경상사고,0,0,2,0,차대차 - 기타,안전운전불이행,젖음/습기,흐림,교차로 - 교차로안,승용,남,34세,상해없음,승용,남,59세,경상
2023111000100023,2023년 11월 10일 02시,금요일,대전광역시 유성구 복용동,부상신고사고,0,0,0,1,차량단독 - 공작물충돌,안전운전불이행,젖음/습기,비,교차로 - 교차로부근,승용,남,42세,부상신고,,,,
2023111000100083,2023년 11월 10일 07시,금요일,대전광역시 서구 월평동,경상사고,0,0,3,0,차대차 - 후진중충돌,안전운전불이행,건조,맑음,단일로 - 기타,승용,남,29세,상해없음,승용,남,27세,경상
2023111000100121,2023년 11월 10일 08시,금요일,대전광역시 중구 문화동,사망사고,1,0,0,0,차대사람 - 기타,안전운전불이행,건조,맑음,단일로 - 기타,승용,남,76세,상해없음,보행자,여,85세,사망
2023111000100150,2023년 11월 10일 09시,금요일,대전광역시 중구 문화동,중상사고,0,1,0,0,차대차 - 기타,안전운전불이행,건조,맑음,단일로 - 기타,개인형이동수단(PM),남,73세,중상,승용,남,49세,상해없음
2023111000100212,2023년 11월 10일 11시,금요일,대전광역시 서구 도안동,중상사고,0,1,0,0,차대차 - 기타,안전운전불이행,건조,맑음,단일로 - 기타,승용,남,20세,상해없음,이륜,남,26세,중상
2023111000100243,2023년 11월 10일 12시,금요일,대전광역시 유성구 반석동,경상사고,0,0,3,0,차대차 - 추돌,안전거리미확보,건조,맑음,단일로 - 기타,승용,여,71세,상해없음,승용,남,58세,경상
2023111000100282,2023년 11월 10일 13시,금요일,대전광역시 동구 대동,경상사고,0,0,1,0,차대차 - 측면충돌,신호위반,건조,맑음,교차로 - 교차로횡단보도내,승용,남,57세,상해없음,자전거,남,80세,경상
2023111000100283,2023년 11월 10일 13시,금요일,대전광역시 서구 관저동,경상사고,0,0,3,0,차대차 - 측면충돌,안전운전불이행,건조,맑음,기타 - 기타,승용,남,79세,상해없음,승용,남,26세,경상