사고번호,사고일시,요일,시군구,사고내용,사망자수,중상자수,경상자수,부상신고자수,사고유형,법규위반,노면상태,기상상태,도로형태,가해운전자 차종,가해운전자 성별,가해운전자 연령,가해운전자 상해정도,피해운전자 차종,피해운전자 성별,피해운전자 연령,피해운전자 상해정도
2023111900100319,2023년 11월 19일 17시,일요일,대전광역시 중구 산성동,경상사고,0,0,1,0,차대차 - 측면충돌,안전운전불이행,건조,맑음,기타 - 기타,승용,남,56세,상해없음,이륜,남,43세,경상
2023111900100320,2023년 11월 19일 17시,일요일,대전광역시 동구 가양동,경상사고,0,0,1,0,차대사람 - 기타,안전운전불이행,건조,맑음,교차로 - 교차로부근,승합,여,61세,상해없음,보행자,여,67세,경상
2023111900100321,2023년 11월 19일 17시,일요일,대전광역시 서구 월평동,경상사고,0,0,4,0,차대차 - 기타,안전운전불이행,건조,맑음,기타 - 기타,승용,여,58세,상해없음,승용,여,42세,경상
2023111900100397,2023년 11월 19일 19시,일요일,대전광역시 서구 가수원동,경상사고,0,0,1,0,차대사람 - 횡단중,안전운전불이행,건조,맑음,교차로 - 교차로부근,승용,여,59세,상해없음,보행자,남,66세,경상
2023111900100417,2023년 11월 19일 20시,일요일,대전광역시 유성구 화암동,경상사고,0,0,4,2,차대차 - 측면충돌,안전운전불이행,건조,맑음,기타 - 기타,승용,남,71세,상해없음,승용,남,39세,경상
2023111900100418,2023년 11월 19일 20시,일요일,대전광역시 유성구 방동,경상사고,0,0,1,0,차대차 - 추돌,안전거리미확보,건조,맑음,단일로 - 기타,화물,남,76세,상해없음,승용,남,46세,경상
2023112000100023,2023년 11월 20일 05시,월요일,대전광역시 서구 탄방동,경상사고,0,0,3,0,차대차 - 기타,안전운전불이행,건조,맑음,교차로 - 교차로부근,화물,남,46세,상해없음,승용,남,76세,경상
2023112000100036,2023년 11월 20일 06시,월요일,대전광역시 동구 인동,중상사고,0,1,0,0,차대사람 - 차도통행중,안전운전불이행,건조,맑음,단일로 - 기타,승용,남,38세,상해없음,보행자,여,68세,중상
2023112000100067,2023년 11월 20일 07시,월요일,대전광역시 서구 월평동,경상사고,0,0,1,0,차대차 - 기타,안전운전불이행,건조,맑음,교차로 - 교차로횡단보도내,화물,남,60세,상해없음,자전거,여,80세,경상
2023112000100132,2023년 11월 20일 08시,월요일,대전광역시 동구 가양동,경상사고,0,0,3,0,차대차 - 정면충돌,안전운전불이행,건조,맑음,교차로 - 교차로안,승용,여,63세,경상,승용,남,73세,경상
2023112000100133,2023년 11월 20일 08시,월요일,대전광역시 서구 괴정동,중상사고,0,1,0,0,차대사람 - 길가장자리구역통행중,안전운전불이행,건조,맑음,기타 - 기타,승용,여,60세,상해없음,보행자,남,27세,중상
2023112000100134,2023년 11월 20일 08시,월요일,대전광역시 서구 탄방동,경상사고,0,0,1,0,차대사람 - 기타,안전운전불이행,건조,맑음,단일로 - 기타,화물,남,73세,상해없음,보행자,남,27세,경상
2023112000100135,2023년 11월 20일 08시,월요일,대전광역시 유성구 죽동,중상사고,0,1,0,0,차대차 - 기타,안전거리미확보,건조,맑음,단일로 - 기타,승용,여,42세,상해없음,이륜,남,54세,중상
2023112000100175,2023년 11월 20일 09시,월요일,대전광역시 서구 가장동,중상사고,0,1,0,0,차대사람 - 횡단중,신호위반,건조,맑음,교차로 - 교차로부근,승용,남,65세,상해없음,보행자,여,76세,중상
2023112000100213,2023년 11월 20일 10시,월요일,대전광역시 대덕구 오정동,경상사고,0,0,1,0,차대사람 - 차도통행중,안전운전불이행,건조,맑음,단일로 - 기타,화물,여,33세,상해없음,보행자,남,80세,경상
2023112000100214,2023년 11월 20일 10시,월요일,대전광역시 서구 둔산동,경상사고,0,0,2,0,차대차 - 기타,안전운전불이행,건조,맑음,교차로 - 교차로안,승용,남,65세,기타불명,승용,여,63세,경상
2023112000100261,2023년 11월 20일 11시,월요일,대전광역시 동구 용전동,경상사고,0,0,3,0,차대차 - 추돌,안전운전불이행,건조,맑음,교차로 - 교차로부근,화물,남,64세,상해없음,승용,여,26세,경상
2023112000100262,2023년 11월 20일 11시,월요일,대전광역시 동구 가오동,경상사고,0,0,1,0,차대차 - 측면충돌,신호위반,건조,맑음,교차로 - 교차로부근,화물,남,74세,상해없음,승합,남,51세,경상
2023112000100304,2023년 11월 20일 12시,월요일,대전광역시 동구 중동,경상사고,0,0,1,0,차대차 - 측면충돌,안전운전불이행,건조,맑음,단일로 - 기타,승용,여,67세,상해없음,승합,남,31세,경상
2023112000100338,2023년 11월 20일 13시,월요일,대전광역시 중구 선화동,경상사고,0,0,1,0,차대차 - 기타,신호위반,건조,맑음,교차로 - 교차로안,화물,남,72세,상해없음,승용,남,50세,경상
2023112000100339,2023년 11월 20일 13시,월요일,대전광역시 중구 오류동,중상사고,0,1,0,0,차대사람 - 횡단중,신호위반,건조,맑음,교차로 - 교차로횡단보도내,화물,남,65세,상해없음,보행자,남,23세,중상
2023112000100340,2023년 11월 20일 13시,월요일,대전광역시 동구 용전동,경상사고,0,0,1,0,차대차 - 측면충돌,안전운전불이행,건조,맑음,교차로 - 교차로안,승용,남,64세,상해없음,승합,남,44세,경상
2023112000100381,2023년 11월 20일 14시,월요일,대전광역시 중구 대사동,경상사고,0,0,3,0,차대차 - 측면충돌,안전운전불이행,건조,맑음,단일로 - 기타,승용,여,40세,상해없음,승용,남,65세,경상
2023112000100382,2023년 11월 20일 14시,월요일,대전광역시 서구 괴정동,중상사고,0,1,0,0,차대차 - 기타,안전거리미확보,건조,맑음,단일로 - 기타,승용,남,26세,상해없음,이륜,남,63세,중상
2023112000100383,2023년 11월 20일 14시,월요일,대전광역시 서구 둔산동,경상사고,0,0,2,1,차대차 - 기타,중앙선침범,건조,맑음,교차로 - 교차로부근,승용,남,34세,경상,승용,남,71세,경상
2023112000100468,2023년 11월 20일 16시,월요일,대전광역시 동구 마산동,경상사고,0,0,2,0,차대차 - 측면충돌,안전운전불이행,건조,맑음,교차로 - 교차로안,화물,남,54세,상해없음,승용,남,48세,경상
2023112000100469,2023년 11월 20일 16시,월요일,대전광역시 서구 갈마동,경상사고,0,0,1,0,차대차 - 측면충돌,신호위반,건조,맑음,단일로 - 기타,건설기계,남,61세,상해없음,승용,여,39세,경상
2023112000100554,2023년 11월 20일 18시,월요일,대전광역시 유성구 관평동,경상사고,0,0,1,0,차대차 - 측면충돌,안전거리미확보,건조,맑음,단일로 - 기타,승용,여,59세,기타불명,승용,남,64세,상해없음
2023112000100588,2023년 11월 20일 19시,월요일,대전광역시 서구 관저동,경상사고,0,0,1,0,차대사람 - 차도통행중,안전운전불이행,건조,맑음,단일로 - 기타,이륜,남,55세,상해없음,보행자,여,19세,경상
2023112000100614,2023년 11월 20일 20시,월요일,대전광역시 유성구 전민동,경상사고,0,0,1,0,차대차 - 추돌,안전운전불이행,건조,맑음,단일로 - 기타,승용,남,31세,상해없음,승용,여,39세,경상
2023112000100645,2023년 11월 20일 21시,월요일,대전광역시 서구 둔산동,중상사고,0,1,0,0,차량단독 - 기타,안전운전불이행,건조,맑음,단일로 - 기타,승합,남,42세,상해없음,,,,
2023112000100665,2023년 11월 20일 22시,월요일,대전광역시 서구 월평동,경상사고,0,0,2,0,차대차 - 기타,신호위반,건조,맑음,교차로 - 교차로안,승용,여,25세,기타불명,승용,여,55세,경상
2023112000100676,2023년 11월 20일 23시,월요일,대전광역시 대덕구 법동,경상사고,0,0,1,0,차대차 - 추돌,안전운전불이행,건조,맑음,교차로 - 교차로부근,승용,남,44세,상해없음,승용,여,30세,경상
2023112100100064,2023년 11월 21일 06시,화요일,대전광역시 서구 도마동,경상사고,0,0,1,0,차대차 - 추돌,안전거리미확보,건조,맑음,교차로 - 교차로안,화물,남,69세,상해없음,화물,남,58세,경상
2023112100100065,2023년 11월 21일 06시,화요일,대전광역시 유성구 지족동,중상사고,0,1,0,0,차대사람 - 횡단중,보행자보호의무위반,서리/결빙,기타,교차로 - 교차로횡단보도내,승용,여,46세,상해없음,보행자,여,52세,중상
2023112100100144,2023년 11월 21일 08시,화요일,대전광역시 대덕구 신일동,부상신고사고,0,0,0,1,차대차 - 측면충돌,안전운전불이행,건조,맑음,단일로 - 기타,승용,남,58세,상해없음,자전거,여,68세,부상신고
2023112100100145,2023년 11월 21일 08시,화요일,대전광역시 유성구 전민동,경상사고,0,0,1,0,차대차 - 측면충돌,중앙선침범,건조,맑음,단일로 - 기타,승용,여,60세,상해없음,승용,남,20세,경상
2023112100100216,2023년 11월 21일 10시,화요일,대전광역시 유성구 방현동,경상사고,0,0,5,0,차대차 - 추돌,안전운전불이행,건조,맑음,교차로 - 교차로부근,승합,남,48세,상해없음,승용,남,42세,경상
2023112100100250,2023년 11월 21일 11시,화요일,대전광역시 서구 둔산동,경상사고,0,0,1,0,차대사람 - 횡단중,보행자보호의무위반,건조,맑음,교차로 - 교차로횡단보도내,화물,남,57세,상해없음,보행자,남,38세,경상
2023112100100320,2023년 11월 21일 13시,화요일,대전광역시 중구 선화동,경상사고,0,0,1,0,차대차 - 기타,신호위반,건조,맑음,교차로 - 교차로안,승용,여,80세,상해없음,승용,여,40세,경상
2023112100100362,2023년 11월 21일 14시,화요일,대전광역시 중구 목동,경상사고,0,0,1,0,차대차 - 기타,안전운전불이행,건조,맑음,단일로 - 기타,자전거,남,64세,경상,승용,남,65세,상해없음
2023112100100363,2023년 11월 21일 14시,화요일,대전광역시 중구 대흥동,경상사고,0,0,1,0,차대차 - 추돌,안전운전불이행,건조,맑음,교차로 - 교차로안,승용,남,25세,경상,화물,남,65세,상해없음
2023112100100364,2023년 11월 21일 14시,화요일,대전광역시 서구 관저동,경상사고,0,0,1,0,차대차 - 기타,안전운전불이행,건조,맑음,단일로 - 기타,화물,남,57세,상해없음,이륜,남,22세,경상
2023112100100402,2023년 11월 21일 15시,화요일,대전광역시 유성구 노은동,경상사고,0,0,1,0,차대차 - 기타,안전운전불이행,건조,맑음,기타 - 기타,승합,남,51세,기타불명,자전거,남,18세,경상
2023112100100447,2023년 11월 21일 16시,화요일,대전광역시 동구 가양동,경상사고,0,0,1,0,차대차 - 기타,안전거리미확보,건조,맑음,단일로 - 기타,승합,남,64세,상해없음,승합,남,35세,경상
2023112100100448,2023년 11월 21일 16시,화요일,대전광역시 동구 삼성동,중상사고,0,1,1,0,차량단독 - 기타,안전운전불이행,건조,맑음,단일로 - 기타,승합,남,37세,상해없음,,,,
2023112100100570,2023년 11월 21일 18시,화요일,대전광역시 중구 옥계동,경상사고,0,0,1,0,차대차 - 기타,안전운전불이행,젖음/습기,맑음,단일로 - 기타,승용,여,68세,상해없음,승합,남,52세,경상
2023112100100639,2023년 11월 21일 20시,화요일,대전광역시 동구 용전동,중상사고,0,1,0,0,차대차 - 후진중충돌,안전운전불이행,건조,맑음,교차로 - 교차로안,승용,남,27세,상해없음,승용,여,58세,중상
2023112100100640,2023년 11월 21일 20시,화요일,대전광역시 유성구 도룡동,경상사고,0,0,1,0,차대차 - 측면충돌,신호위반,건조,맑음,교차로 - 교차로안,승용,남,26세,상해없음,승용,남,49세,경상
2023112100100685,2023년 11월 21일 23시,화요일,대전광역시 중구 대사동,경상사고,0,0,3,0,차대차 - 기타,교차로운행방법위반,건조,맑음,교차로 - 교차로안,승합,남,58세,상해없음,승용,남,57세,경상
2023112200100012,2023년 11월 22일 00시,수요일,대전광역시 중구 태평동,경상사고,0,0,1,0,차대차 - 측면충돌,안전운전불이행,건조,맑음,교차로 - 교차로안,승용,남,25세,기타불명,승용,남,66세,경상
2023112200100013,2023년 11월 22일 00시,수요일,대전광역시 유성구 관평동,중상사고,0,1,1,1,차대차 - 측면충돌,신호위반,건조,맑음,교차로 - 교차로안,승용,여,53세,중상,승용,남,58세,경상
2023112200100028,2023년 11월 22일 04시,수요일,대전광역시 중구 안영동,중상사고,0,2,0,0,차대차 - 추돌,안전운전불이행,건조,맑음,단일로 - 기타,승용,남,48세,중상,화물,남,48세,상해없음
2023112200100065,2023년 11월 22일 06시,수요일,대전광역시 중구 산성동,중상사고,0,1,0,0,차대사람 - 기타,보행자보호의무위반,건조,맑음,미분류 - 미분류,이륜,남,55세,상해없음,보행자,남,68세,중상
2023112200100066,2023년 11월 22일 06시,수요일,대전광역시 중구 선화동,경상사고,0,0,1,0,차대사람 - 기타,안전운전불이행,건조,맑음,단일로 - 기타,승용,남,64세,상해없음,보행자,남,59세,경상
2023112200100136,2023년 11월 22일 08시,수요일,대전광역시 동구 가양동,경상사고,0,0,1,0,차대차 - 측면충돌,안전운전불이행,건조,맑음,교차로 - 교차로부근,화물,남,65세,상해없음,승용,여,67세,경상
2023112200100137,2023년 11월 22일 08시,수요일,대전광역시 유성구 도룡동,경상사고,0,0,1,1,차대차 - 기타,안전운전불이행,건조,맑음,기타 - 기타,승용,남,44세,기타불명,승용,여,37세,경상
2023112200100180,2023년 11월 22일 09시,수요일,대전광역시 서구 괴정동,경상사고,0,0,1,0,차대차 - 기타,안전운전불이행,건조,맑음,단일로 - 기타,승용,남,30세,상해없음,승용,여,42세,경상
2023112200100181,2023년 11월 22일 09시,수요일,대전광역시 유성구 장동,경상사고,0,0,3,0,차대차 - 기타,신호위반,건조,맑음,교차로 - 교차로안,승용,여,33세,상해없음,승용,남,52세,경상
2023112200100247,2023년 11월 22일 11시,수요일,대전광역시 중구 태평동,경상사고,0,0,1,0,차대차 - 추돌,안전거리미확보,건조,맑음,교차로 - 교차로부근,승용,남,49세,상해없음,승용,여,70세,경상
2023112200100248,2023년 11월 22일 11시,수요일,대전광역시 동구 가오동,경상사고,0,0,3,0,차대차 - 기타,직진우회전진행방해,건조,맑음,교차로 - 교차로안,승용,남,45세,상해없음,승용,여,71세,경상
2023112200100249,2023년 11월 22일 11시,수요일,대전광역시 서구 둔산동,경상사고,0,0,1,0,차대차 - 기타,신호위반,건조,맑음,교차로 - 교차로부근,이륜,남,41세,상해없음,개인형이동수단(PM),남,16세,경상
2023112200100320,2023년 11월 22일 13시,수요일,대전광역시 동구 판암동,경상사고,0,0,1,0,차대차 - 측면충돌,안전운전불이행,건조,맑음,교차로 - 교차로부근,화물,남,55세,상해없음,승용,남,68세,경상
2023112200100321,2023년 11월 22일 13시,수요일,대전광역시 서구 관저동,중상사고,0,2,1,0,차대차 - 측면충돌,안전운전불이행,건조,맑음,교차로 - 교차로안,승용,남,60세,상해없음,승용,남,39세,중상
2023112200100349,2023년 11월 22일 14시,수요일,대전광역시 서구 괴정동,중상사고,0,1,0,0,차대사람 - 보도통행중,안전운전불이행,건조,맑음,교차로 - 교차로부근,승용,남,60세,기타불명,보행자,여,73세,중상
2023112200100350,2023년 11월 22일 14시,수요일,대전광역시 대덕구 비래동,중상사고,0,1,0,0,차대사람 - 차도통행중,안전운전불이행,건조,맑음,교차로 - 교차로부근,건설기계,남,54세,상해없음,보행자,여,80세,중상
2023112200100388,2023년 11월 22일 15시,수요일,대전광역시 서구 관저동,중상사고,0,1,0,0,차대사람 - 횡단중,보행자보호의무위반,건조,맑음,교차로 - 교차로횡단보도내,승용,여,55세,상해없음,보행자,여,63세,중상
2023112200100389,2023년 11월 22일 15시,수요일,대전광역시 유성구 노은동,경상사고,0,0,1,0,차대차 - 기타,안전운전불이행,건조,맑음,교차로 - 교차로부근,승용,남,34세,상해없음,자전거,남,10세,경상
2023112200100453,2023년 11월 22일 17시,수요일,대전광역시 서구 둔산동,경상사고,0,0,1,0,차대차 - 측면충돌,신호위반,건조,맑음,교차로 - 교차로안,승용,남,54세,상해없음,원동기,남,28세,경상
2023112200100454,2023년 11월 22일 17시,수요일,대전광역시 유성구 복용동,경상사고,0,0,1,0,차대사람 - 횡단중,안전운전불이행,건조,맑음,교차로 - 교차로안,승용,남,28세,상해없음,보행자,남,63세,경상
2023112200100519,2023년 11월 22일 18시,수요일,대전광역시 중구 유천동,경상사고,0,0,1,0,차대차 - 기타,안전운전불이행,건조,맑음,단일로 - 기타,화물,남,51세,상해없음,승용,남,42세,경상
2023112200100520,2023년 11월 22일 18시,수요일,대전광역시 서구 둔산동,경상사고,0,0,1,0,차대사람 - 기타,안전운전불이행,건조,맑음,기타 - 기타,승용,남,57세,상해없음,보행자,남,59세,경상
2023112200100636,2023년 11월 22일 23시,수요일,대전광역시 서구 도안동,경상사고,0,0,1,0,차대차 - 기타,신호위반,건조,맑음,교차로 - 교차로안,승용,남,47세,상해없음,승용,남,40세,경상
2023112300100080,2023년 11월 23일 07시,목요일,대전광역시 유성구 노은동,경상사고,0,0,1,0,차대차 - 측면충돌,신호위반,건조,맑음,교차로 - 교차로안,승용,남,32세,기타불명,승용,남,26세,경상
2023112300100121,2023년 11월 23일 08시,목요일,대전광역시 대덕구 중리동,경상사고,0,0,1,0,차대차 - 측면충돌,안전거리미확보,건조,맑음,교차로 - 교차로안,화물,남,67세,기타불명,승용,남,32세,경상
2023112300100122,2023년 11월 23일 08시,목요일,대전광역시 서구 갈마동,경상사고,0,0,1,0,차대차 - 기타,안전운전불이행,건조,맑음,단일로 - 기타,승용,남,29세,상해없음,승용,남,62세,상해없음
2023112300100157,2023년 11월 23일 09시,목요일,대전광역시 서구 월평동,경상사고,0,0,2,0,차대차 - 측면충돌,신호위반,건조,맑음,교차로 - 교차로안,승용,여,25세,상해없음,승합,남,45세,경상
2023112300100185,2023년 11월 23일 10시,목요일,대전광역시 유성구 원내동,경상사고,0,0,2,0,차대차 - 기타,안전운전불이행,건조,맑음,단일로 - 기타,승용,여,50세,상해없음,승용,여,38세,경상
2023112300100210,2023년 11월 23일 11시,목요일,대전광역시 중구 중촌동,중상사고,0,1,0,0,차대사람 - 기타,안전운전불이행,건조,맑음,교차로 - 교차로안,승용,남,44세,상해없음,보행자,남,72세,중상
2023112300100274,2023년 11월 23일 13시,목요일,대전광역시 서구 변동,경상사고,0,0,1,0,차대차 - 측면충돌,신호위반,건조,맑음,교차로 - 교차로횡단보도내,이륜,여,58세,상해없음,자전거,여,57세,경상
2023112300100275,2023년 11월 23일 13시,목요일,대전광역시 유성구 관평동,경상사고,0,0,1,0,차대차 - 측면충돌,안전거리미확보,건조,맑음,단일로 - 기타,화물,남,60세,기타불명,승용,여,59세,경상
2023112300100303,2023년 11월 23일 14시,목요일,대전광역시 서구 둔산동,경상사고,0,0,1,0,차대사람 - 차도통행중,보행자보호의무위반,건조,맑음,단일로 - 기타,개인형이동수단(PM),남,22세,상해없음,보행자,여,66세,경상
2023112300100331,2023년 11월 23일 15시,목요일,대전광역시 동구 효동,경상사고,0,0,2,0,차대차 - 기타,신호위반,건조,맑음,교차로 - 교차로안,승용,남,26세,상해없음,승용,남,73세,경상
2023112300100332,2023년 11월 23일 15시,목요일,대전광역시 유성구 관평동,경상사고,0,0,1,0,차대차 - 기타,안전운전불이행,건조,맑음,교차로 - 교차로안,승용,남,29세,상해없음,이륜,남,31세,경상
2023112300100372,2023년 11월 23일 16시,목요일,대전광역시 서구 갈마동,경상사고,0,0,1,0,차대차 - 기타,안전운전불이행,건조,맑음,교차로 - 교차로횡단보도내,승합,남,68세,상해없음,자전거,여,33세,경상
2023112300100417,2023년 11월 23일 17시,목요일,대전광역시 중구 부사동,경상사고,0,0,2,0,차대차 - 기타,안전운전불이행,건조,맑음,교차로 - 교차로안,이륜,남,52세,상해없음,승용,남,53세,경상
2023112300100475,2023년 11월 23일 18시,목요일,대전광역시 중구 태평동,경상사고,0,0,1,0,차대차 - 기타,안전운전불이행,건조,맑음,교차로 - 교차로안,승용,여,29세,상해없음,승용,남,49세,경상
2023112300100476,2023년 11월 23일 18시,목요일,대전광역시 대덕구 읍내동,경상사고,0,0,1,0,차대차 - 추돌,안전운전불이행,건조,맑음,단일로 - 기타,승용,여,52세,상해없음,승용,여,45세,경상
2023112300100477,2023년 11월 23일 18시,목요일,대전광역시 서구 갈마동,경상사고,0,0,1,0,차대차 - 기타,안전운전불이행,건조,맑음,단일로 - 기타,승용,여,62세,상해없음,승용,여,49세,경상
2023112300100478,2023년 11월 23일 18시,목요일,대전광역시 유성구 용산동,경상사고,0,0,1,0,차대차 - 측면충돌,안전운전불이행,건조,맑음,교차로 - 교차로부근,승용,남,61세,기타불명,승용,여,44세,경상
2023112300100514,2023년 11월 23일 19시,목요일,대전광역시 중구 은행동,경상사고,0,0,1,2,차대차 - 기타,안전거리미확보,건조,맑음,단일로 - 기타,승용,남,55세,상해없음,화물,남,63세,경상
2023112300100515,2023년 11월 23일 19시,목요일,대전광역시 동구 구도동,경상사고,0,0,6,0,차대차 - 측면충돌,신호위반,건조,맑음,단일로 - 기타,승용,남,61세,상해없음,승용,남,40세,경상
2023112300100516,2023년 11월 23일 19시,목요일,대전광역시 대덕구 중리동,경상사고,0,0,1,0,차대차 - 기타,안전거리미확보,건조,맑음,단일로 - 기타,승합,남,58세,상해없음,승용,여,36세,경상
2023112300100546,2023년 11월 23일 20시,목요일,대전광역시 대덕구 읍내동,경상사고,0,0,1,0,차대차 - 추돌,안전운전불이행,건조,맑음,단일로 - 교량,승용,남,25세,상해없음,승용,남,63세,경상
2023112300100547,2023년 11월 23일 20시,목요일,대전광역시 서구 둔산동,경상사고,0,0,1,0,차대차 - 기타,신호위반,건조,맑음,교차로 - 교차로안,승용,남,81세,기타불명,이륜,남,34세,경상
2023112300100548,2023년 11월 23일 20시,목요일,대전광역시 유성구 도룡동,경상사고,0,0,1,0,차대차 - 추돌,안전운전불이행,건조,맑음,단일로 - 기타,원동기,남,35세,상해없음,승용,남,62세,경상
2023112300100549,2023년 11월 23일 20시,목요일,대전광역시 서구 내동,중상사고,0,1,1,0,차대차 - 측면충돌,안전거리미확보,건조,맑음,단일로 - 기타,승용,여,26세,상해없음,승합,남,65세,중상
2023112300100575,2023년 11월 23일 21시,목요일,대전광역시 대덕구 중리동,경상사고,0,0,1,0,차대차 - 측면충돌,안전운전불이행,건조,맑음,교차로 - 교차로횡단보도내,승용,남,31세,상해없음,자전거,여,29세,경상
2023112300100576,2023년 11월 23일 21시,목요일,대전광역시 서구 둔산동,경상사고,0,0,1,0,차대차 - 기타,신호위반,건조,맑음,교차로 - 교차로안,이륜,남,29세,기타불명,승용,남,26세,경상
2023112300100577,2023년 11월 23일 21시,목요일,대전광역시 유성구 지족동,중상사고,0,1,1,0,차대차 - 기타,중앙선침범,건조,맑음,기타 - 기타,승용,여,48세,상해없음,승용,여,49세,중상
2023112400100062,2023년 11월 24일 06시,금요일,대전광역시 중구 유천동,중상사고,0,1,0,0,차대차 - 기타,안전운전불이행,건조,맑음,기타 - 기타,승용,남,40세,상해없음,자전거,여,67세,중상
2023112400100125,2023년 11월 24일 08시,금요일,대전광역시 서구 내동,중상사고,0,1,0,0,차대차 - 기타,안전운전불이행,건조,맑음,기타 - 기타,승용,여,50세,상해없음,승용,남,46세,중상
2023112400100192,2023년 11월 24일 10시,금요일,대전광역시 대덕구 비래동,경상사고,0,0,1,0,차대차 - 측면충돌,안전운전불이행,건조,맑음,단일로 - 기타,승용,여,50세,상해없음,승용,남,75세,경상
2023112400100228,2023년 11월 24일 11시,금요일,대전광역시 동구 용전동,경상사고,0,0,1,0,차대차 - 후진중충돌,안전운전불이행,건조,맑음,교차로 - 교차로안,승용,여,65세,상해없음,이륜,남,42세,경상
2023112400100350,2023년 11월 24일 14시,금요일,대전광역시 중구 대사동,중상사고,0,1,0,0,차대사람 - 횡단중,보행자보호의무위반,건조,맑음,교차로 - 교차로횡단보도내,화물,남,65세,상해없음,보행자,여,68세,중상
2023112400100392,2023년 11월 24일 15시,금요일,대전광역시 동구 용전동,경상사고,0,0,2,0,차대차 - 측면충돌,안전거리미확보,건조,맑음,단일로 - 기타,승용,여,33세,상해없음,승용,여,70세,경상
2023112400100433,2023년 11월 24일 16시,금요일,대전광역시 대덕구 비래동,경상사고,0,0,1,0,차대사람 - 기타,안전운전불이행,건조,맑음,기타 - 기타,승용,남,68세,상해없음,보행자,남,46세,경상
2023112400100482,2023년 11월 24일 17시,금요일,대전광역시 유성구 도룡동,경상사고,0,0,1,0,차대차 - 후진중충돌,안전운전불이행,건조,맑음,교차로 - 교차로부근,승용,남,64세,상해없음,승용,여,66세,경상
2023112400100559,2023년 11월 24일 18시,금요일,대전광역시 유성구 원신흥동,중상사고,0,1,1,0,차대차 - 기타,교차로운행방법위반,건조,맑음,교차로 - 교차로안,승용,여,24세,상해없음,승용,여,33세,중상
2023112400100560,2023년 11월 24일 18시,금요일,대전광역시 유성구 대정동,경상사고,0,0,1,0,차대차 - 기타,교차로운행방법위반,건조,맑음,교차로 - 교차로안,승용,여,60세,기타불명,승용,남,32세,경상
2023112400100607,2023년 11월 24일 19시,금요일,대전광역시 대덕구 대화동,경상사고,0,0,1,0,차대차 - 기타,신호위반,건조,맑음,단일로 - 교량,승용,남,71세,기타불명,승용,여,48세,경상
2023112400100661,2023년 11월 24일 21시,금요일,대전광역시 대덕구 오정동,경상사고,0,0,1,0,차대차 - 측면충돌,안전운전불이행,건조,맑음,교차로 - 교차로부근,승용,남,47세,기타불명,화물,남,54세,경상
2023112400100686,2023년 11월 24일 22시,금요일,대전광역시 서구 월평동,경상사고,0,0,1,0,차대차 - 기타,안전운전불이행,건조,맑음,교차로 - 교차로안,승용,남,81세,상해없음,이륜,남,30세,경상
2023112400100706,2023년 11월 24일 23시,금요일,대전광역시 중구 용두동,경상사고,0,0,1,0,차대차 - 기타,안전운전불이행,건조,맑음,단일로 - 기타,승용,남,39세,상해없음,승용,남,53세,경상
2023112500100084,2023년 11월 25일 07시,토요일,대전광역시 중구 부사동,중상사고,0,1,0,0,차대사람 - 횡단중,신호위반,건조,맑음,교차로 - 교차로안,승용,남,27세,상해없음,보행자,남,68세,중상
2023112500100131,2023년 11월 25일 09시,토요일,대전광역시 중구 산성동,경상사고,0,0,1,0,차대차 - 기타,안전운전불이행,건조,맑음,교차로 - 교차로안,승용,남,72세,상해없음,승용,남,59세,경상
2023112500100132,2023년 11월 25일 09시,토요일,대전광역시 유성구 송강동,경상사고,0,0,1,0,차대사람 - 횡단중,보행자보호의무위반,건조,맑음,교차로 - 교차로횡단보도내,이륜,남,38세,상해없음,보행자,여,57세,경상
2023112500100162,2023년 11월 25일 10시,토요일,대전광역시 중구 문화동,경상사고,0,0,1,0,차대차 - 측면충돌,안전운전불이행,건조,맑음,단일로 - 기타,승용,여,53세,상해없음,승용,남,59세,경상
2023112500100203,2023년 11월 25일 11시,토요일,대전광역시 유성구 송강동,경상사고,0,0,3,0,차대차 - 측면충돌,신호위반,건조,맑음,교차로 - 교차로안,승용,남,40세,상해없음,승용,남,42세,경상
2023112500100248,2023년 11월 25일 12시,토요일,대전광역시 대덕구 오정동,경상사고,0,0,1,0,차대차 - 기타,교차로운행방법위반,건조,맑음,교차로 - 교차로안,승용,남,31세,상해없음,승용,남,65세,경상
2023112500100293,2023년 11월 25일 13시,토요일,대전광역시 대덕구 읍내동,경상사고,0,0,3,0,차대차 - 기타,신호위반,건조,맑음,교차로 - 교차로안,승용,남,50세,상해없음,승용,여,44세,경상
2023112500100339,2023년 11월 25일 14시,토요일,대전광역시 중구 대흥동,경상사고,0,0,2,0,차대차 - 추돌,안전운전불이행,건조,맑음,단일로 - 기타,승용,남,51세,상해없음,승용,남,69세,경상
2023112500100340,2023년 11월 25일 14시,토요일,대전광역시 동구 대성동,중상사고,0,1,0,0,차대차 - 측면충돌,안전거리미확보,건조,맑음,교차로 - 교차로부근,승합,남,62세,상해없음,승용,남,42세,상해없음