사고번호,사고일시,요일,시군구,사고내용,사망자수,중상자수,경상자수,부상신고자수,사고유형,법규위반,노면상태,기상상태,도로형태,가해운전자 차종,가해운전자 성별,가해운전자 연령,가해운전자 상해정도,피해운전자 차종,피해운전자 성별,피해운전자 연령,피해운전자 상해정도
2023112500100341,2023년 11월 25일 14시,토요일,대전광역시 서구 둔산동,중상사고,0,1,0,0,차대차 - 기타,신호위반,건조,맑음,교차로 - 교차로부근,승용,여,49세,상해없음,자전거,남,13세,중상
2023112500100342,2023년 11월 25일 14시,토요일,대전광역시 유성구 계산동,경상사고,0,0,3,0,차대차 - 기타,안전운전불이행,건조,맑음,교차로 - 교차로안,승용,여,64세,상해없음,승용,남,40세,경상
2023112500100375,2023년 11월 25일 15시,토요일,대전광역시 서구 도안동,중상사고,0,1,0,2,차대차 - 추돌,안전운전불이행,건조,맑음,교차로 - 교차로부근,승용,남,68세,상해없음,승용,남,50세,중상
2023112500100376,2023년 11월 25일 15시,토요일,대전광역시 서구 가수원동,경상사고,0,0,1,0,차대차 - 측면충돌,안전운전불이행,건조,맑음,단일로 - 기타,승용,여,63세,상해없음,승용,남,71세,경상
2023112500100377,2023년 11월 25일 15시,토요일,대전광역시 유성구 장대동,경상사고,0,0,1,0,차대차 - 측면충돌,안전운전불이행,건조,맑음,단일로 - 기타,승용,여,70세,상해없음,승용,남,69세,경상
2023112500100425,2023년 11월 25일 16시,토요일,대전광역시 중구 문화동,경상사고,0,0,2,0,차대차 - 기타,직진우회전진행방해,건조,맑음,교차로 - 교차로부근,원동기,남,14세,상해없음,승용,남,45세,경상
2023112500100458,2023년 11월 25일 17시,토요일,대전광역시 서구 관저동,경상사고,0,0,1,0,차대차 - 기타,안전운전불이행,건조,맑음,교차로 - 교차로안,승용,여,56세,상해없음,승용,여,38세,경상
2023112500100459,2023년 11월 25일 17시,토요일,대전광역시 서구 정림동,경상사고,0,0,3,0,차대차 - 기타,안전거리미확보,건조,맑음,단일로 - 기타,승합,남,45세,상해없음,승용,남,79세,상해없음
2023112500100508,2023년 11월 25일 18시,토요일,대전광역시 서구 관저동,경상사고,0,0,1,0,차대차 - 측면충돌,안전운전불이행,건조,맑음,교차로 - 교차로부근,승용,여,57세,상해없음,승용,남,51세,경상
2023112500100539,2023년 11월 25일 19시,토요일,대전광역시 유성구 장대동,경상사고,0,0,2,0,차대차 - 측면충돌,안전거리미확보,건조,맑음,단일로 - 기타,승용,여,30세,기타불명,화물,남,32세,경상
2023112500100569,2023년 11월 25일 20시,토요일,대전광역시 서구 정림동,경상사고,0,0,1,0,차대차 - 측면충돌,직진우회전진행방해,건조,맑음,교차로 - 교차로안,승용,남,56세,상해없음,개인형이동수단(PM),남,21세,경상
2023112500100570,2023년 11월 25일 20시,토요일,대전광역시 유성구 구암동,중상사고,0,1,0,0,차대차 - 기타,안전운전불이행,건조,기타,단일로 - 기타,승용,남,52세,상해없음,이륜,남,19세,중상
2023112500100571,2023년 11월 25일 20시,토요일,대전광역시 유성구 신성동,중상사고,0,1,0,0,차대사람 - 횡단중,안전운전불이행,건조,맑음,교차로 - 교차로부근,승용,남,59세,상해없음,보행자,여,17세,중상
2023112500100602,2023년 11월 25일 22시,토요일,대전광역시 서구 둔산동,경상사고,0,0,1,0,차대차 - 후진중충돌,안전운전불이행,건조,맑음,단일로 - 기타,승용,남,31세,상해없음,이륜,남,35세,경상
2023112500100618,2023년 11월 25일 23시,토요일,대전광역시 동구 삼정동,중상사고,0,2,2,0,차대차 - 추돌,안전운전불이행,건조,맑음,교차로 - 교차로부근,이륜,남,20세,중상,승용,여,40세,중상
2023112500100619,2023년 11월 25일 23시,토요일,대전광역시 서구 용문동,경상사고,0,0,3,0,차대차 - 추돌,안전운전불이행,젖음/습기,비,교차로 - 교차로안,승용,남,23세,상해없음,승용,남,28세,경상
2023112600100008,2023년 11월 26일 00시,일요일,대전광역시 중구 오류동,경상사고,0,0,2,0,차대차 - 추돌,안전운전불이행,건조,맑음,교차로 - 교차로부근,승용,남,20세,기타불명,승용,남,67세,경상
2023112600100018,2023년 11월 26일 01시,일요일,대전광역시 유성구 봉명동,경상사고,0,0,4,0,차대차 - 추돌,안전운전불이행,건조,맑음,교차로 - 교차로부근,승용,남,64세,상해없음,승용,남,40세,경상
2023112600100029,2023년 11월 26일 02시,일요일,대전광역시 동구 가양동,경상사고,0,0,2,0,차대차 - 추돌,안전운전불이행,건조,맑음,단일로 - 기타,원동기,남,17세,경상,승용,남,35세,경상
2023112600100030,2023년 11월 26일 02시,일요일,대전광역시 대덕구 비래동,경상사고,0,0,2,0,차대차 - 기타,신호위반,건조,맑음,교차로 - 교차로안,승용,남,58세,상해없음,승용,남,56세,경상
2023112600100036,2023년 11월 26일 03시,일요일,대전광역시 동구 용전동,경상사고,0,0,1,0,차대차 - 기타,안전거리미확보,건조,맑음,단일로 - 기타,승용,남,61세,상해없음,이륜,남,40세,경상
2023112600100037,2023년 11월 26일 03시,일요일,대전광역시 서구 둔산동,경상사고,0,0,1,0,차대사람 - 기타,안전운전불이행,건조,맑음,교차로 - 교차로안,승용,남,75세,상해없음,보행자,여,23세,경상
2023112600100103,2023년 11월 26일 10시,일요일,대전광역시 유성구 장대동,경상사고,0,0,1,6,차대차 - 기타,안전거리미확보,건조,맑음,기타 - 기타,승용,남,73세,상해없음,화물,남,68세,상해없음
2023112600100170,2023년 11월 26일 13시,일요일,대전광역시 중구 유천동,경상사고,0,0,1,0,차대차 - 기타,안전거리미확보,건조,맑음,기타 - 기타,승용,여,58세,상해없음,승용,여,42세,경상
2023112600100171,2023년 11월 26일 13시,일요일,대전광역시 동구 원동,경상사고,0,0,2,0,차대차 - 정면충돌,안전운전불이행,건조,맑음,교차로 - 교차로부근,승용,남,65세,상해없음,이륜,남,64세,경상
2023112600100200,2023년 11월 26일 14시,일요일,대전광역시 중구 태평동,경상사고,0,0,1,0,차대차 - 추돌,안전운전불이행,건조,맑음,교차로 - 교차로부근,승용,여,57세,기타불명,승용,남,55세,경상
2023112600100282,2023년 11월 26일 17시,일요일,대전광역시 동구 신흥동,중상사고,0,1,2,0,차대차 - 추돌,안전운전불이행,건조,맑음,단일로 - 기타,승용,남,64세,상해없음,승용,남,66세,경상
2023112600100361,2023년 11월 26일 20시,일요일,대전광역시 유성구 장대동,경상사고,0,0,1,0,차대차 - 기타,안전거리미확보,건조,맑음,단일로 - 기타,승용,여,28세,상해없음,이륜,남,24세,경상
2023112600100375,2023년 11월 26일 21시,일요일,대전광역시 중구 오류동,중상사고,0,1,0,0,차대사람 - 기타,보행자보호의무위반,젖음/습기,비,교차로 - 교차로횡단보도내,승용,남,28세,상해없음,보행자,여,20세,중상
2023112600100376,2023년 11월 26일 21시,일요일,대전광역시 서구 용문동,경상사고,0,0,1,0,차대차 - 기타,신호위반,젖음/습기,흐림,교차로 - 교차로안,승용,남,20세,상해없음,이륜,남,50세,경상
2023112700100012,2023년 11월 27일 00시,월요일,대전광역시 서구 갈마동,경상사고,0,0,1,0,차대차 - 기타,안전운전불이행,젖음/습기,흐림,교차로 - 교차로안,승용,남,42세,기타불명,승용,남,27세,경상
2023112700100027,2023년 11월 27일 03시,월요일,대전광역시 동구 판암동,경상사고,0,0,1,0,차대차 - 후진중충돌,안전운전불이행,젖음/습기,비,교차로 - 교차로안,승용,남,66세,상해없음,이륜,남,52세,경상
2023112700100035,2023년 11월 27일 04시,월요일,대전광역시 대덕구 문평동,경상사고,0,0,1,0,차대차 - 기타,신호위반,건조,맑음,교차로 - 교차로안,화물,남,61세,상해없음,승합,남,63세,경상
2023112700100046,2023년 11월 27일 05시,월요일,대전광역시 서구 도안동,경상사고,0,0,1,0,차대차 - 측면충돌,신호위반,건조,맑음,교차로 - 교차로안,이륜,남,59세,상해없음,승용,남,64세,경상
2023112700100096,2023년 11월 27일 07시,월요일,대전광역시 서구 용문동,경상사고,0,0,3,0,차대차 - 기타,안전운전불이행,건조,맑음,교차로 - 교차로부근,승용,여,47세,상해없음,화물,남,36세,경상
2023112700100097,2023년 11월 27일 07시,월요일,대전광역시 대덕구 대화동,경상사고,0,0,1,0,차대차 - 기타,안전거리미확보,건조,흐림,기타 - 기타,승용,여,34세,상해없음,승합,남,29세,경상
2023112700100141,2023년 11월 27일 08시,월요일,대전광역시 중구 문화동,경상사고,0,0,1,0,차대차 - 기타,신호위반,젖음/습기,흐림,교차로 - 교차로부근,승용,남,61세,상해없음,승합,남,58세,상해없음
2023112700100142,2023년 11월 27일 08시,월요일,대전광역시 유성구 노은동,경상사고,0,0,1,0,차대차 - 측면충돌,교차로운행방법위반,젖음/습기,비,교차로 - 교차로부근,승용,여,63세,기타불명,승용,남,33세,경상
2023112700100168,2023년 11월 27일 09시,월요일,대전광역시 대덕구 중리동,경상사고,0,0,1,0,차대차 - 정면충돌,중앙선침범,젖음/습기,비,단일로 - 기타,화물,남,24세,상해없음,승용,남,29세,경상
2023112700100169,2023년 11월 27일 09시,월요일,대전광역시 유성구 문지동,경상사고,0,0,2,0,차대차 - 기타,교차로운행방법위반,젖음/습기,비,교차로 - 교차로안,승용,남,62세,경상,승용,여,39세,상해없음
2023112700100203,2023년 11월 27일 10시,월요일,대전광역시 중구 안영동,경상사고,0,0,1,0,차대차 - 기타,안전거리미확보,젖음/습기,비,단일로 - 기타,화물,남,64세,상해없음,승용,남,62세,경상
2023112700100204,2023년 11월 27일 10시,월요일,대전광역시 동구 용전동,경상사고,0,0,1,0,차대사람 - 기타,안전운전불이행,건조,맑음,단일로 - 기타,승합,남,53세,상해없음,보행자,여,70세,경상
2023112700100232,2023년 11월 27일 11시,월요일,대전광역시 서구 둔산동,경상사고,0,0,1,0,차대차 - 추돌,안전운전불이행,건조,맑음,주차장 - 주차장,승용,남,58세,상해없음,승용,남,44세,경상
2023112700100271,2023년 11월 27일 12시,월요일,대전광역시 서구 만년동,경상사고,0,0,1,0,차대차 - 기타,안전운전불이행,젖음/습기,흐림,교차로 - 교차로부근,승용,남,48세,상해없음,이륜,남,25세,경상
2023112700100272,2023년 11월 27일 12시,월요일,대전광역시 유성구 원내동,경상사고,0,0,2,0,차대차 - 기타,안전운전불이행,젖음/습기,흐림,기타 - 기타,건설기계,남,53세,상해없음,화물,남,66세,경상
2023112700100371,2023년 11월 27일 15시,월요일,대전광역시 대덕구 읍내동,경상사고,0,0,2,0,차대차 - 기타,안전운전불이행,건조,맑음,단일로 - 기타,승용,여,63세,상해없음,승용,여,20세,경상
2023112700100403,2023년 11월 27일 16시,월요일,대전광역시 서구 갈마동,중상사고,0,1,0,0,차대차 - 기타,교차로운행방법위반,건조,맑음,교차로 - 교차로안,자전거,남,40세,중상,승용,여,49세,상해없음
2023112700100404,2023년 11월 27일 16시,월요일,대전광역시 유성구 봉산동,경상사고,0,0,4,0,차대차 - 기타,안전운전불이행,건조,맑음,단일로 - 기타,승용,여,62세,상해없음,승용,남,57세,경상
2023112700100459,2023년 11월 27일 17시,월요일,대전광역시 중구 태평동,중상사고,0,1,0,0,차대차 - 기타,신호위반,건조,맑음,교차로 - 교차로안,승용,남,72세,상해없음,승용,여,45세,중상
2023112700100460,2023년 11월 27일 17시,월요일,대전광역시 중구 용두동,경상사고,0,0,1,0,차대차 - 기타,안전운전불이행,건조,맑음,단일로 - 기타,화물,남,72세,상해없음,승용,남,40세,경상
2023112700100461,2023년 11월 27일 17시,월요일,대전광역시 동구 용전동,중상사고,0,1,0,0,차대사람 - 길가장자리구역통행중,보행자보호의무위반,건조,맑음,단일로 - 기타,승용,남,74세,상해없음,보행자,남,11세,중상
2023112700100462,2023년 11월 27일 17시,월요일,대전광역시 서구 탄방동,경상사고,0,0,1,0,차대차 - 기타,안전운전불이행,건조,맑음,교차로 - 교차로안,승용,남,31세,상해없음,승용,남,63세,경상
2023112700100535,2023년 11월 27일 18시,월요일,대전광역시 서구 괴정동,경상사고,0,0,1,0,차대차 - 기타,교차로운행방법위반,건조,맑음,교차로 - 교차로안,승용,남,28세,상해없음,이륜,남,75세,경상
2023112700100536,2023년 11월 27일 18시,월요일,대전광역시 대덕구 오정동,경상사고,0,0,1,0,차대차 - 측면충돌,신호위반,건조,맑음,교차로 - 교차로안,승용,여,62세,기타불명,승용,남,54세,경상
2023112700100537,2023년 11월 27일 18시,월요일,대전광역시 서구 탄방동,경상사고,0,0,1,0,차대사람 - 횡단중,보행자보호의무위반,건조,맑음,교차로 - 교차로횡단보도내,승용,남,65세,상해없음,보행자,남,44세,경상
2023112700100538,2023년 11월 27일 18시,월요일,대전광역시 유성구 덕명동,경상사고,0,0,2,0,차대차 - 추돌,안전운전불이행,건조,맑음,단일로 - 기타,원동기,남,21세,상해없음,승용,여,47세,경상
2023112700100539,2023년 11월 27일 18시,월요일,대전광역시 유성구 덕명동,경상사고,0,0,1,0,차대차 - 추돌,안전운전불이행,건조,맑음,단일로 - 기타,승용,여,39세,상해없음,화물,남,52세,경상
2023112700100540,2023년 11월 27일 18시,월요일,대전광역시 유성구 구암동,경상사고,0,0,2,0,차대차 - 기타,안전운전불이행,건조,맑음,기타 - 기타,승용,여,59세,상해없음,승용,여,60세,경상
2023112700100576,2023년 11월 27일 19시,월요일,대전광역시 동구 대성동,경상사고,0,0,2,0,차대차 - 측면충돌,안전거리미확보,건조,맑음,교차로 - 교차로부근,승용,여,41세,상해없음,승용,남,31세,경상
2023112700100577,2023년 11월 27일 19시,월요일,대전광역시 서구 탄방동,경상사고,0,0,1,0,차대차 - 기타,안전운전불이행,건조,맑음,교차로 - 교차로안,승용,여,51세,기타불명,승용,남,52세,경상
2023112700100614,2023년 11월 27일 21시,월요일,대전광역시 중구 오류동,경상사고,0,0,1,0,차대사람 - 횡단중,안전운전불이행,젖음/습기,비,단일로 - 기타,승용,남,39세,상해없음,보행자,여,55세,경상
2023112700100615,2023년 11월 27일 21시,월요일,대전광역시 서구 정림동,경상사고,0,0,1,0,차대사람 - 횡단중,신호위반,젖음/습기,비,교차로 - 교차로횡단보도내,이륜,남,39세,상해없음,보행자,남,54세,경상
2023112800100011,2023년 11월 28일 01시,화요일,대전광역시 동구 용운동,경상사고,0,0,1,0,차대차 - 측면충돌,교차로운행방법위반,건조,맑음,교차로 - 교차로안,승용,남,71세,상해없음,승용,남,23세,경상
2023112800100049,2023년 11월 28일 06시,화요일,대전광역시 서구 월평동,경상사고,0,0,1,0,차대차 - 추돌,안전운전불이행,건조,맑음,교차로 - 교차로부근,승용,남,68세,기타불명,승용,남,40세,경상
2023112800100117,2023년 11월 28일 08시,화요일,대전광역시 중구 중촌동,경상사고,0,0,1,0,차대사람 - 기타,보행자보호의무위반,건조,맑음,교차로 - 교차로횡단보도내,승용,남,73세,상해없음,보행자,여,28세,경상
2023112800100118,2023년 11월 28일 08시,화요일,대전광역시 서구 둔산동,중상사고,0,1,0,0,차대사람 - 차도통행중,안전운전불이행,건조,맑음,교차로 - 교차로부근,승용,남,55세,상해없음,보행자,여,79세,중상
2023112800100158,2023년 11월 28일 09시,화요일,대전광역시 동구 가양동,경상사고,0,0,1,0,차대차 - 기타,안전운전불이행,건조,맑음,단일로 - 기타,승용,여,32세,상해없음,승용,여,33세,경상
2023112800100189,2023년 11월 28일 10시,화요일,대전광역시 중구 안영동,경상사고,0,0,2,0,차대차 - 기타,안전운전불이행,건조,맑음,교차로 - 교차로부근,화물,남,53세,상해없음,승용,여,60세,경상
2023112800100190,2023년 11월 28일 10시,화요일,대전광역시 동구 대성동,경상사고,0,0,1,0,차대차 - 정면충돌,신호위반,건조,맑음,교차로 - 교차로안,승용,여,57세,상해없음,승용,여,60세,경상
2023112800100218,2023년 11월 28일 11시,화요일,대전광역시 서구 둔산동,경상사고,0,0,1,0,차대차 - 측면충돌,중앙선침범,건조,맑음,교차로 - 교차로부근,화물,남,60세,상해없음,승용,여,55세,경상
2023112800100328,2023년 11월 28일 15시,화요일,대전광역시 유성구 궁동,경상사고,0,0,1,0,차대차 - 측면충돌,안전운전불이행,건조,맑음,교차로 - 교차로안,승용,여,63세,상해없음,승용,여,39세,경상
2023112800100369,2023년 11월 28일 16시,화요일,대전광역시 중구 부사동,경상사고,0,0,1,0,차대차 - 기타,안전거리미확보,건조,맑음,단일로 - 기타,승용,여,61세,상해없음,승합,남,37세,상해없음
2023112800100421,2023년 11월 28일 17시,화요일,대전광역시 서구 월평동,중상사고,0,1,0,0,차대사람 - 기타,안전운전불이행,건조,맑음,단일로 - 기타,개인형이동수단(PM),남,19세,상해없음,보행자,남,43세,중상
2023112800100422,2023년 11월 28일 17시,화요일,대전광역시 유성구 도룡동,중상사고,0,1,3,0,차대차 - 기타,안전운전불이행,건조,맑음,기타 - 기타,승용,여,58세,상해없음,승용,남,31세,중상
2023112800100523,2023년 11월 28일 19시,화요일,대전광역시 대덕구 중리동,경상사고,0,0,1,0,차대사람 - 기타,안전운전불이행,건조,맑음,단일로 - 기타,승용,남,64세,기타불명,보행자,남,58세,경상
2023112800100554,2023년 11월 28일 20시,화요일,대전광역시 동구 용전동,경상사고,0,0,2,0,차대차 - 추돌,안전운전불이행,건조,맑음,교차로 - 교차로부근,승용,남,35세,상해없음,승용,남,34세,경상
2023112800100575,2023년 11월 28일 21시,화요일,대전광역시 중구 유천동,경상사고,0,0,2,0,차대차 - 기타,안전운전불이행,건조,맑음,교차로 - 교차로안,승용,여,53세,상해없음,승용,남,30세,경상
2023112800100592,2023년 11월 28일 22시,화요일,대전광역시 대덕구 덕암동,경상사고,0,0,1,0,차대사람 - 보도통행중,안전운전불이행,건조,맑음,교차로 - 교차로부근,승용,여,50세,상해없음,보행자,남,42세,경상
2023112900100009,2023년 11월 29일 01시,수요일,대전광역시 서구 복수동,경상사고,0,0,2,0,차대차 - 추돌,신호위반,건조,맑음,교차로 - 교차로안,승용,남,55세,상해없음,승용,남,51세,경상
2023112900100010,2023년 11월 29일 01시,수요일,대전광역시 서구 괴정동,중상사고,0,1,0,0,차대사람 - 기타,안전운전불이행,건조,맑음,단일로 - 기타,승용,남,57세,상해없음,보행자,여,28세,중상
2023112900100131,2023년 11월 29일 09시,수요일,대전광역시 유성구 용계동,경상사고,0,0,2,0,차대차 - 측면충돌,중앙선침범,건조,맑음,교차로 - 교차로부근,화물,남,56세,상해없음,화물,남,32세,경상
2023112900100217,2023년 11월 29일 12시,수요일,대전광역시 서구 도마동,경상사고,0,0,1,0,차대차 - 기타,안전운전불이행,건조,맑음,단일로 - 기타,승용,남,76세,상해없음,승합,남,46세,상해없음
2023112900100247,2023년 11월 29일 13시,수요일,대전광역시 서구 괴정동,경상사고,0,0,1,0,차대차 - 기타,안전운전불이행,건조,맑음,주차장 - 주차장,승용,남,40세,상해없음,승용,여,58세,경상
2023112900100276,2023년 11월 29일 14시,수요일,대전광역시 서구 내동,경상사고,0,0,1,0,차대차 - 측면충돌,신호위반,건조,맑음,교차로 - 교차로부근,승용,여,49세,상해없음,이륜,남,24세,경상
2023112900100277,2023년 11월 29일 14시,수요일,대전광역시 서구 둔산동,부상신고사고,0,0,0,1,차대차 - 측면충돌,안전거리미확보,건조,맑음,교차로 - 교차로부근,승용,여,52세,상해없음,승합,남,60세,부상신고
2023112900100323,2023년 11월 29일 16시,수요일,대전광역시 중구 중촌동,부상신고사고,0,0,0,1,차대차 - 정면충돌,중앙선침범,건조,맑음,교차로 - 교차로부근,자전거,여,75세,부상신고,승용,남,66세,상해없음
2023112900100324,2023년 11월 29일 16시,수요일,대전광역시 중구 부사동,경상사고,0,0,1,0,차대차 - 측면충돌,직진우회전진행방해,건조,맑음,교차로 - 교차로안,승용,여,42세,상해없음,자전거,남,79세,경상
2023112900100325,2023년 11월 29일 16시,수요일,대전광역시 동구 가양동,경상사고,0,0,1,0,차대차 - 기타,안전운전불이행,건조,맑음,교차로 - 교차로안,승용,남,44세,상해없음,승용,남,28세,경상
2023112900100326,2023년 11월 29일 16시,수요일,대전광역시 동구 정동,경상사고,0,0,1,0,차대차 - 추돌,안전운전불이행,건조,맑음,단일로 - 기타,승용,남,71세,상해없음,승용,남,54세,경상
2023112900100327,2023년 11월 29일 16시,수요일,대전광역시 유성구 노은동,중상사고,0,1,0,0,차대차 - 측면충돌,안전거리미확보,건조,흐림,교차로 - 교차로부근,승용,남,68세,상해없음,승용,여,42세,중상
2023112900100328,2023년 11월 29일 16시,수요일,대전광역시 유성구 죽동,부상신고사고,0,0,0,1,차대차 - 기타,안전운전불이행,건조,맑음,교차로 - 교차로횡단보도내,자전거,남,22세,상해없음,개인형이동수단(PM),여,28세,부상신고
2023112900100329,2023년 11월 29일 16시,수요일,대전광역시 유성구 구성동,경상사고,0,0,1,0,차대차 - 기타,안전거리미확보,건조,맑음,단일로 - 기타,승용,남,37세,기타불명,승용,여,34세,경상
2023112900100379,2023년 11월 29일 17시,수요일,대전광역시 서구 변동,경상사고,0,0,1,0,차대차 - 측면충돌,안전운전불이행,건조,맑음,교차로 - 교차로부근,승용,남,28세,상해없음,승용,여,40세,경상
2023112900100452,2023년 11월 29일 18시,수요일,대전광역시 중구 용두동,경상사고,0,0,1,0,차대차 - 기타,안전운전불이행,건조,맑음,단일로 - 기타,화물,남,56세,상해없음,승용,여,36세,경상
2023112900100453,2023년 11월 29일 18시,수요일,대전광역시 대덕구 법동,경상사고,0,0,1,0,차대사람 - 기타,안전운전불이행,건조,맑음,단일로 - 기타,승합,남,28세,상해없음,보행자,남,68세,경상
2023112900100454,2023년 11월 29일 18시,수요일,대전광역시 서구 월평동,중상사고,0,1,0,0,차대사람 - 횡단중,보행자보호의무위반,건조,맑음,단일로 - 기타,이륜,남,21세,상해없음,보행자,여,59세,중상
2023112900100455,2023년 11월 29일 18시,수요일,대전광역시 유성구 송강동,경상사고,0,0,1,0,차대사람 - 횡단중,신호위반,젖음/습기,눈,교차로 - 교차로횡단보도내,승용,남,47세,상해없음,보행자,여,18세,경상
2023112900100501,2023년 11월 29일 19시,수요일,대전광역시 서구 둔산동,경상사고,0,0,2,0,차대차 - 추돌,안전운전불이행,건조,맑음,단일로 - 기타,승용,남,69세,상해없음,승합,남,44세,상해없음
2023112900100502,2023년 11월 29일 19시,수요일,대전광역시 서구 갈마동,경상사고,0,0,1,0,차대차 - 추돌,안전운전불이행,건조,맑음,단일로 - 기타,승용,남,38세,상해없음,승용,남,27세,경상
2023112900100503,2023년 11월 29일 19시,수요일,대전광역시 유성구 하기동,중상사고,0,1,0,0,차대차 - 측면충돌,안전운전불이행,건조,맑음,단일로 - 기타,승용,여,59세,상해없음,원동기,남,29세,중상
2023112900100545,2023년 11월 29일 21시,수요일,대전광역시 서구 관저동,경상사고,0,0,1,0,차대사람 - 횡단중,보행자보호의무위반,건조,맑음,교차로 - 교차로횡단보도내,승용,남,50세,상해없음,보행자,남,51세,경상
2023113000100051,2023년 11월 30일 06시,목요일,대전광역시 유성구 궁동,경상사고,0,0,1,0,차대차 - 기타,직진우회전진행방해,건조,기타,교차로 - 교차로안,승합,남,72세,기타불명,승용,남,70세,경상
2023113000100072,2023년 11월 30일 07시,목요일,대전광역시 대덕구 중리동,경상사고,0,0,2,0,차대차 - 측면충돌,안전운전불이행,건조,맑음,교차로 - 교차로안,승용,남,69세,상해없음,승용,여,53세,경상
2023113000100115,2023년 11월 30일 08시,목요일,대전광역시 서구 내동,경상사고,0,0,1,0,차대차 - 측면충돌,신호위반,건조,맑음,교차로 - 교차로안,승용,남,63세,상해없음,승용,남,29세,경상
2023113000100116,2023년 11월 30일 08시,목요일,대전광역시 유성구 원촌동,중상사고,0,1,0,0,차대차 - 기타,안전운전불이행,건조,맑음,기타 - 기타,승용,남,47세,기타불명,자전거,남,28세,중상
2023113000100144,2023년 11월 30일 09시,목요일,대전광역시 대덕구 송촌동,경상사고,0,0,1,0,차대차 - 기타,안전거리미확보,건조,맑음,단일로 - 기타,승용,여,57세,기타불명,승용,여,47세,경상
2023113000100145,2023년 11월 30일 09시,목요일,대전광역시 대덕구 신대동,경상사고,0,0,1,2,차대차 - 추돌,안전거리미확보,건조,맑음,단일로 - 기타,승용,남,45세,기타불명,승용,여,64세,경상
2023113000100146,2023년 11월 30일 09시,목요일,대전광역시 유성구 복용동,경상사고,0,0,1,1,차대차 - 측면충돌,안전운전불이행,건조,맑음,기타 - 기타,화물,남,53세,기타불명,승용,남,29세,부상신고
2023113000100186,2023년 11월 30일 10시,목요일,대전광역시 유성구 봉명동,경상사고,0,0,1,0,차대차 - 기타,안전거리미확보,건조,기타,기타 - 기타,이륜,남,47세,상해없음,승용,남,29세,경상
2023113000100187,2023년 11월 30일 10시,목요일,대전광역시 유성구 구성동,경상사고,0,0,1,0,차대차 - 추돌,안전운전불이행,건조,맑음,교차로 - 교차로안,원동기,남,38세,상해없음,승용,남,25세,경상
2023113000100273,2023년 11월 30일 13시,목요일,대전광역시 유성구 상대동,경상사고,0,0,3,0,차대차 - 기타,신호위반,건조,맑음,교차로 - 교차로안,승용,여,46세,상해없음,승합,남,53세,경상
2023113000100320,2023년 11월 30일 14시,목요일,대전광역시 서구 용문동,경상사고,0,0,1,0,차대사람 - 횡단중,안전운전불이행,건조,맑음,교차로 - 교차로횡단보도내,승용,남,88세,상해없음,보행자,여,56세,경상
2023113000100355,2023년 11월 30일 15시,목요일,대전광역시 중구 유천동,경상사고,0,0,1,0,차대사람 - 차도통행중,안전운전불이행,건조,맑음,교차로 - 교차로부근,승용,여,71세,상해없음,보행자,남,23세,경상
2023113000100356,2023년 11월 30일 15시,목요일,대전광역시 동구 가양동,경상사고,0,0,3,0,차대차 - 측면충돌,안전운전불이행,건조,맑음,교차로 - 교차로부근,승용,남,62세,상해없음,승용,여,22세,경상
2023113000100357,2023년 11월 30일 15시,목요일,대전광역시 대덕구 덕암동,경상사고,0,0,1,0,차대차 - 측면충돌,안전운전불이행,건조,맑음,교차로 - 교차로안,승용,여,31세,상해없음,승용,여,42세,경상
2023113000100358,2023년 11월 30일 15시,목요일,대전광역시 유성구 원촌동,경상사고,0,0,1,0,차대차 - 추돌,안전거리미확보,건조,맑음,단일로 - 기타,승용,남,28세,상해없음,승용,여,61세,경상
2023113000100389,2023년 11월 30일 16시,목요일,대전광역시 대덕구 법동,중상사고,0,1,1,0,차대차 - 측면충돌,안전운전불이행,건조,맑음,교차로 - 교차로부근,승용,여,25세,상해없음,승용,남,51세,중상
2023113000100390,2023년 11월 30일 16시,목요일,대전광역시 유성구 송강동,경상사고,0,0,3,0,차대차 - 기타,중앙선침범,건조,맑음,단일로 - 기타,승용,여,34세,상해없음,승용,남,68세,상해없음
2023113000100443,2023년 11월 30일 17시,목요일,대전광역시 유성구 노은동,경상사고,0,0,1,0,차대차 - 기타,신호위반,건조,맑음,교차로 - 교차로안,화물,남,66세,상해없음,승용,여,36세,경상
2023113000100509,2023년 11월 30일 18시,목요일,대전광역시 동구 용전동,경상사고,0,0,1,0,차대차 - 기타,안전거리미확보,건조,맑음,단일로 - 기타,승용,남,56세,상해없음,승용,남,26세,경상
2023113000100510,2023년 11월 30일 18시,목요일,대전광역시 대덕구 송촌동,경상사고,0,0,1,0,차대사람 - 횡단중,신호위반,건조,맑음,교차로 - 교차로부근,승용,남,31세,상해없음,보행자,여,26세,경상