사고번호,사고일시,요일,시군구,사고내용,사망자수,중상자수,경상자수,부상신고자수,사고유형,법규위반,노면상태,기상상태,도로형태,가해운전자 차종,가해운전자 성별,가해운전자 연령,가해운전자 상해정도,피해운전자 차종,피해운전자 성별,피해운전자 연령,피해운전자 상해정도
2023113000100511,2023년 11월 30일 18시,목요일,대전광역시 대덕구 법동,중상사고,0,1,0,0,차대차 - 기타,신호위반,건조,맑음,교차로 - 교차로부근,개인형이동수단(PM),남,18세,상해없음,자전거,남,14세,중상
2023113000100576,2023년 11월 30일 20시,목요일,대전광역시 유성구 문지동,사망사고,1,0,0,0,차대차 - 측면충돌,안전거리미확보,건조,맑음,교차로 - 교차로안,이륜,남,51세,사망,승용,남,40세,상해없음
2023113000100597,2023년 11월 30일 21시,목요일,대전광역시 중구 대흥동,경상사고,0,0,1,0,차대차 - 기타,안전운전불이행,건조,맑음,교차로 - 교차로안,승용,남,54세,상해없음,승용,여,22세,경상
2023113000100614,2023년 11월 30일 22시,목요일,대전광역시 중구 오류동,경상사고,0,0,1,0,차대차 - 기타,안전운전불이행,건조,맑음,교차로 - 교차로부근,특수,남,30세,상해없음,승용,남,46세,경상
2023120100100104,2023년 12월 1일 08시,금요일,대전광역시 중구 태평동,경상사고,0,0,1,0,차대차 - 기타,안전거리미확보,건조,맑음,단일로 - 기타,승용,남,44세,기타불명,승용,여,32세,경상
2023120100100105,2023년 12월 1일 08시,금요일,대전광역시 동구 효동,경상사고,0,0,1,0,차대차 - 기타,안전운전불이행,건조,맑음,단일로 - 기타,승용,여,57세,상해없음,자전거,여,40세,경상
2023120100100106,2023년 12월 1일 08시,금요일,대전광역시 서구 내동,중상사고,0,1,0,0,차대사람 - 보도통행중,신호위반,건조,맑음,단일로 - 기타,승용,여,60세,상해없음,보행자,여,13세,중상
2023120100100146,2023년 12월 1일 09시,금요일,대전광역시 동구 용전동,경상사고,0,0,1,0,차대차 - 정면충돌,신호위반,건조,맑음,교차로 - 교차로안,승용,여,60세,상해없음,승용,남,72세,경상
2023120100100147,2023년 12월 1일 09시,금요일,대전광역시 유성구 하기동,경상사고,0,0,1,0,차대차 - 측면충돌,신호위반,건조,맑음,교차로 - 교차로안,승용,여,60세,상해없음,승용,여,34세,경상
2023120100100247,2023년 12월 1일 12시,금요일,대전광역시 유성구 원내동,경상사고,0,0,1,0,차대차 - 측면충돌,안전운전불이행,건조,맑음,주차장 - 주차장,건설기계,남,76세,상해없음,승용,여,55세,경상
2023120100100319,2023년 12월 1일 14시,금요일,대전광역시 동구 원동,경상사고,0,0,1,0,차대차 - 정면충돌,안전운전불이행,건조,맑음,교차로 - 교차로안,원동기,남,86세,상해없음,승용,남,78세,경상
2023120100100320,2023년 12월 1일 14시,금요일,대전광역시 서구 둔산동,경상사고,0,0,1,0,차대차 - 기타,안전거리미확보,건조,맑음,교차로 - 교차로부근,승용,남,74세,상해없음,승용,여,67세,경상
2023120100100350,2023년 12월 1일 15시,금요일,대전광역시 동구 인동,경상사고,0,0,1,0,차대차 - 측면충돌,안전거리미확보,건조,맑음,단일로 - 기타,승용,남,64세,상해없음,승용,여,32세,경상
2023120100100381,2023년 12월 1일 16시,금요일,대전광역시 서구 도안동,중상사고,0,1,4,0,차대차 - 추돌,안전거리미확보,건조,맑음,단일로 - 기타,승용,여,52세,상해없음,승용,여,72세,경상
2023120100100382,2023년 12월 1일 16시,금요일,대전광역시 대덕구 신대동,경상사고,0,0,5,1,차대차 - 추돌,안전거리미확보,건조,맑음,단일로 - 기타,화물,남,47세,상해없음,승용,남,62세,부상신고
2023120100100383,2023년 12월 1일 16시,금요일,대전광역시 대덕구 목상동,중상사고,0,1,0,0,차대차 - 기타,안전운전불이행,건조,맑음,교차로 - 교차로안,승합,남,56세,상해없음,이륜,남,63세,중상
2023120100100430,2023년 12월 1일 17시,금요일,대전광역시 중구 용두동,중상사고,0,1,0,0,차대차 - 기타,기타,건조,맑음,교차로 - 교차로안,승용,여,57세,상해없음,개인형이동수단(PM),남,18세,중상
2023120100100431,2023년 12월 1일 17시,금요일,대전광역시 중구 산성동,경상사고,0,0,2,0,차대차 - 기타,중앙선침범,건조,흐림,교차로 - 교차로부근,승용,남,69세,기타불명,승용,남,34세,경상
2023120100100432,2023년 12월 1일 17시,금요일,대전광역시 대덕구 신탄진동,경상사고,0,0,1,0,차대사람 - 횡단중,안전운전불이행,건조,맑음,단일로 - 기타,이륜,남,22세,상해없음,보행자,남,28세,경상
2023120100100487,2023년 12월 1일 18시,금요일,대전광역시 중구 선화동,경상사고,0,0,1,0,차대차 - 기타,안전운전불이행,건조,맑음,교차로 - 교차로안,승용,남,59세,상해없음,이륜,남,40세,경상
2023120100100488,2023년 12월 1일 18시,금요일,대전광역시 중구 태평동,경상사고,0,0,2,0,차대차 - 측면충돌,안전거리미확보,건조,맑음,교차로 - 교차로부근,승용,남,35세,상해없음,승용,남,68세,경상
2023120100100489,2023년 12월 1일 18시,금요일,대전광역시 동구 판암동,경상사고,0,0,1,0,차대차 - 측면충돌,안전운전불이행,건조,맑음,단일로 - 기타,승용,남,67세,상해없음,승용,남,31세,경상
2023120100100490,2023년 12월 1일 18시,금요일,대전광역시 서구 가장동,경상사고,0,0,1,0,차대사람 - 횡단중,안전운전불이행,건조,맑음,교차로 - 교차로부근,승용,남,35세,상해없음,보행자,남,64세,경상
2023120100100491,2023년 12월 1일 18시,금요일,대전광역시 서구 갈마동,경상사고,0,0,1,0,차대차 - 기타,신호위반,건조,맑음,교차로 - 교차로안,승용,남,43세,상해없음,승용,남,63세,경상
2023120100100492,2023년 12월 1일 18시,금요일,대전광역시 유성구 봉명동,경상사고,0,0,1,0,차대차 - 추돌,안전운전불이행,건조,맑음,단일로 - 터널,승용,남,35세,기타불명,승용,여,67세,경상
2023120100100537,2023년 12월 1일 19시,금요일,대전광역시 중구 목동,중상사고,0,1,0,0,차대차 - 기타,신호위반,건조,맑음,교차로 - 교차로안,승용,여,71세,상해없음,승용,여,29세,중상
2023120100100538,2023년 12월 1일 19시,금요일,대전광역시 서구 탄방동,경상사고,0,0,1,0,차대차 - 기타,안전운전불이행,건조,맑음,교차로 - 교차로안,승용,여,27세,상해없음,승용,남,53세,경상
2023120100100572,2023년 12월 1일 20시,금요일,대전광역시 동구 가오동,경상사고,0,0,1,0,차대차 - 후진중충돌,안전운전불이행,건조,맑음,단일로 - 기타,승용,여,50세,상해없음,이륜,남,40세,경상
2023120100100599,2023년 12월 1일 21시,금요일,대전광역시 서구 둔산동,경상사고,0,0,2,0,차대차 - 측면충돌,안전운전불이행,건조,맑음,기타 - 기타,승용,남,44세,상해없음,승용,남,25세,경상
2023120100100622,2023년 12월 1일 22시,금요일,대전광역시 서구 괴정동,경상사고,0,0,2,0,차대사람 - 기타,안전운전불이행,건조,맑음,단일로 - 기타,이륜,남,29세,상해없음,보행자,남,28세,경상
2023120200100022,2023년 12월 2일 01시,토요일,대전광역시 유성구 봉명동,경상사고,0,0,1,0,차대차 - 추돌,안전운전불이행,건조,맑음,기타 - 기타,승용,남,42세,상해없음,이륜,남,30세,경상
2023120200100066,2023년 12월 2일 07시,토요일,대전광역시 동구 성남동,경상사고,0,0,3,0,차대차 - 기타,교차로운행방법위반,건조,맑음,교차로 - 교차로부근,승합,남,75세,상해없음,승용,남,47세,경상
2023120200100101,2023년 12월 2일 09시,토요일,대전광역시 동구 판암동,경상사고,0,0,2,0,차대차 - 기타,안전거리미확보,건조,맑음,단일로 - 기타,승용,남,30세,상해없음,승합,남,70세,상해없음
2023120200100102,2023년 12월 2일 09시,토요일,대전광역시 서구 월평동,경상사고,0,0,1,0,차대차 - 기타,교차로운행방법위반,건조,맑음,교차로 - 교차로안,승용,여,42세,기타불명,승합,여,62세,경상
2023120200100103,2023년 12월 2일 09시,토요일,대전광역시 유성구 덕진동,경상사고,0,0,2,0,차대차 - 추돌,안전운전불이행,건조,맑음,단일로 - 기타,승용,남,40세,상해없음,승용,여,54세,경상
2023120200100133,2023년 12월 2일 10시,토요일,대전광역시 중구 문화동,중상사고,0,1,0,0,차대사람 - 기타,신호위반,건조,맑음,단일로 - 기타,승용,남,61세,상해없음,보행자,여,80세,중상
2023120200100176,2023년 12월 2일 11시,토요일,대전광역시 유성구 원신흥동,경상사고,0,0,4,0,차대차 - 측면충돌,직진우회전진행방해,건조,맑음,교차로 - 교차로안,이륜,남,23세,기타불명,승용,여,37세,경상
2023120200100201,2023년 12월 2일 12시,토요일,대전광역시 유성구 덕명동,중상사고,0,1,0,0,차대차 - 기타,안전거리미확보,건조,맑음,단일로 - 기타,승용,여,72세,기타불명,승용,여,53세,중상
2023120200100287,2023년 12월 2일 14시,토요일,대전광역시 동구 중동,경상사고,0,0,1,0,차대차 - 기타,안전운전불이행,건조,맑음,단일로 - 기타,승용,남,66세,상해없음,승합,남,52세,경상
2023120200100353,2023년 12월 2일 16시,토요일,대전광역시 유성구 관평동,부상신고사고,0,0,0,2,차대차 - 기타,안전운전불이행,건조,맑음,기타 - 기타,승용,여,45세,상해없음,승용,여,29세,부상신고
2023120200100395,2023년 12월 2일 17시,토요일,대전광역시 중구 오류동,경상사고,0,0,1,0,차대차 - 기타,안전운전불이행,건조,맑음,교차로 - 교차로부근,승용,남,41세,상해없음,승합,남,54세,상해없음
2023120200100487,2023년 12월 2일 19시,토요일,대전광역시 서구 둔산동,경상사고,0,0,1,0,차대차 - 기타,안전운전불이행,건조,맑음,교차로 - 교차로안,승용,여,62세,상해없음,승용,남,55세,경상
2023120200100488,2023년 12월 2일 19시,토요일,대전광역시 서구 탄방동,중상사고,0,1,0,0,차대사람 - 기타,안전운전불이행,건조,맑음,단일로 - 기타,승용,남,35세,상해없음,보행자,남,60세,중상
2023120200100490,2023년 12월 2일 19시,토요일,대전광역시 유성구 방동,경상사고,0,0,2,0,차대차 - 추돌,안전거리미확보,건조,맑음,단일로 - 기타,승용,남,50세,상해없음,승용,여,60세,경상
2023120200100522,2023년 12월 2일 20시,토요일,대전광역시 중구 문화동,경상사고,0,0,1,0,차대차 - 기타,안전운전불이행,건조,맑음,교차로 - 교차로부근,승합,남,57세,상해없음,승용,남,36세,경상
2023120200100523,2023년 12월 2일 20시,토요일,대전광역시 동구 정동,경상사고,0,0,4,0,차대차 - 측면충돌,안전거리미확보,건조,맑음,교차로 - 교차로부근,승용,여,31세,경상,승용,여,32세,경상
2023120200100524,2023년 12월 2일 20시,토요일,대전광역시 서구 관저동,경상사고,0,0,1,0,차대차 - 기타,중앙선침범,건조,맑음,교차로 - 교차로부근,이륜,남,42세,상해없음,승용,여,66세,경상
2023120200100543,2023년 12월 2일 21시,토요일,대전광역시 유성구 봉명동,경상사고,0,0,1,0,차대차 - 측면충돌,안전운전불이행,건조,맑음,기타 - 기타,승용,남,29세,상해없음,승용,남,50세,경상
2023120200100562,2023년 12월 2일 22시,토요일,대전광역시 유성구 봉명동,경상사고,0,0,1,0,차대사람 - 횡단중,안전거리미확보,건조,맑음,단일로 - 기타,승용,남,54세,상해없음,보행자,여,61세,경상
2023120300100068,2023년 12월 3일 09시,일요일,대전광역시 유성구 장대동,중상사고,0,1,0,0,차대차 - 측면충돌,안전운전불이행,건조,맑음,교차로 - 교차로횡단보도내,승용,남,68세,상해없음,자전거,남,76세,중상
2023120300100089,2023년 12월 3일 10시,일요일,대전광역시 대덕구 신탄진동,중상사고,0,1,0,0,차대사람 - 횡단중,보행자보호의무위반,건조,맑음,교차로 - 교차로횡단보도내,승용,여,38세,상해없음,보행자,여,70세,중상
2023120300100090,2023년 12월 3일 10시,일요일,대전광역시 유성구 용계동,경상사고,0,0,3,1,차대차 - 추돌,안전운전불이행,건조,맑음,기타 - 기타,승용,여,54세,상해없음,화물,남,41세,부상신고
2023120300100148,2023년 12월 3일 12시,일요일,대전광역시 유성구 궁동,경상사고,0,0,1,0,차대사람 - 보도통행중,기타,건조,맑음,기타 - 기타,자전거,남,60세,경상,보행자,남,27세,상해없음
2023120300100178,2023년 12월 3일 13시,일요일,대전광역시 동구 중동,경상사고,0,0,1,0,차대사람 - 횡단중,안전운전불이행,건조,맑음,교차로 - 교차로안,승용,남,50세,상해없음,보행자,남,63세,경상
2023120300100264,2023년 12월 3일 16시,일요일,대전광역시 동구 판암동,경상사고,0,0,1,0,차대차 - 후진중충돌,안전운전불이행,건조,맑음,단일로 - 기타,화물,남,60세,상해없음,이륜,남,38세,경상
2023120300100337,2023년 12월 3일 18시,일요일,대전광역시 중구 대흥동,중상사고,0,1,1,0,차대사람 - 기타,안전운전불이행,건조,맑음,교차로 - 교차로부근,승용,남,53세,상해없음,보행자,여,23세,중상
2023120300100338,2023년 12월 3일 18시,일요일,대전광역시 서구 관저동,경상사고,0,0,2,0,차대사람 - 횡단중,신호위반,건조,맑음,단일로 - 기타,이륜,남,21세,기타불명,보행자,여,15세,경상
2023120300100374,2023년 12월 3일 20시,일요일,대전광역시 서구 괴정동,경상사고,0,0,1,0,차대차 - 추돌,안전운전불이행,건조,맑음,교차로 - 교차로부근,이륜,남,23세,상해없음,승용,남,20세,경상
2023120300100408,2023년 12월 3일 22시,일요일,대전광역시 서구 용문동,경상사고,0,0,2,0,차대차 - 추돌,안전운전불이행,건조,흐림,교차로 - 교차로안,승용,남,41세,기타불명,승용,남,51세,경상
2023120400100010,2023년 12월 4일 00시,월요일,대전광역시 유성구 봉명동,경상사고,0,0,2,0,차대차 - 기타,기타,건조,맑음,교차로 - 교차로안,이륜,남,24세,경상,승용,남,59세,상해없음
2023120400100078,2023년 12월 4일 07시,월요일,대전광역시 유성구 봉명동,경상사고,0,0,1,0,차대차 - 추돌,안전운전불이행,건조,맑음,교차로 - 교차로부근,화물,남,49세,상해없음,승용,남,53세,경상
2023120400100131,2023년 12월 4일 08시,월요일,대전광역시 중구 석교동,경상사고,0,0,2,0,차대차 - 추돌,안전운전불이행,건조,맑음,단일로 - 기타,화물,남,30세,상해없음,승용,남,20세,경상
2023120400100132,2023년 12월 4일 08시,월요일,대전광역시 서구 만년동,경상사고,0,0,1,0,차대사람 - 횡단중,안전운전불이행,건조,맑음,교차로 - 교차로횡단보도내,승용,여,53세,상해없음,보행자,여,65세,경상
2023120400100177,2023년 12월 4일 09시,월요일,대전광역시 서구 월평동,중상사고,0,1,0,0,차대차 - 기타,안전운전불이행,건조,맑음,기타 - 기타,화물,남,59세,상해없음,승용,남,31세,중상
2023120400100178,2023년 12월 4일 09시,월요일,대전광역시 서구 둔산동,경상사고,0,0,3,0,차대차 - 기타,중앙선침범,건조,맑음,단일로 - 기타,승용,여,67세,상해없음,승용,여,24세,경상
2023120400100216,2023년 12월 4일 10시,월요일,대전광역시 중구 오류동,경상사고,0,0,1,0,차대사람 - 기타,보행자보호의무위반,건조,맑음,교차로 - 교차로부근,화물,남,57세,상해없음,보행자,여,23세,경상
2023120400100217,2023년 12월 4일 10시,월요일,대전광역시 대덕구 신대동,경상사고,0,0,4,0,차대차 - 추돌,안전운전불이행,건조,맑음,단일로 - 교량,화물,남,49세,경상,화물,남,71세,경상
2023120400100218,2023년 12월 4일 10시,월요일,대전광역시 서구 월평동,경상사고,0,0,3,0,차대차 - 측면충돌,신호위반,건조,맑음,교차로 - 교차로부근,승용,여,55세,상해없음,승용,여,28세,경상
2023120400100258,2023년 12월 4일 11시,월요일,대전광역시 중구 태평동,중상사고,0,1,0,0,차대차 - 측면충돌,안전거리미확보,건조,맑음,단일로 - 기타,화물,남,37세,상해없음,승용,여,67세,중상
2023120400100259,2023년 12월 4일 11시,월요일,대전광역시 서구 탄방동,중상사고,0,1,0,0,차대사람 - 기타,안전운전불이행,건조,맑음,단일로 - 기타,승용,남,67세,상해없음,보행자,여,66세,중상
2023120400100295,2023년 12월 4일 12시,월요일,대전광역시 대덕구 덕암동,중상사고,0,1,1,0,차대차 - 측면충돌,안전운전불이행,건조,맑음,단일로 - 기타,특수,남,29세,상해없음,승용,남,26세,경상
2023120400100296,2023년 12월 4일 12시,월요일,대전광역시 서구 만년동,경상사고,0,0,2,0,차대차 - 추돌,안전운전불이행,건조,맑음,단일로 - 기타,승용,남,42세,상해없음,승용,여,42세,경상
2023120400100344,2023년 12월 4일 13시,월요일,대전광역시 중구 오류동,경상사고,0,0,1,0,차대차 - 추돌,안전운전불이행,건조,맑음,교차로 - 교차로부근,승용,남,46세,상해없음,화물,남,43세,경상
2023120400100345,2023년 12월 4일 13시,월요일,대전광역시 동구 중동,중상사고,0,1,1,0,차대차 - 측면충돌,안전운전불이행,건조,맑음,교차로 - 교차로안,이륜,남,57세,중상,승용,남,58세,경상
2023120400100378,2023년 12월 4일 14시,월요일,대전광역시 동구 중동,경상사고,0,0,3,0,차량단독 - 기타,안전운전불이행,건조,맑음,단일로 - 기타,승합,남,31세,상해없음,,,,
2023120400100405,2023년 12월 4일 15시,월요일,대전광역시 유성구 원내동,경상사고,0,0,1,0,차대차 - 기타,신호위반,건조,맑음,교차로 - 교차로부근,승용,남,73세,상해없음,승용,남,52세,경상
2023120400100490,2023년 12월 4일 17시,월요일,대전광역시 서구 도안동,경상사고,0,0,1,0,차대차 - 측면충돌,교차로운행방법위반,건조,맑음,교차로 - 교차로안,승용,남,71세,상해없음,원동기,남,43세,경상
2023120400100579,2023년 12월 4일 19시,월요일,대전광역시 유성구 하기동,경상사고,0,0,1,0,차대차 - 기타,안전운전불이행,건조,맑음,교차로 - 교차로안,승용,남,54세,기타불명,승용,여,58세,경상
2023120400100604,2023년 12월 4일 20시,월요일,대전광역시 유성구 봉명동,경상사고,0,0,2,0,차대차 - 후진중충돌,안전운전불이행,건조,맑음,단일로 - 기타,승용,여,45세,상해없음,승용,남,41세,경상
2023120400100605,2023년 12월 4일 20시,월요일,대전광역시 유성구 궁동,경상사고,0,0,2,0,차대차 - 기타,안전운전불이행,건조,맑음,교차로 - 교차로안,승용,남,26세,기타불명,승용,남,25세,경상
2023120400100628,2023년 12월 4일 21시,월요일,대전광역시 서구 관저동,경상사고,0,0,2,0,차대차 - 측면충돌,교차로운행방법위반,건조,맑음,교차로 - 교차로안,승합,남,49세,상해없음,승용,남,56세,경상
2023120400100629,2023년 12월 4일 21시,월요일,대전광역시 대덕구 법동,중상사고,0,1,0,0,차대차 - 기타,신호위반,건조,맑음,단일로 - 기타,승용,여,64세,상해없음,승용,남,40세,중상
2023120400100657,2023년 12월 4일 23시,월요일,대전광역시 중구 중촌동,경상사고,0,0,2,0,차대차 - 추돌,안전운전불이행,건조,맑음,교차로 - 교차로부근,승용,남,55세,상해없음,화물,남,46세,경상
2023120500100007,2023년 12월 5일 00시,화요일,대전광역시 서구 괴정동,경상사고,0,0,1,0,차대차 - 측면충돌,안전운전불이행,건조,맑음,단일로 - 기타,이륜,남,33세,경상,승용,남,62세,상해없음
2023120500100063,2023년 12월 5일 07시,화요일,대전광역시 서구 용문동,중상사고,0,1,4,0,차대차 - 기타,기타,건조,맑음,교차로 - 교차로부근,승용,남,67세,상해없음,승용,여,60세,경상
2023120500100064,2023년 12월 5일 07시,화요일,대전광역시 유성구 도룡동,경상사고,0,0,1,0,차대차 - 측면충돌,안전운전불이행,건조,맑음,단일로 - 기타,승용,남,63세,상해없음,승용,여,52세,경상
2023120500100104,2023년 12월 5일 08시,화요일,대전광역시 동구 대동,경상사고,0,0,1,0,차대차 - 측면충돌,교차로운행방법위반,건조,맑음,교차로 - 교차로부근,승용,여,46세,기타불명,승용,남,40세,경상
2023120500100129,2023년 12월 5일 09시,화요일,대전광역시 동구 원동,중상사고,0,1,0,0,차대사람 - 횡단중,안전운전불이행,건조,맑음,단일로 - 기타,화물,남,71세,상해없음,보행자,여,66세,중상
2023120500100182,2023년 12월 5일 11시,화요일,대전광역시 유성구 전민동,경상사고,0,0,1,0,차대차 - 정면충돌,안전운전불이행,건조,맑음,단일로 - 기타,화물,남,63세,상해없음,승용,남,80세,경상
2023120500100183,2023년 12월 5일 11시,화요일,대전광역시 유성구 원신흥동,경상사고,0,0,2,0,차대차 - 측면충돌,안전운전불이행,건조,맑음,교차로 - 교차로부근,승용,남,50세,경상,승용,남,39세,경상
2023120500100249,2023년 12월 5일 13시,화요일,대전광역시 동구 삼성동,경상사고,0,0,1,0,차대차 - 측면충돌,안전운전불이행,건조,맑음,교차로 - 교차로안,승용,남,70세,상해없음,승용,여,62세,경상
2023120500100250,2023년 12월 5일 13시,화요일,대전광역시 서구 도마동,경상사고,0,0,1,0,차대차 - 기타,안전운전불이행,건조,맑음,교차로 - 교차로부근,승용,여,65세,상해없음,승용,여,62세,경상
2023120500100251,2023년 12월 5일 13시,화요일,대전광역시 대덕구 오정동,중상사고,0,1,0,0,차대차 - 측면충돌,안전운전불이행,건조,맑음,단일로 - 지하차도(도로)내,승용,남,69세,기타불명,승용,남,58세,기타불명
2023120500100287,2023년 12월 5일 14시,화요일,대전광역시 서구 둔산동,경상사고,0,0,3,0,차대차 - 측면충돌,교차로운행방법위반,건조,맑음,교차로 - 교차로안,승용,여,64세,경상,승용,남,52세,경상
2023120500100357,2023년 12월 5일 16시,화요일,대전광역시 서구 탄방동,경상사고,0,0,1,0,차대차 - 측면충돌,신호위반,건조,맑음,교차로 - 교차로횡단보도내,승용,남,27세,상해없음,자전거,남,47세,경상
2023120500100376,2023년 12월 5일 17시,화요일,대전광역시 유성구 교촌동,경상사고,0,0,1,0,차대차 - 추돌,안전운전불이행,건조,맑음,단일로 - 기타,승용,여,24세,상해없음,승용,여,33세,경상
2023120500100393,2023년 12월 5일 17시,화요일,대전광역시 유성구 장대동,경상사고,0,0,2,0,차대차 - 추돌,안전거리미확보,건조,맑음,교차로 - 교차로안,승용,여,20세,경상,화물,남,47세,경상
2023120500100454,2023년 12월 5일 18시,화요일,대전광역시 동구 판암동,경상사고,0,0,1,0,차대차 - 측면충돌,교차로운행방법위반,건조,맑음,교차로 - 교차로안,승용,여,33세,상해없음,승용,남,61세,경상
2023120500100455,2023년 12월 5일 18시,화요일,대전광역시 동구 용운동,경상사고,0,0,3,0,차대차 - 측면충돌,교차로운행방법위반,건조,맑음,교차로 - 교차로안,승용,남,38세,경상,승용,남,65세,경상
2023120500100456,2023년 12월 5일 18시,화요일,대전광역시 서구 탄방동,경상사고,0,0,2,0,차대차 - 측면충돌,안전운전불이행,건조,맑음,교차로 - 교차로안,승용,남,55세,상해없음,승용,여,35세,경상
2023120500100494,2023년 12월 5일 19시,화요일,대전광역시 대덕구 중리동,경상사고,0,0,1,0,차대차 - 측면충돌,직진우회전진행방해,건조,맑음,교차로 - 교차로안,이륜,남,37세,상해없음,승용,남,48세,경상
2023120500100495,2023년 12월 5일 19시,화요일,대전광역시 서구 갈마동,경상사고,0,0,1,0,차대차 - 기타,안전운전불이행,건조,맑음,교차로 - 교차로안,이륜,남,43세,상해없음,이륜,남,30세,경상
2023120500100525,2023년 12월 5일 20시,화요일,대전광역시 동구 효동,경상사고,0,0,2,0,차대차 - 추돌,안전운전불이행,건조,맑음,교차로 - 교차로부근,이륜,남,41세,상해없음,승용,남,33세,경상
2023120500100526,2023년 12월 5일 20시,화요일,대전광역시 동구 자양동,경상사고,0,0,1,0,차대차 - 측면충돌,교차로운행방법위반,건조,맑음,교차로 - 교차로안,원동기,남,23세,상해없음,원동기,남,43세,경상
2023120500100558,2023년 12월 5일 21시,화요일,대전광역시 서구 도안동,중상사고,0,1,0,0,차대차 - 측면충돌,안전운전불이행,건조,맑음,교차로 - 교차로횡단보도내,승용,남,61세,상해없음,개인형이동수단(PM),여,33세,중상
2023120500100574,2023년 12월 5일 22시,화요일,대전광역시 유성구 문지동,경상사고,0,0,1,0,차대사람 - 기타,보행자보호의무위반,건조,맑음,기타 - 기타,승용,남,42세,상해없음,보행자,남,41세,경상
2023120600100032,2023년 12월 6일 04시,수요일,대전광역시 유성구 구암동,중상사고,0,1,0,0,차대사람 - 차도통행중,안전운전불이행,건조,맑음,단일로 - 기타,자전거,여,26세,상해없음,보행자,여,82세,중상
2023120600100038,2023년 12월 6일 05시,수요일,대전광역시 동구 용전동,경상사고,0,0,3,0,차대차 - 추돌,안전운전불이행,건조,맑음,교차로 - 교차로부근,화물,남,51세,상해없음,승용,남,23세,경상
2023120600100082,2023년 12월 6일 07시,수요일,대전광역시 유성구 용산동,부상신고사고,0,0,0,1,차대차 - 기타,신호위반,건조,맑음,교차로 - 교차로안,기타불명,기타불명,미분류,기타불명,승용,남,56세,부상신고
2023120600100115,2023년 12월 6일 08시,수요일,대전광역시 유성구 봉명동,경상사고,0,0,2,0,차대차 - 추돌,교차로운행방법위반,건조,맑음,교차로 - 교차로안,승용,여,24세,경상,승용,여,29세,경상
2023120600100147,2023년 12월 6일 09시,수요일,대전광역시 대덕구 읍내동,경상사고,0,0,1,0,차대차 - 측면충돌,안전운전불이행,건조,맑음,단일로 - 기타,화물,남,38세,상해없음,자전거,남,68세,경상
2023120600100184,2023년 12월 6일 10시,수요일,대전광역시 서구 괴정동,경상사고,0,0,1,0,차대차 - 측면충돌,안전거리미확보,건조,맑음,교차로 - 교차로부근,승용,남,73세,상해없음,승용,여,38세,경상
2023120600100202,2023년 12월 6일 11시,수요일,대전광역시 중구 문화동,경상사고,0,0,1,0,차대차 - 측면충돌,안전거리미확보,건조,맑음,단일로 - 기타,승용,남,81세,상해없음,승용,남,59세,경상
2023120600100203,2023년 12월 6일 11시,수요일,대전광역시 동구 판암동,중상사고,0,1,0,0,차대사람 - 횡단중,보행자보호의무위반,건조,맑음,교차로 - 교차로횡단보도내,화물,남,53세,상해없음,보행자,여,81세,중상
2023120600100226,2023년 12월 6일 12시,수요일,대전광역시 동구 용전동,경상사고,0,0,2,0,차대차 - 기타,안전운전불이행,건조,맑음,교차로 - 교차로부근,승용,남,28세,경상,화물,남,30세,경상
2023120600100227,2023년 12월 6일 12시,수요일,대전광역시 서구 관저동,경상사고,0,0,1,0,차대차 - 기타,안전운전불이행,건조,맑음,교차로 - 교차로안,승용,여,39세,상해없음,이륜,남,56세,경상
2023120600100272,2023년 12월 6일 14시,수요일,대전광역시 유성구 봉명동,중상사고,0,1,0,0,차대사람 - 기타,안전운전불이행,건조,맑음,단일로 - 기타,승용,남,67세,상해없음,보행자,여,76세,중상
2023120600100325,2023년 12월 6일 16시,수요일,대전광역시 중구 안영동,경상사고,0,0,1,0,차대차 - 기타,차로위반,젖음/습기,비,단일로 - 기타,승용,여,64세,상해없음,승용,여,30세,경상
2023120600100326,2023년 12월 6일 16시,수요일,대전광역시 유성구 안산동,경상사고,0,0,1,0,차대차 - 추돌,안전거리미확보,젖음/습기,비,기타 - 기타,승용,남,30세,상해없음,승용,여,52세,경상
2023120600100327,2023년 12월 6일 16시,수요일,대전광역시 유성구 자운동,경상사고,0,0,1,0,차대차 - 기타,신호위반,젖음/습기,비,교차로 - 교차로안,승용,남,54세,상해없음,승용,여,28세,경상
2023120600100368,2023년 12월 6일 17시,수요일,대전광역시 유성구 전민동,경상사고,0,0,1,0,차대차 - 측면충돌,안전운전불이행,젖음/습기,비,단일로 - 기타,화물,남,30세,상해없음,승용,남,38세,경상
2023120600100369,2023년 12월 6일 17시,수요일,대전광역시 유성구 원내동,경상사고,0,0,3,0,차대차 - 추돌,안전운전불이행,젖음/습기,비,단일로 - 기타,화물,남,63세,상해없음,승용,여,22세,경상
2023120600100396,2023년 12월 6일 17시,수요일,대전광역시 중구 산성동,중상사고,0,1,0,0,차대차 - 추돌,안전운전불이행,젖음/습기,비,단일로 - 교량,승용,여,62세,상해없음,화물,남,61세,중상