사고번호,사고일시,요일,시군구,사고내용,사망자수,중상자수,경상자수,부상신고자수,사고유형,법규위반,노면상태,기상상태,도로형태,가해운전자 차종,가해운전자 성별,가해운전자 연령,가해운전자 상해정도,피해운전자 차종,피해운전자 성별,피해운전자 연령,피해운전자 상해정도
2023121200100019,2023년 12월 12일 02시,화요일,대전광역시 중구 태평동,경상사고,0,0,2,0,차대차 - 기타,안전운전불이행,건조,맑음,교차로 - 교차로부근,승용,남,38세,상해없음,승용,여,40세,경상
2023121200100024,2023년 12월 12일 03시,화요일,대전광역시 중구 대흥동,경상사고,0,0,1,0,차대차 - 기타,안전운전불이행,젖음/습기,흐림,교차로 - 교차로부근,승용,여,16세,상해없음,승용,남,61세,경상
2023121200100065,2023년 12월 12일 06시,화요일,대전광역시 서구 관저동,경상사고,0,0,1,0,차대차 - 측면충돌,안전거리미확보,건조,맑음,단일로 - 기타,승용,남,67세,상해없음,승용,남,43세,경상
2023121200100137,2023년 12월 12일 08시,화요일,대전광역시 서구 월평동,경상사고,0,0,2,0,차대차 - 기타,안전거리미확보,건조,기타,단일로 - 기타,승용,남,60세,경상,승용,남,29세,경상
2023121200100195,2023년 12월 12일 10시,화요일,대전광역시 동구 용전동,중상사고,0,1,8,0,차대차 - 추돌,안전거리미확보,건조,맑음,단일로 - 기타,승합,남,59세,상해없음,승용,남,66세,경상
2023121200100225,2023년 12월 12일 11시,화요일,대전광역시 동구 삼성동,경상사고,0,0,1,0,차대차 - 추돌,안전운전불이행,건조,맑음,단일로 - 기타,승용,여,51세,상해없음,승용,남,40세,경상
2023121200100276,2023년 12월 12일 13시,화요일,대전광역시 서구 탄방동,경상사고,0,0,2,0,차대차 - 기타,안전운전불이행,건조,맑음,교차로 - 교차로부근,승용,남,33세,상해없음,승용,여,48세,경상
2023121200100277,2023년 12월 12일 13시,화요일,대전광역시 유성구 봉명동,중상사고,0,1,0,0,차대사람 - 기타,안전운전불이행,건조,맑음,기타 - 기타,승용,여,55세,상해없음,보행자,남,68세,중상
2023121200100356,2023년 12월 12일 15시,화요일,대전광역시 유성구 봉명동,중상사고,0,1,0,0,차대사람 - 횡단중,안전운전불이행,건조,맑음,단일로 - 기타,승용,여,32세,상해없음,보행자,여,69세,중상
2023121200100391,2023년 12월 12일 16시,화요일,대전광역시 중구 문화동,경상사고,0,0,2,0,차대차 - 기타,신호위반,건조,맑음,단일로 - 기타,승용,남,75세,기타불명,승용,남,40세,경상
2023121200100392,2023년 12월 12일 16시,화요일,대전광역시 대덕구 대화동,중상사고,0,1,0,0,차대사람 - 길가장자리구역통행중,안전운전불이행,건조,맑음,교차로 - 교차로부근,건설기계,남,59세,상해없음,보행자,여,74세,중상
2023121200100455,2023년 12월 12일 17시,화요일,대전광역시 대덕구 중리동,경상사고,0,0,2,0,차대차 - 추돌,안전운전불이행,건조,맑음,단일로 - 기타,이륜,남,41세,상해없음,승용,남,36세,경상
2023121200100518,2023년 12월 12일 18시,화요일,대전광역시 동구 성남동,중상사고,0,1,0,0,차대사람 - 횡단중,보행자보호의무위반,건조,맑음,교차로 - 교차로횡단보도내,승용,남,28세,상해없음,보행자,여,27세,중상
2023121200100548,2023년 12월 12일 19시,화요일,대전광역시 대덕구 비래동,경상사고,0,0,1,0,차대차 - 기타,안전운전불이행,건조,맑음,단일로 - 기타,승용,남,39세,상해없음,승합,남,49세,상해없음
2023121200100549,2023년 12월 12일 19시,화요일,대전광역시 서구 월평동,경상사고,0,0,1,0,차대차 - 기타,교차로운행방법위반,건조,맑음,교차로 - 교차로안,승용,남,29세,상해없음,원동기,남,28세,경상
2023121200100590,2023년 12월 12일 21시,화요일,대전광역시 서구 용문동,경상사고,0,0,3,0,차대차 - 추돌,신호위반,건조,맑음,교차로 - 교차로부근,승용,남,26세,상해없음,승용,남,55세,경상
2023121200100604,2023년 12월 12일 22시,화요일,대전광역시 대덕구 비래동,경상사고,0,0,6,0,차대차 - 측면충돌,안전거리미확보,건조,맑음,단일로 - 기타,승용,여,50세,경상,화물,남,65세,경상
2023121200100606,2023년 12월 12일 22시,화요일,대전광역시 서구 관저동,경상사고,0,0,1,0,차대차 - 추돌,안전운전불이행,건조,맑음,단일로 - 기타,승용,남,41세,상해없음,특수,남,33세,경상
2023121200100612,2023년 12월 12일 22시,화요일,대전광역시 대덕구 송촌동,경상사고,0,0,1,0,차대차 - 기타,교차로운행방법위반,건조,맑음,교차로 - 교차로안,승용,남,63세,상해없음,이륜,남,35세,상해없음
2023121200100613,2023년 12월 12일 22시,화요일,대전광역시 서구 월평동,경상사고,0,0,2,0,차대차 - 기타,신호위반,건조,맑음,교차로 - 교차로안,승용,여,37세,상해없음,승용,남,25세,경상
2023121300100010,2023년 12월 13일 00시,수요일,대전광역시 중구 문창동,중상사고,0,1,0,0,차대사람 - 기타,안전운전불이행,건조,맑음,교차로 - 교차로부근,승용,남,72세,상해없음,보행자,남,80세,중상
2023121300100067,2023년 12월 13일 07시,수요일,대전광역시 대덕구 와동,경상사고,0,0,1,0,차대차 - 후진중충돌,안전운전불이행,건조,맑음,단일로 - 기타,승용,남,48세,상해없음,승용,여,38세,경상
2023121300100068,2023년 12월 13일 07시,수요일,대전광역시 서구 갈마동,경상사고,0,0,1,0,차대사람 - 횡단중,보행자보호의무위반,건조,맑음,단일로 - 기타,승용,남,48세,기타불명,보행자,여,18세,경상
2023121300100069,2023년 12월 13일 07시,수요일,대전광역시 유성구 반석동,경상사고,0,0,1,0,차대차 - 기타,안전거리미확보,건조,맑음,기타 - 기타,화물,남,50세,상해없음,승용,여,46세,경상
2023121300100070,2023년 12월 13일 07시,수요일,대전광역시 유성구 구암동,중상사고,0,1,0,0,차대사람 - 보도통행중,안전운전불이행,건조,맑음,단일로 - 기타,개인형이동수단(PM),여,27세,기타불명,보행자,남,43세,중상
2023121300100225,2023년 12월 13일 12시,수요일,대전광역시 서구 용문동,경상사고,0,0,1,0,차대사람 - 길가장자리구역통행중,안전운전불이행,건조,맑음,단일로 - 기타,승용,여,49세,기타불명,보행자,남,24세,경상
2023121300100226,2023년 12월 13일 12시,수요일,대전광역시 유성구 봉명동,경상사고,0,0,1,0,차대차 - 기타,신호위반,건조,맑음,단일로 - 기타,승용,남,41세,상해없음,승용,남,30세,경상
2023121300100263,2023년 12월 13일 13시,수요일,대전광역시 유성구 봉명동,중상사고,0,1,0,0,차대사람 - 횡단중,보행자보호의무위반,건조,맑음,교차로 - 교차로횡단보도내,개인형이동수단(PM),남,23세,상해없음,보행자,여,68세,중상
2023121300100264,2023년 12월 13일 13시,수요일,대전광역시 유성구 복용동,경상사고,0,0,1,0,차대차 - 기타,안전운전불이행,건조,맑음,기타 - 기타,이륜,남,23세,상해없음,승용,여,30세,경상
2023121300100289,2023년 12월 13일 14시,수요일,대전광역시 동구 대동,경상사고,0,0,1,0,차량단독 - 공작물충돌,안전운전불이행,건조,맑음,단일로 - 기타,승용,남,29세,상해없음,,,,
2023121300100357,2023년 12월 13일 16시,수요일,대전광역시 서구 도마동,경상사고,0,0,1,0,차대사람 - 횡단중,보행자보호의무위반,건조,맑음,교차로 - 교차로횡단보도내,승용,남,33세,상해없음,보행자,남,25세,경상
2023121300100415,2023년 12월 13일 17시,수요일,대전광역시 서구 둔산동,경상사고,0,0,1,0,차대차 - 기타,안전운전불이행,건조,맑음,교차로 - 교차로부근,승용,여,41세,상해없음,건설기계,남,49세,경상
2023121300100416,2023년 12월 13일 17시,수요일,대전광역시 서구 월평동,경상사고,0,0,1,0,차대차 - 후진중충돌,안전운전불이행,건조,맑음,단일로 - 기타,승용,남,55세,상해없음,이륜,남,50세,경상
2023121300100417,2023년 12월 13일 17시,수요일,대전광역시 유성구 구암동,경상사고,0,0,2,0,차대차 - 기타,안전거리미확보,건조,기타,단일로 - 기타,승용,남,65세,상해없음,승용,여,48세,경상
2023121300100480,2023년 12월 13일 18시,수요일,대전광역시 서구 둔산동,경상사고,0,0,1,0,차대차 - 기타,안전운전불이행,건조,맑음,기타 - 기타,승용,여,36세,상해없음,자전거,남,29세,경상
2023121300100516,2023년 12월 13일 19시,수요일,대전광역시 서구 도안동,경상사고,0,0,1,0,차대차 - 기타,안전운전불이행,건조,맑음,교차로 - 교차로부근,화물,남,27세,상해없음,승용,남,38세,경상
2023121300100517,2023년 12월 13일 19시,수요일,대전광역시 대덕구 중리동,경상사고,0,0,1,0,차대차 - 측면충돌,안전운전불이행,건조,맑음,교차로 - 교차로부근,이륜,남,62세,상해없음,승용,남,39세,경상
2023121300100545,2023년 12월 13일 20시,수요일,대전광역시 서구 갈마동,경상사고,0,0,1,0,차대차 - 기타,안전운전불이행,건조,맑음,교차로 - 교차로안,승용,남,30세,상해없음,개인형이동수단(PM),남,27세,경상
2023121300100583,2023년 12월 13일 22시,수요일,대전광역시 서구 가장동,경상사고,0,0,1,0,차대사람 - 횡단중,안전운전불이행,건조,맑음,교차로 - 교차로횡단보도내,승용,남,66세,기타불명,보행자,여,23세,경상
2023121300100584,2023년 12월 13일 22시,수요일,대전광역시 서구 월평동,중상사고,0,1,0,0,차대차 - 기타,안전운전불이행,건조,맑음,교차로 - 교차로안,승용,남,29세,기타불명,이륜,남,56세,중상
2023121400100010,2023년 12월 14일 00시,목요일,대전광역시 서구 만년동,사망사고,1,0,0,0,차대차 - 측면충돌,안전운전불이행,건조,맑음,단일로 - 기타,화물,남,66세,상해없음,자전거,남,61세,사망
2023121400100035,2023년 12월 14일 05시,목요일,대전광역시 서구 월평동,경상사고,0,0,1,0,차대차 - 기타,중앙선침범,건조,맑음,기타 - 기타,승용,남,37세,기타불명,승용,남,55세,경상
2023121400100052,2023년 12월 14일 06시,목요일,대전광역시 대덕구 오정동,경상사고,0,0,1,0,차대차 - 측면충돌,안전운전불이행,건조,맑음,단일로 - 기타,승용,남,68세,상해없음,승용,남,41세,경상
2023121400100053,2023년 12월 14일 06시,목요일,대전광역시 서구 월평동,경상사고,0,0,3,0,차대차 - 측면충돌,안전운전불이행,건조,맑음,단일로 - 기타,승용,여,20세,상해없음,승합,남,37세,경상
2023121400100134,2023년 12월 14일 09시,목요일,대전광역시 서구 월평동,중상사고,0,1,0,0,차대차 - 기타,안전거리미확보,건조,맑음,단일로 - 기타,승용,남,70세,상해없음,승합,남,42세,상해없음
2023121400100135,2023년 12월 14일 09시,목요일,대전광역시 유성구 노은동,경상사고,0,0,1,0,차대차 - 추돌,안전거리미확보,건조,흐림,단일로 - 기타,승용,남,36세,상해없음,승용,남,34세,경상
2023121400100185,2023년 12월 14일 11시,목요일,대전광역시 서구 관저동,중상사고,0,1,1,0,차대차 - 측면충돌,안전거리미확보,건조,맑음,교차로 - 교차로안,승용,남,76세,기타불명,승용,여,27세,중상
2023121400100234,2023년 12월 14일 13시,목요일,대전광역시 서구 둔산동,경상사고,0,0,2,0,차대차 - 기타,안전거리미확보,건조,맑음,단일로 - 기타,승용,여,24세,경상,이륜,남,35세,경상
2023121400100268,2023년 12월 14일 14시,목요일,대전광역시 중구 유천동,경상사고,0,0,1,0,차대차 - 기타,안전운전불이행,젖음/습기,흐림,교차로 - 교차로안,승용,여,49세,상해없음,개인형이동수단(PM),남,49세,경상
2023121400100301,2023년 12월 14일 15시,목요일,대전광역시 대덕구 오정동,부상신고사고,0,0,0,1,차대차 - 측면충돌,교차로운행방법위반,건조,맑음,교차로 - 교차로안,승용,여,74세,상해없음,승용,여,37세,부상신고
2023121400100398,2023년 12월 14일 17시,목요일,대전광역시 중구 유천동,사망사고,1,0,0,0,차대사람 - 기타,기타,젖음/습기,비,교차로 - 교차로횡단보도내,승용,남,35세,상해없음,보행자,여,79세,사망
2023121400100399,2023년 12월 14일 17시,목요일,대전광역시 중구 용두동,경상사고,0,0,2,0,차대차 - 기타,신호위반,젖음/습기,비,교차로 - 교차로부근,승용,남,65세,상해없음,승용,남,25세,경상
2023121400100400,2023년 12월 14일 17시,목요일,대전광역시 서구 탄방동,경상사고,0,0,1,0,차대차 - 기타,안전운전불이행,젖음/습기,비,교차로 - 교차로부근,이륜,남,27세,상해없음,승용,남,69세,경상
2023121400100401,2023년 12월 14일 17시,목요일,대전광역시 유성구 지족동,경상사고,0,0,1,0,차대차 - 측면충돌,교차로운행방법위반,건조,맑음,교차로 - 교차로부근,승용,남,60세,상해없음,승용,여,40세,경상
2023121400100493,2023년 12월 14일 18시,목요일,대전광역시 동구 소제동,중상사고,0,2,0,0,차대차 - 측면충돌,차로위반,젖음/습기,비,단일로 - 기타,승용,여,59세,상해없음,승용,여,56세,중상
2023121400100494,2023년 12월 14일 18시,목요일,대전광역시 서구 둔산동,경상사고,0,0,1,0,차대차 - 측면충돌,신호위반,젖음/습기,비,교차로 - 교차로안,이륜,남,38세,상해없음,이륜,남,33세,경상
2023121400100495,2023년 12월 14일 18시,목요일,대전광역시 유성구 탑립동,경상사고,0,0,1,0,차대사람 - 기타,안전운전불이행,젖음/습기,비,단일로 - 기타,승합,남,44세,상해없음,보행자,남,69세,경상
2023121400100496,2023년 12월 14일 18시,목요일,대전광역시 유성구 반석동,경상사고,0,0,1,0,차대차 - 기타,교차로운행방법위반,젖음/습기,비,단일로 - 기타,승용,남,54세,상해없음,승용,여,56세,경상
2023121400100600,2023년 12월 14일 20시,목요일,대전광역시 동구 성남동,경상사고,0,0,1,0,차대차 - 기타,신호위반,젖음/습기,비,단일로 - 기타,승용,남,41세,상해없음,자전거,남,25세,경상
2023121400100601,2023년 12월 14일 20시,목요일,대전광역시 동구 가양동,경상사고,0,0,1,0,차대차 - 기타,중앙선침범,젖음/습기,비,교차로 - 교차로부근,기타불명,기타불명,미분류,기타불명,승용,남,43세,경상
2023121400100602,2023년 12월 14일 20시,목요일,대전광역시 대덕구 신대동,경상사고,0,0,2,0,차대차 - 추돌,안전거리미확보,건조,맑음,단일로 - 고가도로위,승용,남,28세,상해없음,화물,남,45세,경상
2023121400100603,2023년 12월 14일 20시,목요일,대전광역시 유성구 봉명동,경상사고,0,0,1,0,차대차 - 측면충돌,안전운전불이행,젖음/습기,비,단일로 - 기타,승용,남,70세,상해없음,승용,남,37세,기타불명
2023121400100640,2023년 12월 14일 21시,목요일,대전광역시 중구 대흥동,경상사고,0,0,1,0,차대차 - 기타,신호위반,젖음/습기,비,교차로 - 교차로안,승용,남,22세,상해없음,승용,남,47세,경상
2023121400100676,2023년 12월 14일 22시,목요일,대전광역시 대덕구 중리동,중상사고,0,1,0,0,차대사람 - 차도통행중,안전운전불이행,젖음/습기,비,단일로 - 기타,승용,남,57세,상해없음,보행자,남,54세,중상
2023121400100692,2023년 12월 14일 23시,목요일,대전광역시 대덕구 중리동,경상사고,0,0,1,0,차대차 - 추돌,안전운전불이행,젖음/습기,비,단일로 - 기타,승용,남,48세,상해없음,승용,남,29세,경상
2023121500100019,2023년 12월 15일 00시,금요일,대전광역시 유성구 구암동,경상사고,0,0,3,0,차대차 - 추돌,안전운전불이행,젖음/습기,비,단일로 - 기타,승용,여,49세,상해없음,승용,여,27세,경상
2023121500100139,2023년 12월 15일 07시,금요일,대전광역시 대덕구 송촌동,경상사고,0,0,2,0,차대사람 - 횡단중,신호위반,젖음/습기,비,교차로 - 교차로횡단보도내,승용,여,55세,상해없음,보행자,여,15세,경상
2023121500100180,2023년 12월 15일 08시,금요일,대전광역시 동구 소제동,경상사고,0,0,1,0,차량단독 - 공작물충돌,안전운전불이행,건조,맑음,기타 - 기타,승용,남,26세,경상,,,,
2023121500100181,2023년 12월 15일 08시,금요일,대전광역시 서구 가장동,경상사고,0,0,1,0,차대사람 - 기타,보행자보호의무위반,젖음/습기,비,교차로 - 교차로횡단보도내,승용,여,31세,상해없음,보행자,여,31세,경상
2023121500100218,2023년 12월 15일 09시,금요일,대전광역시 동구 성남동,경상사고,0,0,1,0,차대차 - 기타,안전운전불이행,젖음/습기,비,교차로 - 교차로부근,승용,여,75세,경상,승용,여,63세,상해없음
2023121500100337,2023년 12월 15일 13시,금요일,대전광역시 서구 정림동,경상사고,0,0,2,0,차대차 - 기타,안전운전불이행,젖음/습기,비,단일로 - 기타,승용,남,72세,상해없음,승용,남,66세,경상
2023121500100440,2023년 12월 15일 16시,금요일,대전광역시 동구 용운동,경상사고,0,0,1,0,차대차 - 추돌,안전운전불이행,건조,맑음,기타 - 기타,화물,여,37세,기타불명,승용,여,58세,경상
2023121500100441,2023년 12월 15일 16시,금요일,대전광역시 대덕구 중리동,경상사고,0,0,1,0,차대차 - 측면충돌,신호위반,젖음/습기,비,교차로 - 교차로안,승용,남,37세,상해없음,이륜,남,28세,경상
2023121500100442,2023년 12월 15일 16시,금요일,대전광역시 유성구 용산동,경상사고,0,0,1,0,차대사람 - 횡단중,안전운전불이행,건조,맑음,기타 - 기타,화물,남,42세,상해없음,보행자,여,49세,경상
2023121500100491,2023년 12월 15일 17시,금요일,대전광역시 중구 선화동,경상사고,0,0,1,0,차대차 - 기타,안전거리미확보,젖음/습기,비,단일로 - 기타,승용,남,42세,상해없음,승합,남,51세,경상
2023121500100492,2023년 12월 15일 17시,금요일,대전광역시 서구 가장동,경상사고,0,0,1,0,차대차 - 추돌,안전거리미확보,젖음/습기,흐림,교차로 - 교차로안,화물,남,53세,상해없음,승용,여,42세,경상
2023121500100493,2023년 12월 15일 17시,금요일,대전광역시 서구 용문동,경상사고,0,0,1,0,차대차 - 측면충돌,차로위반,젖음/습기,흐림,단일로 - 기타,승용,남,68세,상해없음,승용,여,24세,경상
2023121500100494,2023년 12월 15일 17시,금요일,대전광역시 대덕구 오정동,경상사고,0,0,1,0,차대차 - 기타,안전운전불이행,건조,맑음,기타 - 기타,승용,여,41세,기타불명,승용,남,39세,경상
2023121500100553,2023년 12월 15일 18시,금요일,대전광역시 동구 대동,경상사고,0,0,1,0,차대차 - 기타,교차로운행방법위반,젖음/습기,흐림,교차로 - 교차로안,승용,남,30세,상해없음,원동기,남,38세,경상
2023121500100554,2023년 12월 15일 18시,금요일,대전광역시 유성구 죽동,경상사고,0,0,1,0,차대사람 - 기타,안전운전불이행,건조,맑음,교차로 - 교차로부근,승용,남,50세,상해없음,보행자,여,48세,경상
2023121500100609,2023년 12월 15일 19시,금요일,대전광역시 유성구 장대동,경상사고,0,0,1,0,차대차 - 기타,안전운전불이행,건조,맑음,단일로 - 기타,승용,남,41세,기타불명,자전거,남,23세,경상
2023121500100640,2023년 12월 15일 20시,금요일,대전광역시 동구 성남동,중상사고,0,1,0,0,차대차 - 기타,안전운전불이행,서리/결빙,맑음,단일로 - 기타,기타불명,기타불명,미분류,기타불명,이륜,남,46세,중상
2023121500100641,2023년 12월 15일 20시,금요일,대전광역시 서구 변동,경상사고,0,0,1,0,차량단독 - 기타,기타,건조,맑음,단일로 - 기타,승용,남,66세,상해없음,,,,
2023121500100673,2023년 12월 15일 21시,금요일,대전광역시 동구 신흥동,경상사고,0,0,1,0,차대차 - 기타,신호위반,건조,맑음,교차로 - 교차로안,승용,남,31세,상해없음,승용,남,61세,경상
2023121500100707,2023년 12월 15일 22시,금요일,대전광역시 중구 선화동,중상사고,0,1,0,0,차대사람 - 기타,안전운전불이행,젖음/습기,비,단일로 - 기타,자전거,남,30세,상해없음,보행자,남,51세,중상
2023121500100748,2023년 12월 15일 23시,금요일,대전광역시 서구 둔산동,중상사고,0,1,0,0,차대사람 - 횡단중,보행자보호의무위반,젖음/습기,비,교차로 - 교차로횡단보도내,승용,남,71세,상해없음,보행자,남,36세,중상
2023121500100749,2023년 12월 15일 23시,금요일,대전광역시 유성구 복용동,경상사고,0,0,2,0,차대차 - 추돌,교차로운행방법위반,건조,맑음,교차로 - 교차로부근,승용,남,54세,상해없음,승용,남,37세,경상
2023121600100105,2023년 12월 16일 07시,토요일,대전광역시 서구 탄방동,경상사고,0,0,2,0,차대차 - 추돌,안전운전불이행,젖음/습기,눈,교차로 - 교차로부근,승용,남,37세,기타불명,화물,남,46세,경상
2023121600100121,2023년 12월 16일 08시,토요일,대전광역시 유성구 지족동,중상사고,0,1,0,0,차대차 - 추돌,안전운전불이행,건조,맑음,교차로 - 교차로부근,승용,여,40세,상해없음,승용,남,46세,중상
2023121600100187,2023년 12월 16일 11시,토요일,대전광역시 유성구 봉명동,경상사고,0,0,1,0,차대차 - 기타,교차로운행방법위반,건조,맑음,교차로 - 교차로부근,승용,남,30세,상해없음,이륜,남,30세,경상
2023121600100217,2023년 12월 16일 12시,토요일,대전광역시 서구 내동,경상사고,0,0,1,0,차대차 - 기타,안전운전불이행,건조,맑음,단일로 - 기타,이륜,남,36세,상해없음,승용,여,56세,경상
2023121600100218,2023년 12월 16일 12시,토요일,대전광역시 유성구 송강동,경상사고,0,0,1,0,차대차 - 기타,불법유턴,건조,맑음,기타 - 기타,승용,여,68세,상해없음,이륜,남,41세,경상
2023121600100279,2023년 12월 16일 14시,토요일,대전광역시 중구 오류동,경상사고,0,0,3,0,차대차 - 기타,안전거리미확보,건조,맑음,단일로 - 기타,승용,여,33세,상해없음,승용,남,64세,경상
2023121600100323,2023년 12월 16일 15시,토요일,대전광역시 동구 용전동,경상사고,0,0,2,1,차대차 - 측면충돌,교차로운행방법위반,건조,맑음,교차로 - 교차로안,승용,남,56세,경상,원동기,남,30세,부상신고
2023121600100324,2023년 12월 16일 15시,토요일,대전광역시 대덕구 신탄진동,경상사고,0,0,2,0,차대차 - 측면충돌,안전운전불이행,건조,맑음,단일로 - 기타,승합,남,56세,상해없음,승용,남,57세,경상
2023121600100366,2023년 12월 16일 16시,토요일,대전광역시 서구 도안동,경상사고,0,0,2,0,차대차 - 추돌,안전운전불이행,건조,맑음,단일로 - 기타,승용,남,34세,상해없음,승용,여,35세,경상
2023121600100414,2023년 12월 16일 17시,토요일,대전광역시 동구 중동,경상사고,0,0,1,0,차대사람 - 횡단중,보행자보호의무위반,건조,맑음,교차로 - 교차로횡단보도내,승용,남,64세,상해없음,보행자,남,67세,경상
2023121600100415,2023년 12월 16일 17시,토요일,대전광역시 유성구 송강동,경상사고,0,0,1,0,차대차 - 기타,안전운전불이행,건조,맑음,교차로 - 교차로안,승용,여,52세,상해없음,이륜,남,22세,경상
2023121600100475,2023년 12월 16일 18시,토요일,대전광역시 중구 유천동,경상사고,0,0,1,0,차량단독 - 기타,안전운전불이행,건조,흐림,단일로 - 기타,승합,남,59세,기타불명,,,,
2023121600100476,2023년 12월 16일 18시,토요일,대전광역시 서구 정림동,경상사고,0,0,1,0,차대차 - 추돌,안전운전불이행,건조,맑음,단일로 - 기타,승용,남,45세,상해없음,승용,남,55세,경상
2023121600100477,2023년 12월 16일 18시,토요일,대전광역시 서구 관저동,경상사고,0,0,2,0,차대차 - 후진중충돌,안전운전불이행,건조,맑음,단일로 - 기타,승용,남,67세,상해없음,화물,남,26세,경상
2023121600100590,2023년 12월 16일 22시,토요일,대전광역시 대덕구 중리동,경상사고,0,0,1,0,차대사람 - 기타,안전운전불이행,서리/결빙,눈,단일로 - 기타,승용,남,25세,상해없음,보행자,남,54세,경상
2023121600100605,2023년 12월 16일 23시,토요일,대전광역시 서구 변동,경상사고,0,0,1,0,차대차 - 측면충돌,안전운전불이행,적설,눈,교차로 - 교차로안,승용,남,23세,상해없음,승합,남,50세,경상
2023121600100606,2023년 12월 16일 23시,토요일,대전광역시 서구 둔산동,경상사고,0,0,1,0,차대차 - 후진중충돌,안전운전불이행,젖음/습기,눈,단일로 - 기타,승용,남,24세,상해없음,이륜,남,41세,경상
2023121600100607,2023년 12월 16일 23시,토요일,대전광역시 유성구 봉명동,경상사고,0,0,1,0,차대차 - 측면충돌,안전운전불이행,서리/결빙,맑음,교차로 - 교차로안,승용,남,43세,상해없음,이륜,남,41세,경상
2023121700100057,2023년 12월 17일 04시,일요일,대전광역시 중구 석교동,경상사고,0,0,1,0,차대차 - 기타,안전운전불이행,젖음/습기,흐림,단일로 - 기타,승용,남,66세,상해없음,승용,남,67세,상해없음
2023121700100058,2023년 12월 17일 04시,일요일,대전광역시 서구 용문동,경상사고,0,0,7,0,차대차 - 정면충돌,중앙선침범,젖음/습기,흐림,단일로 - 기타,승용,남,38세,상해없음,승용,남,45세,경상
2023121700100078,2023년 12월 17일 06시,일요일,대전광역시 동구 용전동,경상사고,0,0,2,0,차대차 - 측면충돌,안전운전불이행,젖음/습기,흐림,교차로 - 교차로부근,승용,여,33세,상해없음,승용,남,28세,경상
2023121700100132,2023년 12월 17일 11시,일요일,대전광역시 동구 삼정동,경상사고,0,0,2,0,차대차 - 추돌,안전운전불이행,건조,맑음,교차로 - 교차로횡단보도내,승용,여,34세,상해없음,승용,남,48세,경상
2023121700100133,2023년 12월 17일 11시,일요일,대전광역시 서구 월평동,경상사고,0,0,2,0,차대차 - 기타,안전운전불이행,서리/결빙,눈,교차로 - 교차로안,승용,남,34세,상해없음,승용,남,62세,경상
2023121700100163,2023년 12월 17일 12시,일요일,대전광역시 서구 가장동,경상사고,0,0,1,0,차대사람 - 기타,보행자보호의무위반,서리/결빙,맑음,교차로 - 교차로횡단보도내,이륜,남,24세,상해없음,보행자,여,58세,경상
2023121700100164,2023년 12월 17일 12시,일요일,대전광역시 서구 갈마동,중상사고,0,1,8,0,차대차 - 측면충돌,안전거리미확보,건조,맑음,단일로 - 기타,승합,남,55세,상해없음,이륜,남,20세,중상
2023121700100192,2023년 12월 17일 13시,일요일,대전광역시 서구 관저동,경상사고,0,0,1,0,차대차 - 추돌,안전거리미확보,건조,맑음,교차로 - 교차로안,승용,남,44세,상해없음,승용,남,40세,경상
2023121700100272,2023년 12월 17일 16시,일요일,대전광역시 서구 갈마동,경상사고,0,0,4,0,차대차 - 기타,안전운전불이행,서리/결빙,눈,교차로 - 교차로안,승용,남,62세,기타불명,승용,남,21세,경상
2023121700100297,2023년 12월 17일 17시,일요일,대전광역시 동구 가양동,경상사고,0,0,2,0,차대사람 - 보도통행중,보행자보호의무위반,건조,맑음,단일로 - 기타,승용,남,62세,상해없음,보행자,남,41세,경상
2023121700100298,2023년 12월 17일 17시,일요일,대전광역시 대덕구 오정동,중상사고,0,1,3,0,차대차 - 기타,직진우회전진행방해,건조,맑음,교차로 - 교차로안,승용,남,66세,상해없음,승용,남,66세,경상
2023121700100347,2023년 12월 17일 19시,일요일,대전광역시 중구 태평동,중상사고,0,1,0,0,차대사람 - 횡단중,보행자보호의무위반,건조,맑음,단일로 - 기타,승용,남,71세,상해없음,보행자,남,49세,중상
2023121700100367,2023년 12월 17일 20시,일요일,대전광역시 서구 둔산동,경상사고,0,0,1,0,차대사람 - 기타,안전운전불이행,건조,맑음,단일로 - 기타,승합,남,60세,상해없음,보행자,여,31세,경상
2023121800100020,2023년 12월 18일 03시,월요일,대전광역시 유성구 관평동,중상사고,0,1,0,0,차대차 - 기타,안전운전불이행,건조,맑음,기타 - 기타,승용,남,43세,상해없음,승용,여,43세,중상
2023121800100025,2023년 12월 18일 04시,월요일,대전광역시 대덕구 신일동,경상사고,0,0,1,0,차대차 - 후진중충돌,기타,건조,맑음,단일로 - 기타,승합,남,73세,상해없음,승용,남,59세,경상
2023121800100078,2023년 12월 18일 07시,월요일,대전광역시 유성구 봉명동,경상사고,0,0,2,0,차대차 - 기타,안전운전불이행,젖음/습기,맑음,교차로 - 교차로부근,화물,남,67세,상해없음,승용,여,29세,경상