사고번호,사고일시,요일,시군구,사고내용,사망자수,중상자수,경상자수,부상신고자수,사고유형,법규위반,노면상태,기상상태,도로형태,가해운전자 차종,가해운전자 성별,가해운전자 연령,가해운전자 상해정도,피해운전자 차종,피해운전자 성별,피해운전자 연령,피해운전자 상해정도
2023121800100181,2023년 12월 18일 10시,월요일,대전광역시 유성구 문지동,경상사고,0,0,1,0,차대차 - 기타,신호위반,건조,맑음,교차로 - 교차로안,화물,남,63세,상해없음,승용,남,35세,경상
2023121800100273,2023년 12월 18일 13시,월요일,대전광역시 대덕구 대화동,경상사고,0,0,2,0,차대차 - 측면충돌,기타,건조,맑음,단일로 - 기타,승용,남,49세,상해없음,승용,남,62세,경상
2023121800100274,2023년 12월 18일 13시,월요일,대전광역시 서구 탄방동,경상사고,0,0,4,0,차대차 - 추돌,안전운전불이행,건조,맑음,단일로 - 기타,승용,남,52세,상해없음,승용,남,35세,경상
2023121800100308,2023년 12월 18일 14시,월요일,대전광역시 대덕구 덕암동,사망사고,1,0,0,0,차대사람 - 기타,안전운전불이행,건조,맑음,교차로 - 교차로부근,승용,남,39세,상해없음,보행자,여,82세,사망
2023121800100339,2023년 12월 18일 15시,월요일,대전광역시 서구 만년동,경상사고,0,0,1,0,차대사람 - 보도통행중,중앙선침범,건조,맑음,단일로 - 기타,승용,여,56세,상해없음,보행자,남,37세,경상
2023121800100340,2023년 12월 18일 15시,월요일,대전광역시 유성구 지족동,경상사고,0,0,1,0,차대차 - 추돌,안전운전불이행,건조,맑음,주차장 - 주차장,승용,남,71세,상해없음,승용,남,38세,경상
2023121800100374,2023년 12월 18일 16시,월요일,대전광역시 대덕구 중리동,경상사고,0,0,2,0,차대차 - 측면충돌,안전운전불이행,건조,맑음,교차로 - 교차로부근,승용,남,55세,상해없음,화물,남,60세,경상
2023121800100375,2023년 12월 18일 16시,월요일,대전광역시 유성구 구암동,경상사고,0,0,1,0,차대차 - 추돌,신호위반,건조,맑음,교차로 - 교차로안,승용,남,77세,상해없음,승용,남,65세,경상
2023121800100422,2023년 12월 18일 17시,월요일,대전광역시 유성구 덕명동,경상사고,0,0,1,0,차대차 - 측면충돌,안전운전불이행,건조,맑음,단일로 - 기타,화물,남,46세,상해없음,이륜,남,35세,경상
2023121800100475,2023년 12월 18일 18시,월요일,대전광역시 서구 탄방동,경상사고,0,0,1,0,차대차 - 기타,안전운전불이행,건조,맑음,교차로 - 교차로안,승용,여,65세,상해없음,승용,여,58세,경상
2023121800100519,2023년 12월 18일 20시,월요일,대전광역시 서구 괴정동,중상사고,0,1,0,0,차대차 - 기타,기타,건조,맑음,단일로 - 기타,승용,남,28세,상해없음,승용,남,54세,중상
2023121800100520,2023년 12월 18일 20시,월요일,대전광역시 서구 도안동,경상사고,0,0,1,0,차대차 - 기타,안전운전불이행,건조,맑음,단일로 - 기타,승용,여,54세,상해없음,승용,남,51세,경상
2023121800100543,2023년 12월 18일 21시,월요일,대전광역시 중구 오류동,경상사고,0,0,1,0,차대차 - 기타,안전거리미확보,건조,맑음,단일로 - 기타,승용,남,30세,상해없음,이륜,남,29세,경상
2023121800100573,2023년 12월 18일 23시,월요일,대전광역시 유성구 구암동,경상사고,0,0,1,0,차대차 - 기타,신호위반,건조,맑음,교차로 - 교차로안,승용,남,34세,상해없음,승용,남,29세,경상
2023121900100019,2023년 12월 19일 01시,화요일,대전광역시 서구 둔산동,경상사고,0,0,1,0,차대차 - 추돌,안전운전불이행,건조,맑음,교차로 - 교차로안,승용,남,33세,상해없음,승용,남,29세,경상
2023121900100152,2023년 12월 19일 10시,화요일,대전광역시 유성구 상대동,경상사고,0,0,1,0,차대차 - 측면충돌,안전운전불이행,건조,맑음,기타 - 기타,승용,남,67세,상해없음,화물,남,30세,경상
2023121900100174,2023년 12월 19일 11시,화요일,대전광역시 중구 오류동,경상사고,0,0,2,0,차대차 - 기타,안전거리미확보,건조,맑음,단일로 - 기타,승용,남,80세,상해없음,승용,남,71세,경상
2023121900100330,2023년 12월 19일 16시,화요일,대전광역시 중구 옥계동,경상사고,0,0,1,0,차대차 - 측면충돌,안전거리미확보,건조,맑음,단일로 - 기타,승용,남,28세,상해없음,승용,남,70세,경상
2023121900100332,2023년 12월 19일 16시,화요일,대전광역시 유성구 전민동,경상사고,0,0,1,0,차대차 - 측면충돌,신호위반,건조,맑음,교차로 - 교차로안,원동기,남,31세,상해없음,자전거,남,11세,경상
2023121900100378,2023년 12월 19일 17시,화요일,대전광역시 서구 탄방동,경상사고,0,0,4,0,차대차 - 기타,안전운전불이행,건조,맑음,단일로 - 기타,승용,남,42세,상해없음,승합,남,63세,경상
2023121900100379,2023년 12월 19일 17시,화요일,대전광역시 유성구 화암동,경상사고,0,0,1,0,차대차 - 기타,안전거리미확보,건조,맑음,단일로 - 기타,승용,남,40세,상해없음,승용,여,59세,경상
2023121900100436,2023년 12월 19일 18시,화요일,대전광역시 유성구 방동,경상사고,0,0,1,0,차대차 - 기타,안전거리미확보,건조,맑음,단일로 - 기타,승용,여,62세,기타불명,승용,남,67세,경상
2023121900100511,2023년 12월 19일 21시,화요일,대전광역시 중구 부사동,경상사고,0,0,2,0,차대사람 - 기타,보행자보호의무위반,건조,맑음,교차로 - 교차로횡단보도내,승용,남,28세,상해없음,보행자,남,70세,경상
2023121900100526,2023년 12월 19일 22시,화요일,대전광역시 동구 용전동,중상사고,0,1,0,0,차대사람 - 차도통행중,안전운전불이행,건조,맑음,교차로 - 교차로안,이륜,남,38세,상해없음,보행자,남,50세,중상
2023121900100537,2023년 12월 19일 23시,화요일,대전광역시 중구 선화동,경상사고,0,0,5,0,차대차 - 기타,안전운전불이행,젖음/습기,눈,단일로 - 기타,승용,남,27세,경상,승용,남,24세,경상
2023121900100538,2023년 12월 19일 23시,화요일,대전광역시 서구 탄방동,경상사고,0,0,1,0,차대사람 - 기타,안전운전불이행,건조,맑음,단일로 - 기타,승용,남,55세,기타불명,보행자,남,34세,경상
2023122000100014,2023년 12월 20일 00시,수요일,대전광역시 중구 대흥동,경상사고,0,0,1,0,차대사람 - 기타,안전운전불이행,건조,맑음,단일로 - 기타,승용,남,19세,상해없음,보행자,남,23세,경상
2023122000100031,2023년 12월 20일 02시,수요일,대전광역시 서구 도안동,경상사고,0,0,1,0,차대사람 - 기타,안전운전불이행,건조,맑음,교차로 - 교차로안,승용,남,59세,기타불명,보행자,남,27세,경상
2023122000100037,2023년 12월 20일 04시,수요일,대전광역시 유성구 노은동,경상사고,0,0,5,0,차대차 - 기타,신호위반,건조,맑음,교차로 - 교차로안,승용,남,29세,상해없음,승용,남,32세,경상
2023122000100054,2023년 12월 20일 06시,수요일,대전광역시 서구 둔산동,경상사고,0,0,2,0,차대차 - 기타,중앙선침범,젖음/습기,눈,교차로 - 교차로부근,승용,남,25세,상해없음,화물,여,66세,경상
2023122000100078,2023년 12월 20일 07시,수요일,대전광역시 중구 대흥동,경상사고,0,0,2,0,차대차 - 측면충돌,교차로운행방법위반,건조,맑음,교차로 - 교차로안,승용,여,44세,상해없음,승용,남,61세,경상
2023122000100210,2023년 12월 20일 13시,수요일,대전광역시 중구 은행동,경상사고,0,0,1,0,차대차 - 측면충돌,신호위반,건조,맑음,교차로 - 교차로안,이륜,남,41세,기타불명,승용,남,69세,경상
2023122000100274,2023년 12월 20일 15시,수요일,대전광역시 유성구 반석동,경상사고,0,0,1,0,차대사람 - 횡단중,보행자보호의무위반,건조,맑음,단일로 - 기타,화물,여,57세,상해없음,보행자,여,25세,경상
2023122000100309,2023년 12월 20일 16시,수요일,대전광역시 중구 석교동,경상사고,0,0,1,0,차대차 - 기타,안전운전불이행,건조,맑음,단일로 - 기타,승용,남,59세,상해없음,승용,남,35세,경상
2023122000100310,2023년 12월 20일 16시,수요일,대전광역시 유성구 봉명동,경상사고,0,0,7,0,차대차 - 측면충돌,신호위반,건조,맑음,교차로 - 교차로횡단보도내,이륜,남,30세,상해없음,승합,남,39세,경상
2023122000100355,2023년 12월 20일 17시,수요일,대전광역시 서구 내동,경상사고,0,0,1,0,차대차 - 측면충돌,교차로운행방법위반,건조,맑음,교차로 - 교차로안,화물,남,25세,상해없음,이륜,남,43세,경상
2023122000100409,2023년 12월 20일 18시,수요일,대전광역시 서구 관저동,경상사고,0,0,1,0,차대차 - 측면충돌,안전운전불이행,건조,맑음,교차로 - 교차로안,이륜,남,56세,경상,승용,여,58세,상해없음
2023122000100410,2023년 12월 20일 18시,수요일,대전광역시 대덕구 중리동,중상사고,0,1,0,0,차대사람 - 횡단중,신호위반,건조,흐림,교차로 - 교차로횡단보도내,승용,여,62세,상해없음,보행자,여,58세,중상
2023122000100455,2023년 12월 20일 19시,수요일,대전광역시 유성구 봉명동,부상신고사고,0,0,0,1,차대차 - 추돌,안전거리미확보,건조,맑음,단일로 - 기타,승용,여,27세,상해없음,승용,여,40세,부상신고
2023122000100484,2023년 12월 20일 20시,수요일,대전광역시 서구 가수원동,경상사고,0,0,1,0,차대사람 - 횡단중,안전운전불이행,건조,맑음,단일로 - 기타,이륜,남,40세,상해없음,보행자,여,73세,경상
2023122000100485,2023년 12월 20일 20시,수요일,대전광역시 대덕구 신탄진동,중상사고,0,1,0,0,차대차 - 기타,불법유턴,젖음/습기,흐림,단일로 - 기타,승용,남,42세,상해없음,이륜,남,34세,중상
2023122000100537,2023년 12월 20일 22시,수요일,대전광역시 서구 변동,경상사고,0,0,1,0,차대차 - 기타,안전운전불이행,건조,맑음,기타 - 기타,승용,남,64세,상해없음,승용,여,29세,경상
2023122100100007,2023년 12월 21일 00시,목요일,대전광역시 서구 도안동,경상사고,0,0,2,0,차대차 - 추돌,안전운전불이행,건조,맑음,단일로 - 기타,승용,남,27세,상해없음,승용,남,63세,경상
2023122100100029,2023년 12월 21일 04시,목요일,대전광역시 유성구 용계동,경상사고,0,0,1,0,차대차 - 기타,안전거리미확보,젖음/습기,흐림,교차로 - 교차로부근,특수,남,51세,상해없음,승용,남,30세,경상
2023122100100057,2023년 12월 21일 06시,목요일,대전광역시 대덕구 오정동,중상사고,0,1,0,0,차대차 - 기타,안전운전불이행,건조,맑음,단일로 - 기타,승용,남,18세,상해없음,승용,여,55세,중상
2023122100100058,2023년 12월 21일 06시,목요일,대전광역시 유성구 관평동,경상사고,0,0,2,1,차대차 - 측면충돌,신호위반,건조,맑음,교차로 - 교차로안,승용,남,58세,부상신고,승합,남,33세,경상
2023122100100121,2023년 12월 21일 08시,목요일,대전광역시 동구 삼성동,경상사고,0,0,1,0,차대차 - 정면충돌,안전운전불이행,건조,맑음,교차로 - 교차로안,화물,남,44세,상해없음,승용,여,62세,경상
2023122100100122,2023년 12월 21일 08시,목요일,대전광역시 대덕구 석봉동,경상사고,0,0,1,0,차대차 - 정면충돌,신호위반,건조,맑음,교차로 - 교차로안,승용,여,59세,기타불명,승용,남,29세,경상
2023122100100215,2023년 12월 21일 11시,목요일,대전광역시 중구 문창동,경상사고,0,0,1,0,차대차 - 측면충돌,안전운전불이행,건조,맑음,단일로 - 기타,승용,남,68세,상해없음,화물,남,46세,경상
2023122100100216,2023년 12월 21일 11시,목요일,대전광역시 대덕구 읍내동,경상사고,0,0,3,1,차대차 - 추돌,안전운전불이행,건조,맑음,단일로 - 기타,화물,남,65세,기타불명,화물,남,65세,경상
2023122100100247,2023년 12월 21일 12시,목요일,대전광역시 유성구 관평동,중상사고,0,1,0,0,차대차 - 기타,교차로운행방법위반,건조,맑음,교차로 - 교차로안,승용,남,33세,상해없음,이륜,남,46세,중상
2023122100100283,2023년 12월 21일 13시,목요일,대전광역시 중구 산성동,경상사고,0,0,3,0,차대차 - 측면충돌,안전운전불이행,건조,맑음,단일로 - 기타,승용,여,48세,상해없음,승용,남,40세,경상
2023122100100284,2023년 12월 21일 13시,목요일,대전광역시 유성구 덕명동,경상사고,0,0,1,0,차대차 - 기타,안전운전불이행,건조,맑음,교차로 - 교차로부근,화물,남,62세,상해없음,승용,여,44세,경상
2023122100100319,2023년 12월 21일 14시,목요일,대전광역시 중구 부사동,경상사고,0,0,1,0,차대차 - 기타,안전운전불이행,건조,맑음,단일로 - 기타,승합,남,67세,기타불명,승용,남,23세,경상
2023122100100358,2023년 12월 21일 15시,목요일,대전광역시 중구 중촌동,경상사고,0,0,2,0,차대차 - 측면충돌,교차로운행방법위반,건조,맑음,교차로 - 교차로부근,승용,남,76세,상해없음,승용,남,29세,경상
2023122100100359,2023년 12월 21일 15시,목요일,대전광역시 동구 삼성동,경상사고,0,0,1,0,차대차 - 기타,안전운전불이행,건조,맑음,교차로 - 교차로안,승용,여,56세,상해없음,승용,남,52세,경상
2023122100100452,2023년 12월 21일 17시,목요일,대전광역시 유성구 가정동,경상사고,0,0,1,0,차대차 - 기타,안전운전불이행,건조,맑음,단일로 - 기타,이륜,남,26세,상해없음,승용,여,37세,경상
2023122100100502,2023년 12월 21일 18시,목요일,대전광역시 동구 가양동,경상사고,0,0,1,0,차대사람 - 횡단중,안전운전불이행,건조,맑음,교차로 - 교차로부근,승용,여,55세,상해없음,보행자,남,69세,경상
2023122100100503,2023년 12월 21일 18시,목요일,대전광역시 유성구 덕명동,부상신고사고,0,0,0,1,차대차 - 기타,안전운전불이행,건조,맑음,기타 - 기타,이륜,남,24세,상해없음,승용,여,40세,부상신고
2023122100100551,2023년 12월 21일 19시,목요일,대전광역시 서구 용문동,경상사고,0,0,1,0,차대차 - 기타,안전운전불이행,젖음/습기,맑음,기타 - 기타,승용,남,38세,상해없음,특수,남,39세,경상
2023122100100552,2023년 12월 21일 19시,목요일,대전광역시 유성구 송강동,경상사고,0,0,1,0,차대차 - 후진중충돌,안전운전불이행,건조,맑음,단일로 - 기타,승용,남,47세,상해없음,이륜,남,36세,경상
2023122100100588,2023년 12월 21일 20시,목요일,대전광역시 서구 괴정동,경상사고,0,0,1,0,차대차 - 측면충돌,안전운전불이행,건조,맑음,기타 - 기타,승용,남,38세,상해없음,승용,여,47세,경상
2023122100100651,2023년 12월 21일 22시,목요일,대전광역시 서구 월평동,경상사고,0,0,1,0,차대사람 - 기타,보행자보호의무위반,건조,맑음,단일로 - 기타,승용,남,32세,상해없음,보행자,여,57세,경상
2023122200100011,2023년 12월 22일 00시,금요일,대전광역시 유성구 관평동,부상신고사고,0,0,0,2,차대차 - 기타,안전운전불이행,기타,맑음,기타 - 기타,승용,남,49세,상해없음,승용,남,30세,부상신고
2023122200100040,2023년 12월 22일 03시,금요일,대전광역시 유성구 학하동,경상사고,0,0,1,0,차대차 - 추돌,신호위반,적설,눈,교차로 - 교차로안,승용,남,44세,상해없음,화물,남,60세,경상
2023122200100062,2023년 12월 22일 06시,금요일,대전광역시 서구 도마동,경상사고,0,0,1,0,차대차 - 측면충돌,안전거리미확보,건조,맑음,단일로 - 기타,화물,남,59세,상해없음,화물,남,61세,경상
2023122200100086,2023년 12월 22일 07시,금요일,대전광역시 유성구 죽동,경상사고,0,0,1,0,차대차 - 추돌,안전운전불이행,건조,맑음,단일로 - 기타,승용,남,23세,상해없음,승합,여,62세,경상
2023122200100119,2023년 12월 22일 08시,금요일,대전광역시 서구 용문동,경상사고,0,0,2,0,차대차 - 기타,신호위반,건조,맑음,교차로 - 교차로안,승용,남,55세,상해없음,승용,남,81세,경상
2023122200100120,2023년 12월 22일 08시,금요일,대전광역시 서구 갈마동,경상사고,0,0,2,0,차대사람 - 기타,안전운전불이행,건조,맑음,단일로 - 기타,승용,여,63세,상해없음,보행자,남,10세,경상
2023122200100158,2023년 12월 22일 09시,금요일,대전광역시 대덕구 대화동,경상사고,0,0,1,0,차대차 - 측면충돌,신호위반,건조,맑음,교차로 - 교차로안,승용,남,61세,상해없음,승용,남,30세,경상
2023122200100159,2023년 12월 22일 09시,금요일,대전광역시 유성구 반석동,경상사고,0,0,2,0,차대차 - 기타,안전거리미확보,건조,맑음,교차로 - 교차로부근,승용,여,37세,경상,화물,남,41세,경상
2023122200100232,2023년 12월 22일 11시,금요일,대전광역시 서구 괴정동,중상사고,0,1,0,0,차대사람 - 기타,안전운전불이행,건조,맑음,단일로 - 기타,개인형이동수단(PM),여,36세,상해없음,보행자,여,66세,중상
2023122200100269,2023년 12월 22일 12시,금요일,대전광역시 중구 대흥동,경상사고,0,0,1,0,차대사람 - 보도통행중,기타,건조,맑음,단일로 - 기타,개인형이동수단(PM),남,18세,상해없음,보행자,여,27세,경상
2023122200100310,2023년 12월 22일 13시,금요일,대전광역시 대덕구 오정동,경상사고,0,0,3,0,차대차 - 추돌,안전운전불이행,건조,맑음,단일로 - 기타,승용,여,50세,상해없음,승용,여,48세,경상
2023122200100311,2023년 12월 22일 13시,금요일,대전광역시 유성구 원신흥동,경상사고,0,0,1,0,차대차 - 추돌,신호위반,건조,맑음,교차로 - 교차로부근,승용,여,69세,상해없음,승용,여,48세,경상
2023122200100360,2023년 12월 22일 14시,금요일,대전광역시 중구 호동,중상사고,0,1,0,0,차대사람 - 기타,보행자보호의무위반,건조,맑음,교차로 - 교차로횡단보도내,화물,남,44세,상해없음,보행자,남,41세,중상
2023122200100361,2023년 12월 22일 14시,금요일,대전광역시 서구 둔산동,경상사고,0,0,1,0,차대차 - 기타,신호위반,건조,맑음,교차로 - 교차로안,승용,여,75세,상해없음,승용,남,51세,경상
2023122200100409,2023년 12월 22일 15시,금요일,대전광역시 동구 가오동,경상사고,0,0,2,0,차대차 - 측면충돌,안전운전불이행,건조,맑음,교차로 - 교차로부근,승용,남,52세,경상,특수,남,36세,경상
2023122200100452,2023년 12월 22일 16시,금요일,대전광역시 서구 둔산동,경상사고,0,0,1,0,차대사람 - 기타,신호위반,건조,맑음,교차로 - 교차로횡단보도내,승용,여,43세,상해없음,보행자,여,32세,경상
2023122200100453,2023년 12월 22일 16시,금요일,대전광역시 유성구 원내동,경상사고,0,0,3,0,차대차 - 기타,교차로운행방법위반,건조,맑음,교차로 - 교차로안,승용,여,35세,경상,승용,남,63세,경상
2023122200100454,2023년 12월 22일 16시,금요일,대전광역시 유성구 원내동,경상사고,0,0,1,0,차대사람 - 기타,안전운전불이행,건조,맑음,단일로 - 기타,화물,남,84세,상해없음,보행자,여,47세,경상
2023122200100493,2023년 12월 22일 17시,금요일,대전광역시 대덕구 신대동,경상사고,0,0,1,0,차대차 - 추돌,안전운전불이행,건조,맑음,기타 - 기타,기타불명,기타불명,미분류,기타불명,승용,여,47세,경상
2023122200100512,2023년 12월 22일 17시,금요일,대전광역시 동구 판암동,중상사고,0,1,0,0,차대사람 - 횡단중,보행자보호의무위반,건조,맑음,교차로 - 교차로횡단보도내,승용,여,64세,상해없음,보행자,여,77세,중상
2023122200100513,2023년 12월 22일 17시,금요일,대전광역시 서구 둔산동,중상사고,0,1,0,0,차대사람 - 기타,안전운전불이행,건조,맑음,교차로 - 교차로부근,승용,남,76세,상해없음,보행자,남,73세,중상
2023122200100514,2023년 12월 22일 17시,금요일,대전광역시 유성구 용산동,경상사고,0,0,1,0,차대차 - 측면충돌,안전운전불이행,건조,맑음,교차로 - 교차로안,승용,남,29세,상해없음,승용,여,54세,경상
2023122200100597,2023년 12월 22일 18시,금요일,대전광역시 서구 용문동,경상사고,0,0,1,0,차대차 - 측면충돌,안전운전불이행,건조,맑음,단일로 - 기타,승용,남,26세,상해없음,승용,여,28세,경상
2023122200100598,2023년 12월 22일 18시,금요일,대전광역시 서구 둔산동,경상사고,0,0,3,0,차대차 - 추돌,안전거리미확보,젖음/습기,흐림,교차로 - 교차로부근,승합,남,41세,기타불명,승용,여,45세,경상
2023122200100599,2023년 12월 22일 18시,금요일,대전광역시 유성구 원내동,경상사고,0,0,1,0,차대차 - 기타,안전거리미확보,건조,맑음,기타 - 기타,승용,여,19세,상해없음,이륜,남,26세,경상
2023122200100646,2023년 12월 22일 19시,금요일,대전광역시 서구 관저동,경상사고,0,0,1,0,차대사람 - 횡단중,보행자보호의무위반,건조,맑음,교차로 - 교차로횡단보도내,승용,남,66세,상해없음,보행자,여,55세,경상
2023122200100697,2023년 12월 22일 20시,금요일,대전광역시 동구 원동,경상사고,0,0,1,0,차대사람 - 횡단중,보행자보호의무위반,건조,맑음,단일로 - 기타,승용,여,47세,상해없음,보행자,남,59세,경상
2023122200100737,2023년 12월 22일 21시,금요일,대전광역시 유성구 원신흥동,경상사고,0,0,1,0,차대차 - 기타,안전운전불이행,건조,흐림,기타 - 기타,승용,남,57세,상해없음,승용,남,41세,경상
2023122200100769,2023년 12월 22일 22시,금요일,대전광역시 대덕구 석봉동,경상사고,0,0,1,0,차대사람 - 횡단중,보행자보호의무위반,건조,맑음,단일로 - 기타,승용,남,68세,상해없음,보행자,남,58세,경상
2023122200100770,2023년 12월 22일 22시,금요일,대전광역시 유성구 봉명동,경상사고,0,0,2,0,차대차 - 후진중충돌,안전운전불이행,건조,맑음,교차로 - 교차로안,승용,남,48세,기타불명,승용,여,26세,경상
2023122200100795,2023년 12월 22일 23시,금요일,대전광역시 서구 탄방동,경상사고,0,0,1,0,차대차 - 측면충돌,안전운전불이행,건조,맑음,단일로 - 기타,승용,남,51세,상해없음,승용,남,26세,경상
2023122300100025,2023년 12월 23일 00시,토요일,대전광역시 유성구 화암동,경상사고,0,0,1,0,차대차 - 측면충돌,안전운전불이행,건조,맑음,단일로 - 기타,승용,남,50세,기타불명,승용,남,61세,경상
2023122300100139,2023년 12월 23일 09시,토요일,대전광역시 중구 문창동,중상사고,0,1,1,0,차대차 - 기타,신호위반,건조,맑음,교차로 - 교차로안,승용,남,79세,상해없음,화물,남,63세,중상
2023122300100140,2023년 12월 23일 09시,토요일,대전광역시 서구 도마동,경상사고,0,0,1,0,차대차 - 기타,안전운전불이행,건조,맑음,교차로 - 교차로안,화물,남,55세,상해없음,승용,남,69세,상해없음
2023122300100212,2023년 12월 23일 11시,토요일,대전광역시 서구 둔산동,중상사고,0,1,0,0,차대차 - 기타,직진우회전진행방해,건조,맑음,교차로 - 교차로안,화물,여,62세,상해없음,승용,남,25세,중상
2023122300100213,2023년 12월 23일 11시,토요일,대전광역시 유성구 원신흥동,경상사고,0,0,1,0,차대차 - 측면충돌,안전운전불이행,건조,맑음,교차로 - 교차로안,승용,여,43세,상해없음,승용,남,23세,경상
2023122300100259,2023년 12월 23일 12시,토요일,대전광역시 서구 도마동,경상사고,0,0,5,0,차대차 - 기타,안전운전불이행,건조,맑음,단일로 - 기타,승용,여,62세,상해없음,승용,여,59세,경상
2023122300100332,2023년 12월 23일 14시,토요일,대전광역시 중구 석교동,부상신고사고,0,0,0,1,차대차 - 기타,안전운전불이행,건조,맑음,단일로 - 기타,이륜,남,74세,부상신고,승용,남,44세,상해없음
2023122300100333,2023년 12월 23일 14시,토요일,대전광역시 중구 용두동,부상신고사고,0,0,0,1,차대차 - 기타,안전운전불이행,건조,맑음,단일로 - 기타,승용,여,52세,상해없음,자전거,남,58세,부상신고
2023122300100369,2023년 12월 23일 15시,토요일,대전광역시 서구 갈마동,경상사고,0,0,2,1,차대차 - 기타,안전거리미확보,건조,맑음,단일로 - 기타,이륜,남,25세,경상,승용,여,35세,부상신고
2023122300100403,2023년 12월 23일 16시,토요일,대전광역시 대덕구 오정동,경상사고,0,0,1,0,차대차 - 기타,안전거리미확보,건조,맑음,단일로 - 기타,화물,남,63세,상해없음,이륜,남,19세,경상
2023122300100404,2023년 12월 23일 16시,토요일,대전광역시 유성구 궁동,중상사고,0,1,0,0,차대차 - 기타,안전운전불이행,건조,맑음,기타 - 기타,승용,남,31세,상해없음,승용,여,29세,중상
2023122300100405,2023년 12월 23일 16시,토요일,대전광역시 유성구 구암동,경상사고,0,0,1,0,차대차 - 측면충돌,안전거리미확보,건조,맑음,교차로 - 교차로부근,승용,여,54세,경상,승용,남,61세,상해없음
2023122300100452,2023년 12월 23일 17시,토요일,대전광역시 중구 대사동,경상사고,0,0,1,0,차대차 - 기타,안전운전불이행,건조,맑음,단일로 - 기타,원동기,남,64세,경상,승합,남,70세,상해없음
2023122300100453,2023년 12월 23일 17시,토요일,대전광역시 동구 신흥동,경상사고,0,0,1,0,차대차 - 추돌,안전운전불이행,건조,맑음,단일로 - 기타,승용,남,23세,상해없음,승용,남,50세,경상
2023122300100454,2023년 12월 23일 17시,토요일,대전광역시 서구 용문동,중상사고,0,1,0,0,차대사람 - 횡단중,안전운전불이행,건조,맑음,교차로 - 교차로부근,승용,남,20세,기타불명,보행자,여,88세,중상
2023122300100502,2023년 12월 23일 18시,토요일,대전광역시 동구 삼성동,경상사고,0,0,1,0,차대차 - 측면충돌,신호위반,젖음/습기,맑음,교차로 - 교차로안,승용,남,24세,상해없음,승용,남,44세,경상
2023122300100503,2023년 12월 23일 18시,토요일,대전광역시 서구 둔산동,경상사고,0,0,1,0,차대차 - 추돌,안전운전불이행,건조,맑음,단일로 - 기타,승용,남,67세,상해없음,승용,남,59세,경상
2023122300100504,2023년 12월 23일 18시,토요일,대전광역시 유성구 봉명동,경상사고,0,0,1,0,차대차 - 기타,신호위반,건조,맑음,교차로 - 교차로부근,승용,남,57세,상해없음,승합,남,41세,경상
2023122300100535,2023년 12월 23일 19시,토요일,대전광역시 서구 둔산동,경상사고,0,0,2,0,차대차 - 기타,안전거리미확보,건조,맑음,교차로 - 교차로부근,승용,남,65세,상해없음,이륜,남,24세,상해없음
2023122300100549,2023년 12월 23일 20시,토요일,대전광역시 대덕구 읍내동,중상사고,0,1,0,0,차대사람 - 기타,안전운전불이행,건조,맑음,기타 - 기타,화물,남,49세,상해없음,보행자,남,21세,중상
2023122300100608,2023년 12월 23일 22시,토요일,대전광역시 동구 가양동,부상신고사고,0,0,0,1,차대차 - 측면충돌,안전운전불이행,건조,맑음,단일로 - 기타,승용,남,61세,상해없음,이륜,남,34세,부상신고
2023122400100027,2023년 12월 24일 02시,일요일,대전광역시 유성구 봉명동,경상사고,0,0,1,0,차대차 - 기타,안전운전불이행,건조,맑음,기타 - 기타,승용,남,33세,상해없음,이륜,남,25세,경상
2023122400100061,2023년 12월 24일 08시,일요일,대전광역시 대덕구 중리동,경상사고,0,0,1,0,차대사람 - 횡단중,보행자보호의무위반,적설,눈,교차로 - 교차로횡단보도내,승용,남,54세,상해없음,보행자,여,26세,경상
2023122400100107,2023년 12월 24일 11시,일요일,대전광역시 유성구 장대동,경상사고,0,0,3,0,차대차 - 측면충돌,안전운전불이행,건조,맑음,단일로 - 기타,승용,남,74세,상해없음,승용,남,26세,경상
2023122400100136,2023년 12월 24일 12시,일요일,대전광역시 중구 문창동,경상사고,0,0,2,0,차대차 - 기타,신호위반,건조,맑음,단일로 - 기타,승용,남,59세,상해없음,화물,남,53세,경상
2023122400100137,2023년 12월 24일 12시,일요일,대전광역시 동구 삼성동,경상사고,0,0,1,0,차대차 - 측면충돌,안전운전불이행,건조,맑음,교차로 - 교차로안,승용,남,46세,상해없음,승용,남,55세,경상
2023122400100153,2023년 12월 24일 13시,일요일,대전광역시 서구 탄방동,중상사고,0,1,1,0,차대사람 - 보도통행중,기타,서리/결빙,맑음,기타 - 기타,승용,남,36세,상해없음,보행자,남,26세,경상
2023122400100154,2023년 12월 24일 13시,일요일,대전광역시 서구 갈마동,경상사고,0,0,1,0,차대사람 - 기타,안전운전불이행,건조,맑음,단일로 - 기타,승용,남,49세,상해없음,보행자,남,46세,경상
2023122400100175,2023년 12월 24일 14시,일요일,대전광역시 유성구 용계동,경상사고,0,0,2,0,차대차 - 기타,안전거리미확보,건조,맑음,교차로 - 교차로부근,이륜,남,46세,상해없음,승용,남,28세,경상