사고번호,사고일시,요일,시군구,사고내용,사망자수,중상자수,경상자수,부상신고자수,사고유형,법규위반,노면상태,기상상태,도로형태,가해운전자 차종,가해운전자 성별,가해운전자 연령,가해운전자 상해정도,피해운전자 차종,피해운전자 성별,피해운전자 연령,피해운전자 상해정도
2023122400100197,2023년 12월 24일 15시,일요일,대전광역시 중구 사정동,경상사고,0,0,1,0,차대사람 - 기타,안전운전불이행,건조,맑음,교차로 - 교차로안,승용,여,66세,상해없음,보행자,여,56세,경상
2023122400100198,2023년 12월 24일 15시,일요일,대전광역시 서구 탄방동,경상사고,0,0,2,0,차대차 - 기타,중앙선침범,건조,맑음,단일로 - 기타,승용,여,67세,기타불명,승용,남,40세,경상
2023122400100218,2023년 12월 24일 16시,일요일,대전광역시 유성구 노은동,중상사고,0,1,0,1,차대차 - 기타,안전운전불이행,건조,맑음,기타 - 기타,승용,남,68세,상해없음,승용,남,29세,부상신고
2023122400100318,2023년 12월 24일 20시,일요일,대전광역시 대덕구 상서동,경상사고,0,0,1,0,차대차 - 기타,안전운전불이행,젖음/습기,눈,기타 - 기타,승용,여,45세,상해없음,승용,남,24세,경상
2023122400100337,2023년 12월 24일 21시,일요일,대전광역시 동구 중동,경상사고,0,0,1,0,차대차 - 기타,안전운전불이행,건조,맑음,단일로 - 기타,승용,남,20세,상해없음,승용,여,55세,경상
2023122400100352,2023년 12월 24일 22시,일요일,대전광역시 중구 대흥동,경상사고,0,0,1,0,차대차 - 기타,안전운전불이행,서리/결빙,눈,단일로 - 기타,승용,여,60세,상해없음,승용,남,32세,경상
2023122500100009,2023년 12월 25일 00시,월요일,대전광역시 중구 용두동,경상사고,0,0,2,0,차대차 - 기타,안전운전불이행,건조,맑음,교차로 - 교차로부근,승용,남,42세,상해없음,승용,남,29세,경상
2023122500100010,2023년 12월 25일 00시,월요일,대전광역시 서구 둔산동,경상사고,0,0,1,0,차대차 - 기타,안전거리미확보,건조,맑음,단일로 - 기타,승용,여,42세,상해없음,화물,남,40세,경상
2023122500100011,2023년 12월 25일 00시,월요일,대전광역시 서구 만년동,경상사고,0,0,1,0,차대차 - 기타,신호위반,건조,맑음,교차로 - 교차로안,승용,남,29세,상해없음,승용,남,56세,경상
2023122500100073,2023년 12월 25일 09시,월요일,대전광역시 서구 둔산동,경상사고,0,0,1,0,차대차 - 측면충돌,교차로운행방법위반,젖음/습기,흐림,교차로 - 교차로안,승용,남,66세,상해없음,승용,남,29세,경상
2023122500100090,2023년 12월 25일 10시,월요일,대전광역시 서구 만년동,경상사고,0,0,2,0,차대차 - 측면충돌,신호위반,젖음/습기,눈,교차로 - 교차로안,승용,남,46세,상해없음,승용,남,52세,경상
2023122500100091,2023년 12월 25일 10시,월요일,대전광역시 유성구 장대동,중상사고,0,1,1,0,차대차 - 기타,안전거리미확보,건조,맑음,교차로 - 교차로부근,승용,남,54세,상해없음,이륜,남,53세,중상
2023122500100109,2023년 12월 25일 11시,월요일,대전광역시 서구 괴정동,경상사고,0,0,1,0,차대차 - 기타,안전운전불이행,건조,맑음,단일로 - 기타,승용,여,23세,상해없음,이륜,남,33세,경상
2023122500100137,2023년 12월 25일 12시,월요일,대전광역시 중구 산성동,경상사고,0,0,1,0,차대사람 - 기타,보행자보호의무위반,젖음/습기,맑음,단일로 - 기타,화물,남,64세,상해없음,보행자,남,22세,경상
2023122500100138,2023년 12월 25일 12시,월요일,대전광역시 유성구 용산동,경상사고,0,0,3,0,차대차 - 기타,안전운전불이행,건조,맑음,주차장 - 주차장,승용,여,27세,상해없음,승용,남,33세,경상
2023122500100162,2023년 12월 25일 13시,월요일,대전광역시 동구 구도동,경상사고,0,0,1,0,차대차 - 정면충돌,신호위반,건조,흐림,교차로 - 교차로부근,승용,여,60세,기타불명,승용,남,53세,경상
2023122500100246,2023년 12월 25일 17시,월요일,대전광역시 서구 월평동,중상사고,0,1,0,0,차대차 - 기타,안전운전불이행,건조,맑음,교차로 - 교차로안,승용,남,50세,상해없음,이륜,남,48세,중상
2023122500100247,2023년 12월 25일 17시,월요일,대전광역시 서구 탄방동,경상사고,0,0,1,0,차대차 - 기타,안전운전불이행,건조,맑음,단일로 - 기타,승용,남,45세,상해없음,이륜,남,24세,경상
2023122500100276,2023년 12월 25일 18시,월요일,대전광역시 대덕구 오정동,경상사고,0,0,1,0,차대차 - 기타,안전운전불이행,건조,맑음,교차로 - 교차로부근,승용,남,28세,상해없음,이륜,남,28세,경상
2023122500100300,2023년 12월 25일 19시,월요일,대전광역시 중구 대흥동,경상사고,0,0,1,0,차대차 - 측면충돌,교차로운행방법위반,건조,맑음,교차로 - 교차로안,승용,여,29세,상해없음,승용,여,32세,경상
2023122500100301,2023년 12월 25일 19시,월요일,대전광역시 중구 대흥동,경상사고,0,0,2,0,차대차 - 기타,안전운전불이행,건조,맑음,단일로 - 기타,승용,남,61세,상해없음,이륜,남,26세,경상
2023122500100322,2023년 12월 25일 20시,월요일,대전광역시 중구 대사동,경상사고,0,0,1,0,차대차 - 기타,안전운전불이행,건조,맑음,단일로 - 기타,승용,여,58세,상해없음,승용,여,61세,경상
2023122500100323,2023년 12월 25일 20시,월요일,대전광역시 중구 오류동,경상사고,0,0,3,0,차량단독 - 공작물충돌,안전운전불이행,건조,맑음,단일로 - 기타,승용,남,44세,상해없음,,,,
2023122500100347,2023년 12월 25일 22시,월요일,대전광역시 서구 도안동,경상사고,0,0,3,0,차대차 - 정면충돌,신호위반,건조,맑음,교차로 - 교차로안,승용,남,67세,상해없음,승용,남,39세,경상
2023122600100019,2023년 12월 26일 01시,화요일,대전광역시 유성구 자운동,경상사고,0,0,1,0,차대차 - 추돌,안전운전불이행,건조,맑음,단일로 - 기타,승용,남,22세,상해없음,승용,남,35세,경상
2023122600100070,2023년 12월 26일 07시,화요일,대전광역시 중구 태평동,중상사고,0,1,0,0,차대차 - 기타,교차로운행방법위반,건조,맑음,교차로 - 교차로안,승용,남,72세,상해없음,자전거,여,62세,중상
2023122600100106,2023년 12월 26일 08시,화요일,대전광역시 서구 도마동,경상사고,0,0,1,0,차대차 - 측면충돌,안전운전불이행,건조,맑음,단일로 - 기타,승용,여,66세,상해없음,승용,남,34세,경상
2023122600100230,2023년 12월 26일 12시,화요일,대전광역시 동구 판암동,경상사고,0,0,1,0,차량단독 - 기타,안전거리미확보,건조,맑음,단일로 - 지하차도(도로)내,승합,남,34세,상해없음,,,,
2023122600100265,2023년 12월 26일 13시,화요일,대전광역시 중구 유천동,경상사고,0,0,1,0,차대차 - 기타,교차로운행방법위반,건조,맑음,교차로 - 교차로안,승용,여,50세,상해없음,이륜,남,17세,경상
2023122600100266,2023년 12월 26일 13시,화요일,대전광역시 대덕구 송촌동,경상사고,0,0,1,0,차대차 - 기타,안전운전불이행,건조,맑음,교차로 - 교차로안,승용,여,24세,상해없음,이륜,남,51세,경상
2023122600100303,2023년 12월 26일 14시,화요일,대전광역시 서구 관저동,중상사고,0,1,1,0,차대차 - 추돌,안전거리미확보,건조,맑음,교차로 - 교차로부근,승합,남,41세,상해없음,승용,남,73세,중상
2023122600100341,2023년 12월 26일 15시,화요일,대전광역시 동구 대별동,경상사고,0,0,1,0,차대사람 - 횡단중,안전운전불이행,건조,맑음,단일로 - 기타,승용,남,32세,상해없음,보행자,남,71세,경상
2023122600100342,2023년 12월 26일 15시,화요일,대전광역시 서구 괴정동,경상사고,0,0,1,0,차대차 - 기타,안전거리미확보,건조,맑음,기타 - 기타,승용,남,82세,상해없음,승용,남,22세,경상
2023122600100343,2023년 12월 26일 15시,화요일,대전광역시 대덕구 신탄진동,경상사고,0,0,2,0,차대차 - 추돌,안전운전불이행,건조,맑음,단일로 - 기타,승용,남,68세,상해없음,승용,여,32세,경상
2023122600100344,2023년 12월 26일 15시,화요일,대전광역시 유성구 도룡동,경상사고,0,0,1,0,차대차 - 기타,안전운전불이행,건조,맑음,단일로 - 기타,승용,여,29세,기타불명,승용,여,32세,경상
2023122600100381,2023년 12월 26일 16시,화요일,대전광역시 중구 유천동,경상사고,0,0,1,0,차대차 - 기타,안전운전불이행,건조,맑음,단일로 - 기타,승용,남,67세,상해없음,승용,여,24세,경상
2023122600100382,2023년 12월 26일 16시,화요일,대전광역시 서구 갈마동,경상사고,0,0,2,0,차대차 - 측면충돌,안전운전불이행,건조,맑음,교차로 - 교차로부근,승용,여,40세,상해없음,승용,남,32세,경상
2023122600100383,2023년 12월 26일 16시,화요일,대전광역시 서구 둔산동,중상사고,0,1,0,0,차대사람 - 횡단중,보행자보호의무위반,건조,맑음,교차로 - 교차로횡단보도내,승용,남,46세,상해없음,보행자,남,52세,중상
2023122600100384,2023년 12월 26일 16시,화요일,대전광역시 유성구 봉명동,경상사고,0,0,1,0,차대사람 - 기타,안전운전불이행,건조,맑음,단일로 - 기타,승용,여,66세,상해없음,보행자,남,38세,경상
2023122600100430,2023년 12월 26일 17시,화요일,대전광역시 중구 대흥동,경상사고,0,0,2,0,차대차 - 기타,안전운전불이행,건조,맑음,단일로 - 기타,승용,여,68세,상해없음,승용,남,41세,경상
2023122600100431,2023년 12월 26일 17시,화요일,대전광역시 동구 낭월동,경상사고,0,0,1,0,차대차 - 기타,중앙선침범,젖음/습기,맑음,단일로 - 기타,승용,여,37세,상해없음,화물,남,52세,경상
2023122600100432,2023년 12월 26일 17시,화요일,대전광역시 유성구 장대동,중상사고,0,1,0,0,차대차 - 측면충돌,안전거리미확보,건조,맑음,교차로 - 교차로부근,승용,여,47세,기타불명,화물,남,28세,중상
2023122600100433,2023년 12월 26일 17시,화요일,대전광역시 유성구 봉명동,중상사고,0,1,0,0,차대차 - 기타,신호위반,건조,맑음,단일로 - 기타,승용,남,70세,기타불명,이륜,남,47세,중상
2023122600100539,2023년 12월 26일 19시,화요일,대전광역시 서구 갈마동,경상사고,0,0,1,0,차대차 - 기타,안전운전불이행,건조,맑음,교차로 - 교차로안,승용,남,25세,상해없음,이륜,남,52세,경상
2023122700100036,2023년 12월 27일 05시,수요일,대전광역시 서구 둔산동,중상사고,0,1,0,0,차대차 - 기타,안전운전불이행,건조,맑음,교차로 - 교차로부근,승용,남,63세,상해없음,자전거,남,67세,중상
2023122700100048,2023년 12월 27일 06시,수요일,대전광역시 서구 갈마동,중상사고,0,1,2,0,차대차 - 정면충돌,신호위반,건조,맑음,교차로 - 교차로안,승용,남,68세,상해없음,승용,여,51세,중상
2023122700100101,2023년 12월 27일 08시,수요일,대전광역시 대덕구 비래동,중상사고,0,2,0,0,차대차 - 추돌,안전운전불이행,건조,맑음,단일로 - 터널,화물,남,58세,상해없음,화물,남,63세,중상
2023122700100120,2023년 12월 27일 08시,수요일,대전광역시 서구 둔산동,경상사고,0,0,1,0,차대차 - 측면충돌,신호위반,건조,맑음,단일로 - 기타,승용,남,70세,상해없음,승용,남,23세,경상
2023122700100158,2023년 12월 27일 09시,수요일,대전광역시 대덕구 대화동,경상사고,0,0,1,0,차대차 - 기타,기타,건조,맑음,단일로 - 기타,승용,남,35세,상해없음,승용,남,26세,경상
2023122700100159,2023년 12월 27일 09시,수요일,대전광역시 서구 둔산동,경상사고,0,0,1,0,차대차 - 측면충돌,안전운전불이행,건조,맑음,교차로 - 교차로안,화물,남,70세,상해없음,승용,남,48세,경상
2023122700100160,2023년 12월 27일 09시,수요일,대전광역시 유성구 상대동,경상사고,0,0,1,0,차대차 - 추돌,안전거리미확보,젖음/습기,맑음,교차로 - 교차로부근,승용,남,38세,상해없음,승용,여,54세,경상
2023122700100236,2023년 12월 27일 11시,수요일,대전광역시 중구 선화동,경상사고,0,0,1,0,차대차 - 기타,안전운전불이행,건조,맑음,교차로 - 교차로부근,승용,남,55세,상해없음,승용,여,57세,경상
2023122700100237,2023년 12월 27일 11시,수요일,대전광역시 유성구 어은동,경상사고,0,0,2,0,차대사람 - 보도통행중,보행자보호의무위반,건조,맑음,교차로 - 교차로횡단보도내,승용,여,32세,상해없음,보행자,여,45세,경상
2023122700100268,2023년 12월 27일 12시,수요일,대전광역시 대덕구 신일동,중상사고,0,1,0,0,차량단독 - 기타,안전운전불이행,건조,맑음,단일로 - 고가도로위,승합,남,63세,상해없음,,,,
2023122700100269,2023년 12월 27일 12시,수요일,대전광역시 유성구 관평동,경상사고,0,0,1,0,차대사람 - 기타,보행자보호의무위반,건조,맑음,교차로 - 교차로횡단보도내,승용,남,59세,상해없음,보행자,남,30세,경상
2023122700100270,2023년 12월 27일 12시,수요일,대전광역시 유성구 관평동,경상사고,0,0,3,0,차대차 - 측면충돌,안전운전불이행,건조,맑음,교차로 - 교차로안,이륜,남,55세,기타불명,승용,여,34세,경상
2023122700100362,2023년 12월 27일 15시,수요일,대전광역시 중구 은행동,경상사고,0,0,1,0,차대차 - 기타,안전운전불이행,건조,맑음,단일로 - 기타,승용,남,53세,상해없음,화물,남,64세,경상
2023122700100363,2023년 12월 27일 15시,수요일,대전광역시 동구 소제동,경상사고,0,0,2,0,차대차 - 기타,교차로운행방법위반,건조,맑음,교차로 - 교차로안,승용,남,64세,상해없음,승용,여,52세,경상
2023122700100364,2023년 12월 27일 15시,수요일,대전광역시 서구 갈마동,경상사고,0,0,1,0,차대사람 - 기타,안전운전불이행,건조,맑음,교차로 - 교차로부근,승용,여,47세,기타불명,보행자,남,25세,경상
2023122700100407,2023년 12월 27일 16시,수요일,대전광역시 서구 관저동,경상사고,0,0,1,0,차대차 - 후진중충돌,안전운전불이행,건조,맑음,단일로 - 기타,화물,남,59세,상해없음,승용,남,33세,경상
2023122700100408,2023년 12월 27일 16시,수요일,대전광역시 서구 월평동,경상사고,0,0,1,0,차대사람 - 기타,안전운전불이행,건조,맑음,교차로 - 교차로부근,승용,남,58세,상해없음,보행자,여,81세,경상
2023122700100517,2023년 12월 27일 18시,수요일,대전광역시 중구 옥계동,경상사고,0,0,1,0,차대차 - 기타,안전운전불이행,건조,맑음,교차로 - 교차로안,승합,남,68세,상해없음,이륜,남,40세,경상
2023122700100518,2023년 12월 27일 18시,수요일,대전광역시 서구 괴정동,경상사고,0,0,1,0,차대사람 - 기타,안전운전불이행,건조,맑음,기타 - 기타,개인형이동수단(PM),남,20세,상해없음,보행자,여,43세,경상
2023122700100549,2023년 12월 27일 19시,수요일,대전광역시 유성구 원내동,중상사고,0,1,1,0,차대차 - 추돌,안전운전불이행,건조,맑음,교차로 - 교차로부근,화물,남,77세,기타불명,승용,여,48세,중상
2023122700100591,2023년 12월 27일 20시,수요일,대전광역시 유성구 봉명동,경상사고,0,0,1,0,차대차 - 기타,안전운전불이행,건조,맑음,교차로 - 교차로부근,승용,남,58세,상해없음,이륜,남,47세,경상
2023122700100652,2023년 12월 27일 23시,수요일,대전광역시 중구 용두동,중상사고,0,1,0,0,차대차 - 기타,교차로운행방법위반,건조,맑음,교차로 - 교차로안,승용,남,57세,상해없음,승용,여,24세,상해없음
2023122800100015,2023년 12월 28일 01시,목요일,대전광역시 유성구 봉명동,경상사고,0,0,2,0,차대차 - 추돌,안전운전불이행,건조,맑음,기타 - 기타,승용,남,41세,기타불명,승용,남,60세,경상
2023122800100027,2023년 12월 28일 05시,목요일,대전광역시 서구 가수원동,경상사고,0,0,1,0,차대사람 - 보도통행중,안전운전불이행,건조,맑음,교차로 - 교차로부근,승용,남,62세,상해없음,보행자,여,57세,경상
2023122800100105,2023년 12월 28일 08시,목요일,대전광역시 서구 탄방동,경상사고,0,0,1,0,차대차 - 추돌,안전운전불이행,건조,맑음,교차로 - 교차로부근,승용,여,35세,상해없음,승용,여,47세,경상
2023122800100107,2023년 12월 28일 08시,목요일,대전광역시 유성구 둔곡동,중상사고,0,1,0,1,차대차 - 기타,안전운전불이행,건조,맑음,교차로 - 교차로부근,승용,남,52세,상해없음,승용,남,78세,중상
2023122800100172,2023년 12월 28일 11시,목요일,대전광역시 서구 탄방동,경상사고,0,0,1,0,차대차 - 기타,안전운전불이행,건조,맑음,교차로 - 교차로안,화물,남,35세,상해없음,승합,남,55세,상해없음
2023122800100210,2023년 12월 28일 12시,목요일,대전광역시 대덕구 대화동,경상사고,0,0,1,0,차대사람 - 기타,교차로운행방법위반,건조,맑음,교차로 - 교차로안,승용,남,67세,상해없음,보행자,여,56세,경상
2023122800100278,2023년 12월 28일 14시,목요일,대전광역시 서구 탄방동,경상사고,0,0,1,0,차대차 - 기타,안전운전불이행,건조,맑음,교차로 - 교차로횡단보도내,승용,남,41세,상해없음,자전거,남,82세,경상
2023122800100307,2023년 12월 28일 15시,목요일,대전광역시 서구 갈마동,경상사고,0,0,1,0,차대차 - 추돌,안전운전불이행,건조,맑음,단일로 - 기타,승용,남,25세,상해없음,승용,남,53세,경상
2023122800100337,2023년 12월 28일 16시,목요일,대전광역시 중구 문화동,경상사고,0,0,1,0,차대차 - 기타,안전거리미확보,건조,흐림,단일로 - 기타,화물,남,74세,상해없음,승용,여,63세,경상
2023122800100391,2023년 12월 28일 17시,목요일,대전광역시 서구 도안동,경상사고,0,0,1,3,차대차 - 추돌,안전운전불이행,건조,맑음,단일로 - 기타,화물,남,58세,상해없음,승용,여,41세,경상
2023122800100392,2023년 12월 28일 17시,목요일,대전광역시 서구 둔산동,경상사고,0,0,1,0,차대차 - 기타,안전운전불이행,건조,맑음,단일로 - 기타,승용,남,50세,상해없음,자전거,남,64세,경상
2023122800100393,2023년 12월 28일 17시,목요일,대전광역시 유성구 원신흥동,부상신고사고,0,0,0,1,차대차 - 기타,안전운전불이행,건조,기타,기타 - 기타,이륜,남,17세,기타불명,이륜,남,17세,부상신고
2023122800100443,2023년 12월 28일 18시,목요일,대전광역시 동구 삼성동,경상사고,0,0,1,0,차대차 - 후진중충돌,안전운전불이행,건조,맑음,교차로 - 교차로안,화물,남,55세,상해없음,이륜,남,53세,경상
2023122800100444,2023년 12월 28일 18시,목요일,대전광역시 서구 둔산동,경상사고,0,0,1,0,차대차 - 기타,중앙선침범,건조,맑음,단일로 - 기타,승용,여,25세,상해없음,승용,남,43세,경상
2023122800100482,2023년 12월 28일 19시,목요일,대전광역시 동구 가오동,경상사고,0,0,1,0,차대차 - 정면충돌,신호위반,건조,맑음,교차로 - 교차로부근,승용,남,62세,상해없음,이륜,남,32세,경상
2023122800100483,2023년 12월 28일 19시,목요일,대전광역시 유성구 봉명동,경상사고,0,0,3,0,차대차 - 기타,안전거리미확보,젖음/습기,흐림,기타 - 기타,승용,남,68세,상해없음,승용,남,66세,상해없음
2023122800100512,2023년 12월 28일 20시,목요일,대전광역시 유성구 지족동,경상사고,0,0,1,0,차대차 - 측면충돌,안전운전불이행,건조,맑음,교차로 - 교차로안,승용,여,53세,상해없음,이륜,남,72세,경상
2023122800100534,2023년 12월 28일 21시,목요일,대전광역시 유성구 봉명동,경상사고,0,0,1,0,차대차 - 측면충돌,안전거리미확보,건조,맑음,교차로 - 교차로부근,승용,여,43세,기타불명,이륜,남,45세,경상
2023122900100010,2023년 12월 29일 00시,금요일,대전광역시 유성구 학하동,부상신고사고,0,0,0,2,차대차 - 기타,신호위반,건조,맑음,교차로 - 교차로안,승용,남,29세,상해없음,승용,남,70세,부상신고
2023122900100031,2023년 12월 29일 02시,금요일,대전광역시 유성구 노은동,경상사고,0,0,1,0,차대차 - 추돌,안전운전불이행,건조,맑음,교차로 - 교차로부근,승용,여,52세,상해없음,승용,여,26세,경상
2023122900100215,2023년 12월 29일 11시,금요일,대전광역시 대덕구 신대동,경상사고,0,0,3,0,차대차 - 추돌,안전운전불이행,건조,맑음,단일로 - 기타,화물,남,28세,상해없음,승용,남,32세,경상
2023122900100290,2023년 12월 29일 13시,금요일,대전광역시 서구 관저동,경상사고,0,0,2,0,차대차 - 추돌,안전거리미확보,건조,맑음,단일로 - 기타,승합,남,75세,상해없음,승용,남,25세,경상
2023122900100291,2023년 12월 29일 13시,금요일,대전광역시 대덕구 신대동,경상사고,0,0,2,2,차대차 - 추돌,안전거리미확보,건조,맑음,단일로 - 고가도로위,승용,남,42세,상해없음,승용,여,46세,경상
2023122900100332,2023년 12월 29일 14시,금요일,대전광역시 서구 관저동,경상사고,0,0,1,0,차대사람 - 기타,신호위반,건조,맑음,교차로 - 교차로횡단보도내,승용,여,62세,기타불명,보행자,남,70세,경상
2023122900100333,2023년 12월 29일 14시,금요일,대전광역시 대덕구 법동,경상사고,0,0,1,0,차량단독 - 기타,안전운전불이행,건조,맑음,단일로 - 기타,승합,남,48세,상해없음,,,,
2023122900100376,2023년 12월 29일 15시,금요일,대전광역시 중구 태평동,경상사고,0,0,1,0,차대차 - 기타,안전운전불이행,건조,맑음,교차로 - 교차로횡단보도내,승용,남,74세,상해없음,자전거,여,14세,경상
2023122900100377,2023년 12월 29일 15시,금요일,대전광역시 서구 가수원동,경상사고,0,0,3,0,차대차 - 기타,신호위반,건조,맑음,단일로 - 기타,승용,여,45세,상해없음,승용,남,52세,경상
2023122900100461,2023년 12월 29일 17시,금요일,대전광역시 동구 자양동,중상사고,0,1,0,0,차대사람 - 보도통행중,보행자보호의무위반,건조,맑음,교차로 - 교차로안,승용,남,57세,상해없음,보행자,여,67세,중상
2023122900100462,2023년 12월 29일 17시,금요일,대전광역시 서구 갈마동,경상사고,0,0,1,0,차대차 - 측면충돌,안전운전불이행,건조,흐림,단일로 - 기타,승용,여,58세,기타불명,이륜,남,30세,경상
2023122900100463,2023년 12월 29일 17시,금요일,대전광역시 서구 탄방동,경상사고,0,0,2,0,차대차 - 추돌,안전운전불이행,건조,맑음,단일로 - 기타,승용,남,38세,상해없음,승용,여,29세,경상
2023122900100533,2023년 12월 29일 18시,금요일,대전광역시 중구 선화동,경상사고,0,0,1,0,차대차 - 기타,안전거리미확보,건조,맑음,교차로 - 교차로부근,승용,여,45세,상해없음,승합,남,31세,경상
2023122900100622,2023년 12월 29일 20시,금요일,대전광역시 동구 낭월동,경상사고,0,0,1,0,차대사람 - 횡단중,신호위반,건조,맑음,교차로 - 교차로횡단보도내,승용,여,56세,상해없음,보행자,여,68세,경상
2023122900100623,2023년 12월 29일 20시,금요일,대전광역시 동구 자양동,경상사고,0,0,1,0,차대차 - 측면충돌,교차로운행방법위반,건조,맑음,교차로 - 교차로안,승합,남,69세,상해없음,승용,남,54세,경상
2023122900100624,2023년 12월 29일 20시,금요일,대전광역시 서구 둔산동,경상사고,0,0,1,0,차대사람 - 기타,보행자보호의무위반,건조,맑음,단일로 - 기타,원동기,남,24세,상해없음,보행자,여,32세,경상
2023123000100066,2023년 12월 30일 06시,토요일,대전광역시 동구 삼성동,경상사고,0,0,1,0,차대차 - 추돌,안전운전불이행,건조,맑음,단일로 - 기타,승용,남,27세,상해없음,승용,남,56세,경상
2023123000100097,2023년 12월 30일 09시,토요일,대전광역시 동구 가양동,경상사고,0,0,1,0,차대차 - 측면충돌,안전운전불이행,건조,맑음,단일로 - 기타,승용,남,81세,상해없음,승용,여,55세,경상
2023123000100168,2023년 12월 30일 11시,토요일,대전광역시 대덕구 읍내동,경상사고,0,0,2,0,차대차 - 기타,안전운전불이행,건조,맑음,단일로 - 기타,승용,남,53세,상해없음,승용,남,31세,경상
2023123000100317,2023년 12월 30일 15시,토요일,대전광역시 대덕구 법동,경상사고,0,0,1,0,차대차 - 측면충돌,안전운전불이행,건조,맑음,기타 - 기타,승용,남,40세,상해없음,승용,여,37세,경상
2023123000100343,2023년 12월 30일 16시,토요일,대전광역시 동구 판암동,중상사고,0,1,0,0,차대사람 - 차도통행중,안전운전불이행,건조,맑음,교차로 - 교차로안,화물,남,41세,상해없음,보행자,남,80세,중상
2023123000100364,2023년 12월 30일 17시,토요일,대전광역시 중구 유천동,중상사고,0,1,0,0,차대사람 - 기타,안전운전불이행,건조,맑음,기타 - 기타,승용,남,49세,상해없음,보행자,여,63세,중상
2023123000100365,2023년 12월 30일 17시,토요일,대전광역시 대덕구 석봉동,경상사고,0,0,2,0,차대차 - 측면충돌,안전거리미확보,젖음/습기,비,단일로 - 기타,승용,여,71세,기타불명,승용,남,29세,경상
2023123000100397,2023년 12월 30일 18시,토요일,대전광역시 서구 도마동,경상사고,0,0,1,0,차대사람 - 횡단중,안전운전불이행,건조,맑음,단일로 - 기타,승용,남,66세,상해없음,보행자,여,65세,경상
2023123000100398,2023년 12월 30일 18시,토요일,대전광역시 서구 월평동,경상사고,0,0,1,0,차대차 - 측면충돌,신호위반,건조,맑음,교차로 - 교차로안,화물,남,34세,상해없음,승용,여,58세,경상
2023123000100421,2023년 12월 30일 19시,토요일,대전광역시 유성구 구암동,경상사고,0,0,4,0,차대차 - 기타,안전운전불이행,젖음/습기,비,기타 - 기타,승용,여,38세,상해없음,승용,남,48세,경상
2023123000100475,2023년 12월 30일 22시,토요일,대전광역시 중구 산성동,경상사고,0,0,1,0,차대차 - 기타,안전운전불이행,젖음/습기,흐림,기타 - 기타,승합,남,59세,상해없음,이륜,남,54세,경상
2023123000100490,2023년 12월 30일 23시,토요일,대전광역시 서구 내동,경상사고,0,0,2,0,차대차 - 측면충돌,안전운전불이행,젖음/습기,비,단일로 - 기타,승용,남,42세,상해없음,승용,여,70세,경상
2023123100100014,2023년 12월 31일 01시,일요일,대전광역시 서구 관저동,경상사고,0,0,1,0,차대차 - 측면충돌,신호위반,건조,흐림,교차로 - 교차로횡단보도내,승용,남,31세,상해없음,승용,남,62세,경상
2023123100100087,2023년 12월 31일 11시,일요일,대전광역시 중구 문화동,경상사고,0,0,1,0,차대사람 - 기타,안전운전불이행,건조,맑음,단일로 - 기타,승합,여,64세,상해없음,보행자,여,52세,경상
2023123100100111,2023년 12월 31일 12시,일요일,대전광역시 유성구 궁동,경상사고,0,0,3,0,차대차 - 측면충돌,안전거리미확보,젖음/습기,흐림,단일로 - 기타,승용,여,59세,상해없음,승용,남,73세,경상
2023123100100135,2023년 12월 31일 13시,일요일,대전광역시 유성구 궁동,경상사고,0,0,2,0,차대차 - 기타,안전거리미확보,건조,맑음,기타 - 기타,승용,남,70세,상해없음,승용,남,38세,경상
2023123100100200,2023년 12월 31일 16시,일요일,대전광역시 서구 괴정동,경상사고,0,0,1,0,차대차 - 기타,안전운전불이행,건조,맑음,단일로 - 기타,이륜,남,40세,상해없음,승용,남,22세,경상
2023123100100201,2023년 12월 31일 16시,일요일,대전광역시 서구 둔산동,경상사고,0,0,1,0,차대차 - 기타,안전거리미확보,건조,맑음,단일로 - 기타,승용,남,59세,상해없음,이륜,남,53세,경상
2023123100100224,2023년 12월 31일 17시,일요일,대전광역시 유성구 봉명동,경상사고,0,0,3,0,차대차 - 기타,안전운전불이행,건조,맑음,기타 - 기타,승용,남,55세,상해없음,승용,남,20세,경상
2023123100100284,2023년 12월 31일 20시,일요일,대전광역시 서구 괴정동,중상사고,0,1,0,0,차대사람 - 기타,안전운전불이행,건조,맑음,교차로 - 교차로부근,승용,남,52세,상해없음,보행자,남,60세,중상
2023123100100285,2023년 12월 31일 20시,일요일,대전광역시 유성구 복용동,경상사고,0,0,1,0,차대차 - 측면충돌,교차로운행방법위반,건조,맑음,교차로 - 교차로횡단보도내,승용,여,61세,상해없음,승용,남,49세,경상
2023123100100323,2023년 12월 31일 22시,일요일,대전광역시 동구 중동,경상사고,0,0,3,0,차대차 - 측면충돌,신호위반,건조,맑음,교차로 - 교차로안,승용,여,55세,상해없음,승용,남,25세,경상